<?xml version='1.0' encoding='UTF-8' standalone='no'?>
<section xmlns="http://docbook.org/ns/docbook" version="5.0" xmlns:xlink="http://www.w3.org/1999/xlink" xml:id="__sparse_array_8h" xml:lang="en-US">
<title>C:/Users/mathh/GitHub/Molecular-Spintronics-Research-Project/MSD Research Project - Latest Development Version/src/SparseArray.h File Reference</title>
<indexterm><primary>C:/Users/mathh/GitHub/Molecular-Spintronics-Research-Project/MSD Research Project - Latest Development Version/src/SparseArray.h</primary></indexterm>
<programlisting linenumbering="unnumbered">#include &lt;stdexcept&gt;<?linebreak?></programlisting><simplesect>
    <title>Classes    </title>
        <itemizedlist>
            <listitem><para>struct <link linkend="_structudc_1_1_sparse_array_value">udc::SparseArrayValue&lt; T &gt;</link></para>
</listitem>
            <listitem><para>class <link linkend="_classudc_1_1_sparse_array">udc::SparseArray&lt; T &gt;</link></para>
</listitem>
        </itemizedlist>
</simplesect>
<simplesect>
    <title>Namespaces    </title>
        <itemizedlist>
            <listitem><para>namespace <link linkend="_namespaceudc">udc</link></para>
</listitem>
        </itemizedlist>
</simplesect>
</section>
