kT,,<M>_x,<M>_y,<M>_z,<M>_norm,<M>_theta,<M>_phi,,<ML>_x,<ML>_y,<ML>_z,<ML>_norm,<ML>_theta,<ML>_phi,,<MR>_x,<MR>_y,<MR>_z,<MR>_norm,<MR>_theta,<MR>_phi,,<Mm>_x,<Mm>_y,<Mm>_z,<Mm>_norm,<Mm>_theta,<Mm>_phi,,<U>,<UL>,<UR>,<Um>,<UmL>,<UmR>,<ULR>,,c,cL,cR,cm,cmL,cmR,cLR,,x,xL,xR,xm,,M_x,M_y,M_z,M_norm,M_theta,M_phi,,ML_x,ML_y,ML_z,ML_norm,ML_theta,ML_phi,,MR_x,MR_y,MR_z,MR_norm,MR_theta,MR_phi,,Mm_x,Mm_y,Mm_z,Mm_norm,Mm_theta,Mm_phi,,U,UL,UR,Um,UmL,UmR,ULR,,width = 11,height = 10,depth = 10,molPosL = 11,molPosR = 10,t_eq = 11000000,simCount = 55000000,freq = 2200000,"B = <0, 0, 0>",JL = 1.5,JR = 0,Jm = 0,JmL = 0,JmR = 0,JLR = 0,AL = 0,AR = 0,Am = 0,bL = 0,bR = 0,bm = 0,bmL = 0,bmR = 0,bLR = 0
0.015,,22.9651,1094.65,4.1556,1094.9,1.54982,0.00379542,,22.9651,1094.65,4.1556,1094.9,1.54982,0.00379542,,0,0,0,0,0,0,,0,0,0,0,0,0,,-4447.59,-4447.59,0,0,0,0,0,,1.56539,1.56539,0,0,0,0,0,,4.18264e+007,4.18264e+007,0,0,,58.5176,1092.92,36.8538,1095.11,1.51731,0.0336595,,58.5176,1092.92,36.8538,1095.11,1.51731,0.0336595,,0,0,0,0,0,0,,0,0,0,0,0,0,,-4448.39,-4448.39,-0,-0,-0,-0,-0
0.03,,-11.3446,1089.4,9.07634,1089.5,1.58121,0.00833086,,-11.3446,1089.4,9.07634,1089.5,1.58121,0.00833086,,0,0,0,0,0,0,,0,0,0,0,0,0,,-4425.45,-4425.45,0,0,0,0,0,,1.48123,1.48123,0,0,0,0,0,,1.00484e+008,1.00484e+008,0,0,,-83.287,1087.46,-24.0787,1090.91,1.64724,-0.022074,,-83.287,1087.46,-24.0787,1090.91,1.64724,-0.022074,,0,0,0,0,0,0,,0,0,0,0,0,0,,-4424.56,-4424.56,-0,-0,-0,-0,-0
0.045,,132.207,1072.61,55.7191,1082.16,1.44816,0.0515113,,132.207,1072.61,55.7191,1082.16,1.44816,0.0515113,,0,0,0,0,0,0,,0,0,0,0,0,0,,-4403.09,-4403.09,0,0,0,0,0,,2.24804,2.24804,0,0,0,0,0,,2.00138e+008,2.00138e+008,0,0,,173.529,1070.84,50.3154,1085.98,1.41014,0.0463484,,173.529,1070.84,50.3154,1085.98,1.41014,0.0463484,,0,0,0,0,0,0,,0,0,0,0,0,0,,-4401.29,-4401.29,-0,-0,-0,-0,-0
0.06,,114.386,1069.06,103.895,1080.17,1.46421,0.096333,,114.386,1069.06,103.895,1080.17,1.46421,0.096333,,0,0,0,0,0,0,,0,0,0,0,0,0,,-4380.95,-4380.95,0,0,0,0,0,,1.71407,1.71407,0,0,0,0,0,,4.47426e+007,4.47426e+007,0,0,,72.6454,1076.68,70.0778,1081.4,1.50343,0.0648483,,72.6454,1076.68,70.0778,1081.4,1.50343,0.0648483,,0,0,0,0,0,0,,0,0,0,0,0,0,,-4382.13,-4382.13,-0,-0,-0,-0,-0
0.075,,124.299,1058.46,116.366,1072.07,1.4539,0.108758,,124.299,1058.46,116.366,1072.07,1.4539,0.108758,,0,0,0,0,0,0,,0,0,0,0,0,0,,-4358.23,-4358.23,0,0,0,0,0,,1.62675,1.62675,0,0,0,0,0,,1.54516e+008,1.54516e+008,0,0,,284.795,1023.12,170.928,1075.69,1.29931,0.159578,,284.795,1023.12,170.928,1075.69,1.29931,0.159578,,0,0,0,0,0,0,,0,0,0,0,0,0,,-4358.57,-4358.57,-0,-0,-0,-0,-0
0.09,,165.894,1044.51,-112.898,1063.61,1.41329,-0.106346,,165.894,1044.51,-112.898,1063.61,1.41329,-0.106346,,0,0,0,0,0,0,,0,0,0,0,0,0,,-4335.09,-4335.09,0,0,0,0,0,,1.50016,1.50016,0,0,0,0,0,,2.00437e+008,2.00437e+008,0,0,,240.507,1040.87,-110.575,1074,1.34372,-0.103139,,240.507,1040.87,-110.575,1074,1.34372,-0.103139,,0,0,0,0,0,0,,0,0,0,0,0,0,,-4330.74,-4330.74,-0,-0,-0,-0,-0
0.105,,-57.8602,1040.09,-113.325,1047.85,1.62637,-0.108362,,-57.8602,1040.09,-113.325,1047.85,1.62637,-0.108362,,0,0,0,0,0,0,,0,0,0,0,0,0,,-4312.83,-4312.83,0,0,0,0,0,,1.48373,1.48373,0,0,0,0,0,,4.42266e+008,4.42266e+008,0,0,,-232.771,989.366,-334.264,1069.93,1.80187,-0.317734,,-232.771,989.366,-334.264,1069.93,1.80187,-0.317734,,0,0,0,0,0,0,,0,0,0,0,0,0,,-4323.19,-4323.19,-0,-0,-0,-0,-0
0.12,,171.618,1030.72,138.69,1054.07,1.40581,0.131958,,171.618,1030.72,138.69,1054.07,1.40581,0.131958,,0,0,0,0,0,0,,0,0,0,0,0,0,,-4292.85,-4292.85,0,0,0,0,0,,1.29848,1.29848,0,0,0,0,0,,1.49158e+008,1.49158e+008,0,0,,130.089,1052.32,52.298,1061.62,1.4478,0.0492824,,130.089,1052.32,52.298,1061.62,1.4478,0.0492824,,0,0,0,0,0,0,,0,0,0,0,0,0,,-4290.47,-4290.47,-0,-0,-0,-0,-0
0.135,,-137.053,1042.18,-70.5959,1053.52,1.70155,-0.0670596,,-137.053,1042.18,-70.5959,1053.52,1.70155,-0.0670596,,0,0,0,0,0,0,,0,0,0,0,0,0,,-4266.96,-4266.96,0,0,0,0,0,,1.91574,1.91574,0,0,0,0,0,,7.38801e+007,7.38801e+007,0,0,,-139.376,1030.19,-201.207,1058.87,1.70527,-0.191183,,-139.376,1030.19,-201.207,1058.87,1.70527,-0.191183,,0,0,0,0,0,0,,0,0,0,0,0,0,,-4274.67,-4274.67,-0,-0,-0,-0,-0
0.15,,-263.583,976.053,-261.032,1044.17,1.83455,-0.252669,,-263.583,976.053,-261.032,1044.17,1.83455,-0.252669,,0,0,0,0,0,0,,0,0,0,0,0,0,,-4244.31,-4244.31,0,0,0,0,0,,0.992401,0.992401,0,0,0,0,0,,1.3265e+008,1.3265e+008,0,0,,-451.807,874.044,-379.983,1054.74,2.04788,-0.36855,,-451.807,874.044,-379.983,1054.74,2.04788,-0.36855,,0,0,0,0,0,0,,0,0,0,0,0,0,,-4251.44,-4251.44,-0,-0,-0,-0,-0
0.165,,-177.744,912.711,402.979,1013.42,1.76313,0.408945,,-177.744,912.711,402.979,1013.42,1.76313,0.408945,,0,0,0,0,0,0,,0,0,0,0,0,0,,-4223.57,-4223.57,0,0,0,0,0,,2.08245,2.08245,0,0,0,0,0,,4.97831e+008,4.97831e+008,0,0,,-484.819,759.322,528.269,1044.36,2.13904,0.530344,,-484.819,759.322,528.269,1044.36,2.13904,0.530344,,0,0,0,0,0,0,,0,0,0,0,0,0,,-4218.11,-4218.11,-0,-0,-0,-0,-0
0.18,,-2.72293,1003.06,233.932,1029.98,1.57351,0.229121,,-2.72293,1003.06,233.932,1029.98,1.57351,0.229121,,0,0,0,0,0,0,,0,0,0,0,0,0,,-4202.19,-4202.19,0,0,0,0,0,,1.69881,1.69881,0,0,0,0,0,,1.90844e+008,1.90844e+008,0,0,,-293.389,920.399,398.174,1044.87,1.87938,0.390959,,-293.389,920.399,398.174,1044.87,1.87938,0.390959,,0,0,0,0,0,0,,0,0,0,0,0,0,,-4191.78,-4191.78,-0,-0,-0,-0,-0
0.195,,383.898,762.726,462.887,971.284,1.10449,0.496751,,383.898,762.726,462.887,971.284,1.10449,0.496751,,0,0,0,0,0,0,,0,0,0,0,0,0,,-4174.76,-4174.76,0,0,0,0,0,,1.96259,1.96259,0,0,0,0,0,,8.22655e+008,8.22655e+008,0,0,,472.378,202.819,902.666,1038.79,0.405556,1.0531,,472.378,202.819,902.666,1038.79,0.405556,1.0531,,0,0,0,0,0,0,,0,0,0,0,0,0,,-4165.88,-4165.88,-0,-0,-0,-0,-0
0.21,,-17.9246,956.286,350.74,1018.74,1.58954,0.351482,,-17.9246,956.286,350.74,1018.74,1.58954,0.351482,,0,0,0,0,0,0,,0,0,0,0,0,0,,-4153.45,-4153.45,0,0,0,0,0,,1.79065,1.79065,0,0,0,0,0,,1.54393e+008,1.54393e+008,0,0,,32.2191,1023.57,52.7109,1025.43,1.53933,0.0514264,,32.2191,1023.57,52.7109,1025.43,1.53933,0.0514264,,0,0,0,0,0,0,,0,0,0,0,0,0,,-4149.14,-4149.14,-0,-0,-0,-0,-0
0.225,,-196.833,996.638,-36.4855,1016.54,1.76578,-0.0358994,,-196.833,996.638,-36.4855,1016.54,1.76578,-0.0358994,,0,0,0,0,0,0,,0,0,0,0,0,0,,-4128.2,-4128.2,0,0,0,0,0,,1.16041,1.16041,0,0,0,0,0,,1.18383e+008,1.18383e+008,0,0,,-191.823,969.491,-277.479,1026.5,1.76613,-0.273721,,-191.823,969.491,-277.479,1026.5,1.76613,-0.273721,,0,0,0,0,0,0,,0,0,0,0,0,0,,-4133.47,-4133.47,-0,-0,-0,-0,-0
0.24,,802.382,476.222,207.447,955.845,0.535634,0.218771,,802.382,476.222,207.447,955.845,0.535634,0.218771,,0,0,0,0,0,0,,0,0,0,0,0,0,,-4107.15,-4107.15,0,0,0,0,0,,1.90621,1.90621,0,0,0,0,0,,6.42769e+008,6.42769e+008,0,0,,922.175,-60.4046,445.168,1025.78,-0.0654089,0.448904,,922.175,-60.4046,445.168,1025.78,-0.0654089,0.448904,,0,0,0,0,0,0,,0,0,0,0,0,0,,-4100.51,-4100.51,-0,-0,-0,-0,-0
0.255,,-115.288,897.394,307.517,955.601,1.69857,0.327635,,-115.288,897.394,307.517,955.601,1.69857,0.327635,,0,0,0,0,0,0,,0,0,0,0,0,0,,-4084.23,-4084.23,0,0,0,0,0,,1.66468,1.66468,0,0,0,0,0,,5.49948e+008,5.49948e+008,0,0,,77.5519,784.313,645.617,1018.81,1.47224,0.68632,,77.5519,784.313,645.617,1018.81,1.47224,0.68632,,0,0,0,0,0,0,,0,0,0,0,0,0,,-4084.31,-4084.31,-0,-0,-0,-0,-0
0.27,,131.113,955.612,185.284,982.199,1.43444,0.189779,,131.113,955.612,185.284,982.199,1.43444,0.189779,,0,0,0,0,0,0,,0,0,0,0,0,0,,-4057.95,-4057.95,0,0,0,0,0,,0.84452,0.84452,0,0,0,0,0,,2.39752e+008,2.39752e+008,0,0,,145.272,977.382,173.418,1003.22,1.42324,0.173734,,145.272,977.382,173.418,1003.22,1.42324,0.173734,,0,0,0,0,0,0,,0,0,0,0,0,0,,-4049.01,-4049.01,-0,-0,-0,-0,-0
0.285,,-77.5609,863.123,-363.065,939.581,1.66042,-0.396738,,-77.5609,863.123,-363.065,939.581,1.66042,-0.396738,,0,0,0,0,0,0,,0,0,0,0,0,0,,-4034.61,-4034.61,0,0,0,0,0,,1.36611,1.36611,0,0,0,0,0,,5.07492e+008,5.07492e+008,0,0,,-513.585,701.211,-514.852,1010.22,2.20295,-0.534772,,-513.585,701.211,-514.852,1010.22,2.20295,-0.534772,,0,0,0,0,0,0,,0,0,0,0,0,0,,-4038.45,-4038.45,-0,-0,-0,-0,-0
0.3,,-51.5223,934.392,-206.093,958.236,1.62588,-0.216769,,-51.5223,934.392,-206.093,958.236,1.62588,-0.216769,,0,0,0,0,0,0,,0,0,0,0,0,0,,-4009.87,-4009.87,0,0,0,0,0,,2.16577,2.16577,0,0,0,0,0,,3.39304e+008,3.39304e+008,0,0,,-74.5575,899.421,-393.498,984.56,1.6535,-0.411156,,-74.5575,899.421,-393.498,984.56,1.6535,-0.411156,,0,0,0,0,0,0,,0,0,0,0,0,0,,-3988.84,-3988.84,-0,-0,-0,-0,-0
0.315,,384.725,796.02,122.62,892.579,1.12059,0.137813,,384.725,796.02,122.62,892.579,1.12059,0.137813,,0,0,0,0,0,0,,0,0,0,0,0,0,,-3993.07,-3993.07,0,0,0,0,0,,2.06102,2.06102,0,0,0,0,0,,7.28916e+008,7.28916e+008,0,0,,942.489,210.82,-207.983,987.921,0.220061,-0.212112,,942.489,210.82,-207.983,987.921,0.220061,-0.212112,,0,0,0,0,0,0,,0,0,0,0,0,0,,-3992.51,-3992.51,-0,-0,-0,-0,-0
0.33,,-18.09,865.548,395.949,951.985,1.59169,0.428953,,-18.09,865.548,395.949,951.985,1.59169,0.428953,,0,0,0,0,0,0,,0,0,0,0,0,0,,-3963.68,-3963.68,0,0,0,0,0,,1.7986,1.7986,0,0,0,0,0,,2.78082e+008,2.78082e+008,0,0,,-241.462,770.957,562.314,984.315,1.87432,0.608057,,-241.462,770.957,562.314,984.315,1.87432,0.608057,,0,0,0,0,0,0,,0,0,0,0,0,0,,-3948.82,-3948.82,-0,-0,-0,-0,-0
0.345,,282.353,871.21,-302.312,964.428,1.25739,-0.318837,,282.353,871.21,-302.312,964.428,1.25739,-0.318837,,0,0,0,0,0,0,,0,0,0,0,0,0,,-3942.69,-3942.69,0,0,0,0,0,,2.31236,2.31236,0,0,0,0,0,,1.46021e+008,1.46021e+008,0,0,,298.2,925.115,-136.288,981.497,1.25897,-0.139307,,298.2,925.115,-136.288,981.497,1.25897,-0.139307,,0,0,0,0,0,0,,0,0,0,0,0,0,,-3940.99,-3940.99,-0,-0,-0,-0,-0
0.36,,-46.3928,643.146,-510.567,822.477,1.64281,-0.669721,,-46.3928,643.146,-510.567,822.477,1.64281,-0.669721,,0,0,0,0,0,0,,0,0,0,0,0,0,,-3913.07,-3913.07,0,0,0,0,0,,1.18684,1.18684,0,0,0,0,0,,8.87969e+008,8.87969e+008,0,0,,-817.483,277.35,-476.508,986.033,2.81451,-0.504372,,-817.483,277.35,-476.508,986.033,2.81451,-0.504372,,0,0,0,0,0,0,,0,0,0,0,0,0,,-3926.55,-3926.55,-0,-0,-0,-0,-0
0.375,,-207.981,893.717,164.486,932.224,1.79944,0.177373,,-207.981,893.717,164.486,932.224,1.79944,0.177373,,0,0,0,0,0,0,,0,0,0,0,0,0,,-3896.55,-3896.55,0,0,0,0,0,,1.29916,1.29916,0,0,0,0,0,,2.72705e+008,2.72705e+008,0,0,,-483.094,829.891,213.94,983.804,2.09796,0.219214,,-483.094,829.891,213.94,983.804,2.09796,0.219214,,0,0,0,0,0,0,,0,0,0,0,0,0,,-3901.43,-3901.43,-0,-0,-0,-0,-0
0.39,,596.719,393.348,476.541,859.004,0.582805,0.588074,,596.719,393.348,476.541,859.004,0.582805,0.588074,,0,0,0,0,0,0,,0,0,0,0,0,0,,-3871.76,-3871.76,0,0,0,0,0,,1.35552,1.35552,0,0,0,0,0,,5.84201e+008,5.84201e+008,0,0,,892.028,362.459,109.05,969.011,0.385952,0.112776,,892.028,362.459,109.05,969.011,0.385952,0.112776,,0,0,0,0,0,0,,0,0,0,0,0,0,,-3860.29,-3860.29,-0,-0,-0,-0,-0
0.405,,190.313,646.439,-495.289,836.309,1.28448,-0.633825,,190.313,646.439,-495.289,836.309,1.28448,-0.633825,,0,0,0,0,0,0,,0,0,0,0,0,0,,-3846.69,-3846.69,0,0,0,0,0,,1.8872,1.8872,0,0,0,0,0,,6.31525e+008,6.31525e+008,0,0,,435.561,417.115,-746.852,959.94,0.763769,-0.891506,,435.561,417.115,-746.852,959.94,0.763769,-0.891506,,0,0,0,0,0,0,,0,0,0,0,0,0,,-3801.82,-3801.82,-0,-0,-0,-0,-0
0.42,,402.035,582.44,560.936,903.06,0.966638,0.67021,,402.035,582.44,560.936,903.06,0.966638,0.67021,,0,0,0,0,0,0,,0,0,0,0,0,0,,-3822.66,-3822.66,0,0,0,0,0,,1.66676,1.66676,0,0,0,0,0,,2.81529e+008,2.81529e+008,0,0,,139.064,722.199,645.03,978.251,1.38057,0.719982,,139.064,722.199,645.03,978.251,1.38057,0.719982,,0,0,0,0,0,0,,0,0,0,0,0,0,,-3839.49,-3839.49,-0,-0,-0,-0,-0
0.435,,194.65,671.086,232.037,736.265,1.28849,0.320619,,194.65,671.086,232.037,736.265,1.28849,0.320619,,0,0,0,0,0,0,,0,0,0,0,0,0,,-3797.2,-3797.2,0,0,0,0,0,,2.09442,2.09442,0,0,0,0,0,,9.12909e+008,9.12909e+008,0,0,,568.274,629.489,439.897,955.354,0.836462,0.478508,,568.274,629.489,439.897,955.354,0.836462,0.478508,,0,0,0,0,0,0,,0,0,0,0,0,0,,-3767.19,-3767.19,-0,-0,-0,-0,-0
0.45,,-69.1143,630.587,382.976,741.005,1.67996,0.543148,,-69.1143,630.587,382.976,741.005,1.67996,0.543148,,0,0,0,0,0,0,,0,0,0,0,0,0,,-3767.25,-3767.25,0,0,0,0,0,,1.08496,1.08496,0,0,0,0,0,,8.92847e+008,8.92847e+008,0,0,,852.37,87.7892,428.648,958.113,0.102632,0.463843,,852.37,87.7892,428.648,958.113,0.102632,0.463843,,0,0,0,0,0,0,,0,0,0,0,0,0,,-3763.22,-3763.22,-0,-0,-0,-0,-0
0.465,,-545.403,635.949,104.444,844.278,2.2797,0.124026,,-545.403,635.949,104.444,844.278,2.2797,0.124026,,0,0,0,0,0,0,,0,0,0,0,0,0,,-3746.24,-3746.24,0,0,0,0,0,,2.21308,2.21308,0,0,0,0,0,,4.14237e+008,4.14237e+008,0,0,,-639.439,654.527,-241.125,946.271,2.34454,-0.257658,,-639.439,654.527,-241.125,946.271,2.34454,-0.257658,,0,0,0,0,0,0,,0,0,0,0,0,0,,-3737.61,-3737.61,-0,-0,-0,-0,-0
0.48,,-362.086,510.748,-528.185,819.115,2.18749,-0.700793,,-362.086,510.748,-528.185,819.115,2.18749,-0.700793,,0,0,0,0,0,0,,0,0,0,0,0,0,,-3723.27,-3723.27,0,0,0,0,0,,1.46648,1.46648,0,0,0,0,0,,4.8922e+008,4.8922e+008,0,0,,-713.579,297.455,-515.624,929.27,2.74665,-0.588206,,-713.579,297.455,-515.624,929.27,2.74665,-0.588206,,0,0,0,0,0,0,,0,0,0,0,0,0,,-3713.56,-3713.56,-0,-0,-0,-0,-0
0.495,,-543.66,17.1523,607.697,815.571,3.11005,0.840712,,-543.66,17.1523,607.697,815.571,3.11005,0.840712,,0,0,0,0,0,0,,0,0,0,0,0,0,,-3705.71,-3705.71,0,0,0,0,0,,1.17823,1.17823,0,0,0,0,0,,4.88404e+008,4.88404e+008,0,0,,-33.6846,279.003,889.56,932.895,1.69095,1.2648,,-33.6846,279.003,889.56,932.895,1.69095,1.2648,,0,0,0,0,0,0,,0,0,0,0,0,0,,-3690.9,-3690.9,-0,-0,-0,-0,-0
0.51,,14.8178,255.169,-698.741,744.023,1.51279,-1.22012,,14.8178,255.169,-698.741,744.023,1.51279,-1.22012,,0,0,0,0,0,0,,0,0,0,0,0,0,,-3671.74,-3671.74,0,0,0,0,0,,2.13201,2.13201,0,0,0,0,0,,6.48533e+008,6.48533e+008,0,0,,223.921,-150.16,-863.075,904.205,-0.590718,-1.26802,,223.921,-150.16,-863.075,904.205,-0.590718,-1.26802,,0,0,0,0,0,0,,0,0,0,0,0,0,,-3683.36,-3683.36,-0,-0,-0,-0,-0
0.525,,-5.40779,805.668,50.5446,807.27,1.57751,0.0626528,,-5.40779,805.668,50.5446,807.27,1.57751,0.0626528,,0,0,0,0,0,0,,0,0,0,0,0,0,,-3646,-3646,0,0,0,0,0,,1.66881,1.66881,0,0,0,0,0,,4.14658e+008,4.14658e+008,0,0,,-38.381,793.819,501.113,939.54,1.61911,0.562567,,-38.381,793.819,501.113,939.54,1.61911,0.562567,,0,0,0,0,0,0,,0,0,0,0,0,0,,-3654.5,-3654.5,-0,-0,-0,-0,-0
0.54,,8.68735,537.358,664.402,854.552,1.55463,0.890657,,8.68735,537.358,664.402,854.552,1.55463,0.890657,,0,0,0,0,0,0,,0,0,0,0,0,0,,-3622.73,-3622.73,0,0,0,0,0,,1.63271,1.63271,0,0,0,0,0,,2.68242e+008,2.68242e+008,0,0,,-770.82,490.02,23.9299,913.704,2.57533,0.026193,,-770.82,490.02,23.9299,913.704,2.57533,0.026193,,0,0,0,0,0,0,,0,0,0,0,0,0,,-3618.58,-3618.58,-0,-0,-0,-0,-0
0.555,,-624.888,396.974,-90.7859,745.866,2.57564,-0.122021,,-624.888,396.974,-90.7859,745.866,2.57564,-0.122021,,0,0,0,0,0,0,,0,0,0,0,0,0,,-3599.69,-3599.69,0,0,0,0,0,,1.81069,1.81069,0,0,0,0,0,,5.70642e+008,5.70642e+008,0,0,,-897.531,-16.2417,149.471,910.037,-3.1235,0.164994,,-897.531,-16.2417,149.471,910.037,-3.1235,0.164994,,0,0,0,0,0,0,,0,0,0,0,0,0,,-3636.02,-3636.02,-0,-0,-0,-0,-0
0.57,,165.813,236.923,544.507,616.534,0.960163,1.08259,,165.813,236.923,544.507,616.534,0.960163,1.08259,,0,0,0,0,0,0,,0,0,0,0,0,0,,-3563.46,-3563.46,0,0,0,0,0,,1.48551,1.48551,0,0,0,0,0,,8.63835e+008,8.63835e+008,0,0,,713.308,275.677,465.873,895.457,0.368794,0.547159,,713.308,275.677,465.873,895.457,0.368794,0.547159,,0,0,0,0,0,0,,0,0,0,0,0,0,,-3555.84,-3555.84,-0,-0,-0,-0,-0
0.585,,-123.134,-171.345,-371.909,427.595,-2.19392,-1.05474,,-123.134,-171.345,-371.909,427.595,-2.19392,-1.05474,,0,0,0,0,0,0,,0,0,0,0,0,0,,-3546.54,-3546.54,0,0,0,0,0,,1.06677,1.06677,0,0,0,0,0,,1.21809e+009,1.21809e+009,0,0,,468.24,-452.652,605.72,889.404,-0.768473,0.749183,,468.24,-452.652,605.72,889.404,-0.768473,0.749183,,0,0,0,0,0,0,,0,0,0,0,0,0,,-3527.62,-3527.62,-0,-0,-0,-0,-0
0.6,,-566.7,17.6425,-126.361,580.885,3.11047,-0.219286,,-566.7,17.6425,-126.361,580.885,3.11047,-0.219286,,0,0,0,0,0,0,,0,0,0,0,0,0,,-3513.2,-3513.2,0,0,0,0,0,,2.179,2.179,0,0,0,0,0,,8.70934e+008,8.70934e+008,0,0,,-546.635,-703.588,154.036,904.197,-2.23131,0.171191,,-546.635,-703.588,154.036,904.197,-2.23131,0.171191,,0,0,0,0,0,0,,0,0,0,0,0,0,,-3555.61,-3555.61,-0,-0,-0,-0,-0
0.615,,-514.275,294.734,192.965,623.364,2.62118,0.314724,,-514.275,294.734,192.965,623.364,2.62118,0.314724,,0,0,0,0,0,0,,0,0,0,0,0,0,,-3488.6,-3488.6,0,0,0,0,0,,1.18211,1.18211,0,0,0,0,0,,7.12992e+008,7.12992e+008,0,0,,-307.443,755.874,-165.968,832.713,1.9571,-0.200653,,-307.443,755.874,-165.968,832.713,1.9571,-0.200653,,0,0,0,0,0,0,,0,0,0,0,0,0,,-3502.63,-3502.63,-0,-0,-0,-0,-0
0.63,,140.486,-177.341,-501.027,549.74,-0.90084,-1.14665,,140.486,-177.341,-501.027,549.74,-0.90084,-1.14665,,0,0,0,0,0,0,,0,0,0,0,0,0,,-3467.6,-3467.6,0,0,0,0,0,,1.95508,1.95508,0,0,0,0,0,,8.0989e+008,8.0989e+008,0,0,,66.6707,237.585,-838.967,874.504,1.29721,-1.28474,,66.6707,237.585,-838.967,874.504,1.29721,-1.28474,,0,0,0,0,0,0,,0,0,0,0,0,0,,-3455.53,-3455.53,-0,-0,-0,-0,-0
0.645,,-189.509,459.151,-199.331,535.225,1.96224,-0.38162,,-189.509,459.151,-199.331,535.225,1.96224,-0.38162,,0,0,0,0,0,0,,0,0,0,0,0,0,,-3438.2,-3438.2,0,0,0,0,0,,1.43025,1.43025,0,0,0,0,0,,8.23159e+008,8.23159e+008,0,0,,-382.764,-350.089,665.267,843.594,-2.40075,0.908546,,-382.764,-350.089,665.267,843.594,-2.40075,0.908546,,0,0,0,0,0,0,,0,0,0,0,0,0,,-3432.07,-3432.07,-0,-0,-0,-0,-0
0.66,,62.2993,299.277,-468.513,559.421,1.36556,-0.992685,,62.2993,299.277,-468.513,559.421,1.36556,-0.992685,,0,0,0,0,0,0,,0,0,0,0,0,0,,-3410.41,-3410.41,0,0,0,0,0,,1.26443,1.26443,0,0,0,0,0,,7.42315e+008,7.42315e+008,0,0,,214.312,-77.9092,-839.848,870.255,-0.348679,-1.30567,,214.312,-77.9092,-839.848,870.255,-0.348679,-1.30567,,0,0,0,0,0,0,,0,0,0,0,0,0,,-3402.22,-3402.22,-0,-0,-0,-0,-0
0.675,,-308.985,524.46,-71.7439,612.925,2.1032,-0.117321,,-308.985,524.46,-71.7439,612.925,2.1032,-0.117321,,0,0,0,0,0,0,,0,0,0,0,0,0,,-3376.89,-3376.89,0,0,0,0,0,,2.17128,2.17128,0,0,0,0,0,,5.77822e+008,5.77822e+008,0,0,,-298.621,471.871,-627.648,840.106,2.13502,-0.843696,,-298.621,471.871,-627.648,840.106,2.13502,-0.843696,,0,0,0,0,0,0,,0,0,0,0,0,0,,-3340.3,-3340.3,-0,-0,-0,-0,-0
0.69,,-498.832,-365.868,126.534,631.43,-2.50877,0.201759,,-498.832,-365.868,126.534,631.43,-2.50877,0.201759,,0,0,0,0,0,0,,0,0,0,0,0,0,,-3370.81,-3370.81,0,0,0,0,0,,2.28285,2.28285,0,0,0,0,0,,5.63615e+008,5.63615e+008,0,0,,-474.835,-636.697,188.154,816.243,-2.21159,0.232604,,-474.835,-636.697,188.154,816.243,-2.21159,0.232604,,0,0,0,0,0,0,,0,0,0,0,0,0,,-3310.24,-3310.24,-0,-0,-0,-0,-0
0.705,,-254.361,476.877,137.062,557.582,2.0608,0.24836,,-254.361,476.877,137.062,557.582,2.0608,0.24836,,0,0,0,0,0,0,,0,0,0,0,0,0,,-3339.86,-3339.86,0,0,0,0,0,,2.62077,2.62077,0,0,0,0,0,,6.19106e+008,6.19106e+008,0,0,,118.288,710.259,-373.617,811.202,1.40577,-0.478639,,118.288,710.259,-373.617,811.202,1.40577,-0.478639,,0,0,0,0,0,0,,0,0,0,0,0,0,,-3365.25,-3365.25,-0,-0,-0,-0,-0
0.72,,-563.586,-331.658,-206.041,685.623,-2.60969,-0.305235,,-563.586,-331.658,-206.041,685.623,-2.60969,-0.305235,,0,0,0,0,0,0,,0,0,0,0,0,0,,-3313.95,-3313.95,0,0,0,0,0,,1.49145,1.49145,0,0,0,0,0,,3.6628e+008,3.6628e+008,0,0,,-761.753,-232.547,282.21,844.979,-2.8453,0.340528,,-761.753,-232.547,282.21,844.979,-2.8453,0.340528,,0,0,0,0,0,0,,0,0,0,0,0,0,,-3277.85,-3277.85,-0,-0,-0,-0,-0
0.735,,-378.243,-303.329,228.391,535.946,-2.46567,0.440227,,-378.243,-303.329,228.391,535.946,-2.46567,0.440227,,0,0,0,0,0,0,,0,0,0,0,0,0,,-3264.27,-3264.27,0,0,0,0,0,,1.5695,1.5695,0,0,0,0,0,,5.89196e+008,5.89196e+008,0,0,,-616.118,-376.792,490.379,872.952,-2.59272,0.596497,,-616.118,-376.792,490.379,872.952,-2.59272,0.596497,,0,0,0,0,0,0,,0,0,0,0,0,0,,-3299.25,-3299.25,-0,-0,-0,-0,-0
0.75,,-276.967,258.648,278.599,470.348,2.39038,0.633941,,-276.967,258.648,278.599,470.348,2.39038,0.633941,,0,0,0,0,0,0,,0,0,0,0,0,0,,-3253.48,-3253.48,0,0,0,0,0,,2.08631,2.08631,0,0,0,0,0,,6.77744e+008,6.77744e+008,0,0,,133.788,-337.368,757.87,840.287,-1.19325,1.12419,,133.788,-337.368,757.87,840.287,-1.19325,1.12419,,0,0,0,0,0,0,,0,0,0,0,0,0,,-3265.55,-3265.55,-0,-0,-0,-0,-0
0.765,,525.331,346.311,227.335,669.018,0.582832,0.346708,,525.331,346.311,227.335,669.018,0.582832,0.346708,,0,0,0,0,0,0,,0,0,0,0,0,0,,-3226.6,-3226.6,0,0,0,0,0,,1.75816,1.75816,0,0,0,0,0,,3.40985e+008,3.40985e+008,0,0,,569.269,-381.082,470.331,830.965,-0.589909,0.601653,,569.269,-381.082,470.331,830.965,-0.589909,0.601653,,0,0,0,0,0,0,,0,0,0,0,0,0,,-3214.65,-3214.65,-0,-0,-0,-0,-0
0.78,,-182.995,689.709,117.85,723.238,1.83014,0.163678,,-182.995,689.709,117.85,723.238,1.83014,0.163678,,0,0,0,0,0,0,,0,0,0,0,0,0,,-3191.24,-3191.24,0,0,0,0,0,,2.21249,2.21249,0,0,0,0,0,,2.12339e+008,2.12339e+008,0,0,,617.661,492.867,-228.194,822.493,0.673494,-0.28113,,617.661,492.867,-228.194,822.493,0.673494,-0.28113,,0,0,0,0,0,0,,0,0,0,0,0,0,,-3184.96,-3184.96,-0,-0,-0,-0,-0
0.795,,40.8807,-86.5154,-329.869,343.467,-1.12937,-1.28847,,40.8807,-86.5154,-329.869,343.467,-1.12937,-1.28847,,0,0,0,0,0,0,,0,0,0,0,0,0,,-3162.89,-3162.89,0,0,0,0,0,,1.94343,1.94343,0,0,0,0,0,,7.49168e+008,7.49168e+008,0,0,,-707.052,157.483,-341.969,801.041,2.92244,-0.441068,,-707.052,157.483,-341.969,801.041,2.92244,-0.441068,,0,0,0,0,0,0,,0,0,0,0,0,0,,-3114.62,-3114.62,-0,-0,-0,-0,-0
0.81,,88.1137,190.236,430.308,478.664,1.13704,1.11743,,88.1137,190.236,430.308,478.664,1.13704,1.11743,,0,0,0,0,0,0,,0,0,0,0,0,0,,-3137.29,-3137.29,0,0,0,0,0,,1.54202,1.54202,0,0,0,0,0,,5.74804e+008,5.74804e+008,0,0,,313.264,-652.495,189.651,748.232,-1.12319,0.25626,,313.264,-652.495,189.651,748.232,-1.12319,0.25626,,0,0,0,0,0,0,,0,0,0,0,0,0,,-3103.07,-3103.07,-0,-0,-0,-0,-0
0.825,,3.93295,-184.108,-211.816,280.673,-1.54944,-0.855157,,3.93295,-184.108,-211.816,280.673,-1.54944,-0.855157,,0,0,0,0,0,0,,0,0,0,0,0,0,,-3110.86,-3110.86,0,0,0,0,0,,1.83907,1.83907,0,0,0,0,0,,7.46401e+008,7.46401e+008,0,0,,-610.352,-102.085,515.885,805.66,-2.97587,0.694922,,-610.352,-102.085,515.885,805.66,-2.97587,0.694922,,0,0,0,0,0,0,,0,0,0,0,0,0,,-3144.32,-3144.32,-0,-0,-0,-0,-0
0.84,,-213.515,-123.609,85.7167,261.18,-2.61682,0.334387,,-213.515,-123.609,85.7167,261.18,-2.61682,0.334387,,0,0,0,0,0,0,,0,0,0,0,0,0,,-3091.91,-3091.91,0,0,0,0,0,,1.79296,1.79296,0,0,0,0,0,,7.26154e+008,7.26154e+008,0,0,,-530.867,-405.907,-374.988,766.287,-2.48881,-0.511352,,-530.867,-405.907,-374.988,766.287,-2.48881,-0.511352,,0,0,0,0,0,0,,0,0,0,0,0,0,,-3047.06,-3047.06,-0,-0,-0,-0,-0
0.855,,-137.659,334.019,37.8468,363.251,1.96172,0.104379,,-137.659,334.019,37.8468,363.251,1.96172,0.104379,,0,0,0,0,0,0,,0,0,0,0,0,0,,-3060,-3060,0,0,0,0,0,,1.58967,1.58967,0,0,0,0,0,,5.9899e+008,5.9899e+008,0,0,,-306.699,555.759,-435.252,769.66,2.07506,-0.601054,,-306.699,555.759,-435.252,769.66,2.07506,-0.601054,,0,0,0,0,0,0,,0,0,0,0,0,0,,-3024.18,-3024.18,-0,-0,-0,-0,-0
0.87,,287.648,7.14897,-147.421,323.304,0.0248481,-0.473477,,287.648,7.14897,-147.421,323.304,0.0248481,-0.473477,,0,0,0,0,0,0,,0,0,0,0,0,0,,-3020.31,-3020.31,0,0,0,0,0,,1.3595,1.3595,0,0,0,0,0,,6.3504e+008,6.3504e+008,0,0,,7.06286,-719.063,314.438,784.839,-1.56097,0.412215,,7.06286,-719.063,314.438,784.839,-1.56097,0.412215,,0,0,0,0,0,0,,0,0,0,0,0,0,,-3081.13,-3081.13,-0,-0,-0,-0,-0
0.885,,-163.83,-122.851,-242.327,317.262,-2.49818,-0.869192,,-163.83,-122.851,-242.327,317.262,-2.49818,-0.869192,,0,0,0,0,0,0,,0,0,0,0,0,0,,-2993.38,-2993.38,0,0,0,0,0,,1.55471,1.55471,0,0,0,0,0,,6.18293e+008,6.18293e+008,0,0,,288.396,174.109,668.883,748.927,0.543146,1.10424,,288.396,174.109,668.883,748.927,0.543146,1.10424,,0,0,0,0,0,0,,0,0,0,0,0,0,,-3025.85,-3025.85,-0,-0,-0,-0,-0
0.9,,-141.631,32.7035,263.138,300.617,2.91466,1.06611,,-141.631,32.7035,263.138,300.617,2.91466,1.06611,,0,0,0,0,0,0,,0,0,0,0,0,0,,-2969.08,-2969.08,0,0,0,0,0,,1.74787,1.74787,0,0,0,0,0,,6.07562e+008,6.07562e+008,0,0,,-362.828,646.121,-211.358,770.577,2.08246,-0.277847,,-362.828,646.121,-211.358,770.577,2.08246,-0.277847,,0,0,0,0,0,0,,0,0,0,0,0,0,,-2927.05,-2927.05,-0,-0,-0,-0,-0
0.915,,-439.318,44.9883,226.91,496.501,3.03954,0.474642,,-439.318,44.9883,226.91,496.501,3.03954,0.474642,,0,0,0,0,0,0,,0,0,0,0,0,0,,-2927.14,-2927.14,0,0,0,0,0,,2.14318,2.14318,0,0,0,0,0,,3.74116e+008,3.74116e+008,0,0,,-599.793,140.518,-366.861,716.996,2.91147,-0.537119,,-599.793,140.518,-366.861,716.996,2.91147,-0.537119,,0,0,0,0,0,0,,0,0,0,0,0,0,,-2967.44,-2967.44,-0,-0,-0,-0,-0
0.93,,-403.015,85.4979,135.547,433.709,2.93255,0.317856,,-403.015,85.4979,135.547,433.709,2.93255,0.317856,,0,0,0,0,0,0,,0,0,0,0,0,0,,-2894.14,-2894.14,0,0,0,0,0,,2.01682,2.01682,0,0,0,0,0,,4.41893e+008,4.41893e+008,0,0,,431.993,552.21,82.6035,705.958,0.906943,0.117278,,431.993,552.21,82.6035,705.958,0.906943,0.117278,,0,0,0,0,0,0,,0,0,0,0,0,0,,-2937.46,-2937.46,-0,-0,-0,-0,-0
0.945,,251.698,54.4393,-131.629,289.209,0.213007,-0.472523,,251.698,54.4393,-131.629,289.209,0.213007,-0.472523,,0,0,0,0,0,0,,0,0,0,0,0,0,,-2870.48,-2870.48,0,0,0,0,0,,1.64736,1.64736,0,0,0,0,0,,5.39965e+008,5.39965e+008,0,0,,-677.907,-273.349,44.4253,732.291,-2.75831,0.0607034,,-677.907,-273.349,44.4253,732.291,-2.75831,0.0607034,,0,0,0,0,0,0,,0,0,0,0,0,0,,-2911.24,-2911.24,-0,-0,-0,-0,-0
0.96,,283.229,-381.802,54.4545,478.494,-0.932551,0.114051,,283.229,-381.802,54.4545,478.494,-0.932551,0.114051,,0,0,0,0,0,0,,0,0,0,0,0,0,,-2828.17,-2828.17,0,0,0,0,0,,2.97015,2.97015,0,0,0,0,0,,3.29025e+008,3.29025e+008,0,0,,665.11,-130.655,294.146,738.894,-0.193971,0.409434,,665.11,-130.655,294.146,738.894,-0.193971,0.409434,,0,0,0,0,0,0,,0,0,0,0,0,0,,-2785.8,-2785.8,-0,-0,-0,-0,-0
0.975,,-91.313,-71.4578,-17.5179,117.265,-2.47758,-0.149948,,-91.313,-71.4578,-17.5179,117.265,-2.47758,-0.149948,,0,0,0,0,0,0,,0,0,0,0,0,0,,-2815,-2815,0,0,0,0,0,,1.94411,1.94411,0,0,0,0,0,,5.3937e+008,5.3937e+008,0,0,,-370.505,586.796,-188.838,719.211,2.13399,-0.265678,,-370.505,586.796,-188.838,719.211,2.13399,-0.265678,,0,0,0,0,0,0,,0,0,0,0,0,0,,-2753.44,-2753.44,-0,-0,-0,-0,-0
0.99,,-81.9895,74.1306,-27.7988,113.975,2.40649,-0.246387,,-81.9895,74.1306,-27.7988,113.975,2.40649,-0.246387,,0,0,0,0,0,0,,0,0,0,0,0,0,,-2791.31,-2791.31,0,0,0,0,0,,1.92504,1.92504,0,0,0,0,0,,5.32187e+008,5.32187e+008,0,0,,-56.1648,606.603,-255.573,660.635,1.66312,-0.397223,,-56.1648,606.603,-255.573,660.635,1.66312,-0.397223,,0,0,0,0,0,0,,0,0,0,0,0,0,,-2767.43,-2767.43,-0,-0,-0,-0,-0
1.005,,-232.38,253.722,-130.315,367.909,2.31232,-0.362063,,-232.38,253.722,-130.315,367.909,2.31232,-0.362063,,0,0,0,0,0,0,,0,0,0,0,0,0,,-2744.18,-2744.18,0,0,0,0,0,,2.58103,2.58103,0,0,0,0,0,,3.92462e+008,3.92462e+008,0,0,,338.493,-334.669,-512.243,699.266,-0.779718,-0.82205,,338.493,-334.669,-512.243,699.266,-0.779718,-0.82205,,0,0,0,0,0,0,,0,0,0,0,0,0,,-2635.03,-2635.03,-0,-0,-0,-0,-0
1.02,,-385.709,13.0876,-4.4983,385.957,3.10767,-0.0116552,,-385.709,13.0876,-4.4983,385.957,3.10767,-0.0116552,,0,0,0,0,0,0,,0,0,0,0,0,0,,-2690.96,-2690.96,0,0,0,0,0,,2.9759,2.9759,0,0,0,0,0,,3.39856e+008,3.39856e+008,0,0,,-264.67,-365.267,537.985,702.067,-2.19784,0.873042,,-264.67,-365.267,537.985,702.067,-2.19784,0.873042,,0,0,0,0,0,0,,0,0,0,0,0,0,,-2774.89,-2774.89,-0,-0,-0,-0,-0
1.035,,-239.746,147.208,115.868,304.259,2.59093,0.390684,,-239.746,147.208,115.868,304.259,2.59093,0.390684,,0,0,0,0,0,0,,0,0,0,0,0,0,,-2671.56,-2671.56,0,0,0,0,0,,1.79277,1.79277,0,0,0,0,0,,3.86601e+008,3.86601e+008,0,0,,296.984,-579.486,74.0077,655.348,-1.0972,0.11317,,296.984,-579.486,74.0077,655.348,-1.0972,0.11317,,0,0,0,0,0,0,,0,0,0,0,0,0,,-2747.05,-2747.05,-0,-0,-0,-0,-0
1.05,,-81.6701,-67.428,-158.207,190.384,-2.45143,-0.980885,,-81.6701,-67.428,-158.207,190.384,-2.45143,-0.980885,,0,0,0,0,0,0,,0,0,0,0,0,0,,-2653.13,-2653.13,0,0,0,0,0,,2.93478,2.93478,0,0,0,0,0,,4.25972e+008,4.25972e+008,0,0,,-103.791,-374.031,-503.083,635.424,-1.84148,-0.913632,,-103.791,-374.031,-503.083,635.424,-1.84148,-0.913632,,0,0,0,0,0,0,,0,0,0,0,0,0,,-2567.17,-2567.17,-0,-0,-0,-0,-0
1.065,,68.991,-356.697,-206.678,417.981,-1.37974,-0.517222,,68.991,-356.697,-206.678,417.981,-1.37974,-0.517222,,0,0,0,0,0,0,,0,0,0,0,0,0,,-2617.5,-2617.5,0,0,0,0,0,,3.88717,3.88717,0,0,0,0,0,,2.85173e+008,2.85173e+008,0,0,,-429.93,-362.54,-357.419,666.351,-2.44103,-0.566145,,-429.93,-362.54,-357.419,666.351,-2.44103,-0.566145,,0,0,0,0,0,0,,0,0,0,0,0,0,,-2574.18,-2574.18,-0,-0,-0,-0,-0
1.08,,21.736,153.716,68.8221,169.816,1.43032,0.417279,,21.736,153.716,68.8221,169.816,1.43032,0.417279,,0,0,0,0,0,0,,0,0,0,0,0,0,,-2576.1,-2576.1,0,0,0,0,0,,2.44979,2.44979,0,0,0,0,0,,3.97211e+008,3.97211e+008,0,0,,-500.343,280.303,-272.024,634.752,2.63094,-0.442888,,-500.343,280.303,-272.024,634.752,2.63094,-0.442888,,0,0,0,0,0,0,,0,0,0,0,0,0,,-2520.3,-2520.3,-0,-0,-0,-0,-0
1.095,,-44.6764,-58.2497,-24.424,77.3662,-2.22508,-0.321188,,-44.6764,-58.2497,-24.424,77.3662,-2.22508,-0.321188,,0,0,0,0,0,0,,0,0,0,0,0,0,,-2528.61,-2528.61,0,0,0,0,0,,1.41886,1.41886,0,0,0,0,0,,3.90635e+008,3.90635e+008,0,0,,-608.165,-29.0917,269.703,665.921,-3.09379,0.416988,,-608.165,-29.0917,269.703,665.921,-3.09379,0.416988,,0,0,0,0,0,0,,0,0,0,0,0,0,,-2511.52,-2511.52,-0,-0,-0,-0,-0
1.11,,-4.45011,29.9847,67.3228,73.8326,1.71813,1.14772,,-4.45011,29.9847,67.3228,73.8326,1.71813,1.14772,,0,0,0,0,0,0,,0,0,0,0,0,0,,-2517.94,-2517.94,0,0,0,0,0,,3.06905,3.06905,0,0,0,0,0,,3.85894e+008,3.85894e+008,0,0,,-452.246,-283.911,-289.605,607.456,-2.581,-0.496953,,-452.246,-283.911,-289.605,607.456,-2.581,-0.496953,,0,0,0,0,0,0,,0,0,0,0,0,0,,-2530.46,-2530.46,-0,-0,-0,-0,-0
1.125,,199.457,100.619,-1.82067,223.407,0.467214,-0.00814967,,199.457,100.619,-1.82067,223.407,0.467214,-0.00814967,,0,0,0,0,0,0,,0,0,0,0,0,0,,-2453.68,-2453.68,0,0,0,0,0,,2.24412,2.24412,0,0,0,0,0,,3.08659e+008,3.08659e+008,0,0,,207.476,-406.705,-386.507,598.199,-1.09907,-0.702486,,207.476,-406.705,-386.507,598.199,-1.09907,-0.702486,,0,0,0,0,0,0,,0,0,0,0,0,0,,-2447.56,-2447.56,-0,-0,-0,-0,-0
1.14,,-62.0934,84.7161,54.0356,118.12,2.2033,0.475142,,-62.0934,84.7161,54.0356,118.12,2.2033,0.475142,,0,0,0,0,0,0,,0,0,0,0,0,0,,-2435.21,-2435.21,0,0,0,0,0,,2.0909,2.0909,0,0,0,0,0,,3.41494e+008,3.41494e+008,0,0,,229.302,-208.014,522.833,607.621,-0.736758,1.03617,,229.302,-208.014,522.833,607.621,-0.736758,1.03617,,0,0,0,0,0,0,,0,0,0,0,0,0,,-2463.48,-2463.48,-0,-0,-0,-0,-0
1.155,,-196.209,46.7758,-54.5517,208.954,2.90756,-0.26413,,-196.209,46.7758,-54.5517,208.954,2.90756,-0.26413,,0,0,0,0,0,0,,0,0,0,0,0,0,,-2389.39,-2389.39,0,0,0,0,0,,3.20771,3.20771,0,0,0,0,0,,2.81252e+008,2.81252e+008,0,0,,-549.905,66.5966,320.55,639.987,3.02107,0.524604,,-549.905,66.5966,320.55,639.987,3.02107,0.524604,,0,0,0,0,0,0,,0,0,0,0,0,0,,-2403.19,-2403.19,-0,-0,-0,-0,-0
1.17,,-97.7714,65.6932,-52.214,128.845,2.54997,-0.417247,,-97.7714,65.6932,-52.214,128.845,2.54997,-0.417247,,0,0,0,0,0,0,,0,0,0,0,0,0,,-2342.04,-2342.04,0,0,0,0,0,,1.81184,1.81184,0,0,0,0,0,,2.93507e+008,2.93507e+008,0,0,,-27.5137,-390.606,418.094,572.829,-1.64112,0.81814,,-27.5137,-390.606,418.094,572.829,-1.64112,0.81814,,0,0,0,0,0,0,,0,0,0,0,0,0,,-2375.98,-2375.98,-0,-0,-0,-0,-0
1.185,,158.713,-24.6031,18.7957,161.704,-0.153793,0.116498,,158.713,-24.6031,18.7957,161.704,-0.153793,0.116498,,0,0,0,0,0,0,,0,0,0,0,0,0,,-2312.32,-2312.32,0,0,0,0,0,,2.21709,2.21709,0,0,0,0,0,,2.64145e+008,2.64145e+008,0,0,,81.9467,406.971,-272.856,496.781,1.3721,-0.581465,,81.9467,406.971,-272.856,496.781,1.3721,-0.581465,,0,0,0,0,0,0,,0,0,0,0,0,0,,-2291.98,-2291.98,-0,-0,-0,-0,-0
1.2,,-62.9296,83.5377,-101.334,145.627,2.21641,-0.769598,,-62.9296,83.5377,-101.334,145.627,2.21641,-0.769598,,0,0,0,0,0,0,,0,0,0,0,0,0,,-2246.13,-2246.13,0,0,0,0,0,,2.18285,2.18285,0,0,0,0,0,,2.334e+008,2.334e+008,0,0,,-361.22,-145.501,261.309,468.969,-2.75867,0.591007,,-361.22,-145.501,261.309,468.969,-2.75867,0.591007,,0,0,0,0,0,0,,0,0,0,0,0,0,,-2144.84,-2144.84,-0,-0,-0,-0,-0
1.215,,-36.5324,-64.9295,124.679,145.242,-2.0833,1.03218,,-36.5324,-64.9295,124.679,145.242,-2.0833,1.03218,,0,0,0,0,0,0,,0,0,0,0,0,0,,-2198,-2198,0,0,0,0,0,,3.03481,3.03481,0,0,0,0,0,,2.24332e+008,2.24332e+008,0,0,,-357.089,-230.262,435.339,608.32,-2.56886,0.797542,,-357.089,-230.262,435.339,608.32,-2.56886,0.797542,,0,0,0,0,0,0,,0,0,0,0,0,0,,-2316.49,-2316.49,-0,-0,-0,-0,-0
1.23,,43.5145,-90.4772,109.61,148.641,-1.12251,0.829239,,43.5145,-90.4772,109.61,148.641,-1.12251,0.829239,,0,0,0,0,0,0,,0,0,0,0,0,0,,-2161.06,-2161.06,0,0,0,0,0,,2.99883,2.99883,0,0,0,0,0,,2.11103e+008,2.11103e+008,0,0,,114.946,-455.402,-247.99,531.133,-1.32356,-0.48579,,114.946,-455.402,-247.99,531.133,-1.32356,-0.48579,,0,0,0,0,0,0,,0,0,0,0,0,0,,-2226.5,-2226.5,-0,-0,-0,-0,-0
1.245,,10.4572,2.03842,-27.2759,29.2828,0.192515,-1.19842,,10.4572,2.03842,-27.2759,29.2828,0.192515,-1.19842,,0,0,0,0,0,0,,0,0,0,0,0,0,,-2146.97,-2146.97,0,0,0,0,0,,3.19022,3.19022,0,0,0,0,0,,2.23043e+008,2.23043e+008,0,0,,-168.691,492.462,-57.9852,523.773,1.90082,-0.110934,,-168.691,492.462,-57.9852,523.773,1.90082,-0.110934,,0,0,0,0,0,0,,0,0,0,0,0,0,,-2181.89,-2181.89,-0,-0,-0,-0,-0
1.26,,68.6307,68.5499,-40.7729,105.222,0.784809,-0.397911,,68.6307,68.5499,-40.7729,105.222,0.784809,-0.397911,,0,0,0,0,0,0,,0,0,0,0,0,0,,-2078.52,-2078.52,0,0,0,0,0,,3.20691,3.20691,0,0,0,0,0,,1.88184e+008,1.88184e+008,0,0,,519.08,16.0124,10.986,519.443,0.030838,0.0211511,,519.08,16.0124,10.986,519.443,0.030838,0.0211511,,0,0,0,0,0,0,,0,0,0,0,0,0,,-2116.31,-2116.31,-0,-0,-0,-0,-0
1.275,,27.0038,-61.43,58.0144,88.7047,-1.15664,0.712883,,27.0038,-61.43,58.0144,88.7047,-1.15664,0.712883,,0,0,0,0,0,0,,0,0,0,0,0,0,,-2043.72,-2043.72,0,0,0,0,0,,3.8574,3.8574,0,0,0,0,0,,1.84419e+008,1.84419e+008,0,0,,387.108,-203.7,121.222,453.917,-0.484394,0.270339,,387.108,-203.7,121.222,453.917,-0.484394,0.270339,,0,0,0,0,0,0,,0,0,0,0,0,0,,-2021.82,-2021.82,-0,-0,-0,-0,-0
1.29,,11.7248,-55.5271,11.0167,57.8108,-1.3627,0.191738,,11.7248,-55.5271,11.0167,57.8108,-1.3627,0.191738,,0,0,0,0,0,0,,0,0,0,0,0,0,,-1997.7,-1997.7,0,0,0,0,0,,2.81308,2.81308,0,0,0,0,0,,1.62968e+008,1.62968e+008,0,0,,-304.048,55.8492,-184.529,360.021,2.95993,-0.538152,,-304.048,55.8492,-184.529,360.021,2.95993,-0.538152,,0,0,0,0,0,0,,0,0,0,0,0,0,,-1971.78,-1971.78,-0,-0,-0,-0,-0
1.305,,35.717,51.1971,-30.5842,69.5143,0.961658,-0.455565,,35.717,51.1971,-30.5842,69.5143,0.961658,-0.455565,,0,0,0,0,0,0,,0,0,0,0,0,0,,-1962.14,-1962.14,0,0,0,0,0,,3.84423,3.84423,0,0,0,0,0,,1.52798e+008,1.52798e+008,0,0,,-15.8267,246.541,213.08,326.245,1.6349,0.711708,,-15.8267,246.541,213.08,326.245,1.6349,0.711708,,0,0,0,0,0,0,,0,0,0,0,0,0,,-1939.01,-1939.01,-0,-0,-0,-0,-0
1.32,,29.5184,66.1178,121.132,141.124,1.1509,1.03203,,29.5184,66.1178,121.132,141.124,1.1509,1.03203,,0,0,0,0,0,0,,0,0,0,0,0,0,,-1872.18,-1872.18,0,0,0,0,0,,3.0193,3.0193,0,0,0,0,0,,1.18131e+008,1.18131e+008,0,0,,-67.6663,152.809,303.757,346.695,1.98766,1.06782,,-67.6663,152.809,303.757,346.695,1.98766,1.06782,,0,0,0,0,0,0,,0,0,0,0,0,0,,-1822.22,-1822.22,-0,-0,-0,-0,-0
1.335,,41.0794,-91.2017,-64.6443,119.097,-1.14759,-0.573751,,41.0794,-91.2017,-64.6443,119.097,-1.14759,-0.573751,,0,0,0,0,0,0,,0,0,0,0,0,0,,-1835.45,-1835.45,0,0,0,0,0,,2.7466,2.7466,0,0,0,0,0,,1.16243e+008,1.16243e+008,0,0,,-48.8194,-85.315,-387.103,399.388,-2.09054,-1.32213,,-48.8194,-85.315,-387.103,399.388,-2.09054,-1.32213,,0,0,0,0,0,0,,0,0,0,0,0,0,,-1871.04,-1871.04,-0,-0,-0,-0,-0
1.35,,-49.0839,0.729139,118.796,128.539,3.12674,1.17894,,-49.0839,0.729139,118.796,128.539,3.12674,1.17894,,0,0,0,0,0,0,,0,0,0,0,0,0,,-1795.9,-1795.9,0,0,0,0,0,,4.38951,4.38951,0,0,0,0,0,,9.4879e+007,9.4879e+007,0,0,,197.378,-311.821,-32.7529,370.491,-1.00648,-0.0885197,,197.378,-311.821,-32.7529,370.491,-1.00648,-0.0885197,,0,0,0,0,0,0,,0,0,0,0,0,0,,-1726.93,-1726.93,-0,-0,-0,-0,-0
1.365,,12.5813,39.0707,24.9603,48.0398,1.25927,0.546354,,12.5813,39.0707,24.9603,48.0398,1.25927,0.546354,,0,0,0,0,0,0,,0,0,0,0,0,0,,-1737.67,-1737.67,0,0,0,0,0,,3.27714,3.27714,0,0,0,0,0,,8.5952e+007,8.5952e+007,0,0,,-132.439,-96.556,160.238,229.215,-2.51163,0.7741,,-132.439,-96.556,160.238,229.215,-2.51163,0.7741,,0,0,0,0,0,0,,0,0,0,0,0,0,,-1679.77,-1679.77,-0,-0,-0,-0,-0
1.38,,21.2114,46.0606,-58.0435,77.0749,1.13924,-0.852728,,21.2114,46.0606,-58.0435,77.0749,1.13924,-0.852728,,0,0,0,0,0,0,,0,0,0,0,0,0,,-1718.15,-1718.15,0,0,0,0,0,,3.54504,3.54504,0,0,0,0,0,,8.65382e+007,8.65382e+007,0,0,,154.019,240.128,178.49,336.515,1.00049,0.559082,,154.019,240.128,178.49,336.515,1.00049,0.559082,,0,0,0,0,0,0,,0,0,0,0,0,0,,-1678.09,-1678.09,-0,-0,-0,-0,-0
1.395,,-18.9935,12.4558,-37.8977,44.1829,2.56116,-1.03087,,-18.9935,12.4558,-37.8977,44.1829,2.56116,-1.03087,,0,0,0,0,0,0,,0,0,0,0,0,0,,-1632.57,-1632.57,0,0,0,0,0,,2.92278,2.92278,0,0,0,0,0,,6.80631e+007,6.80631e+007,0,0,,-222.937,-200.547,-253.318,392.543,-2.40902,-0.701449,,-222.937,-200.547,-253.318,392.543,-2.40902,-0.701449,,0,0,0,0,0,0,,0,0,0,0,0,0,,-1726.55,-1726.55,-0,-0,-0,-0,-0
1.41,,-30.228,7.30474,-14.0502,34.1248,2.90448,-0.424351,,-30.228,7.30474,-14.0502,34.1248,2.90448,-0.424351,,0,0,0,0,0,0,,0,0,0,0,0,0,,-1591.76,-1591.76,0,0,0,0,0,,4.04389,4.04389,0,0,0,0,0,,5.83106e+007,5.83106e+007,0,0,,-89.4527,348.197,-8.83963,359.613,1.82226,-0.0245835,,-89.4527,348.197,-8.83963,359.613,1.82226,-0.0245835,,0,0,0,0,0,0,,0,0,0,0,0,0,,-1767.45,-1767.45,-0,-0,-0,-0,-0
1.425,,30.5175,8.87558,-39.4032,50.6232,0.283028,-0.892054,,30.5175,8.87558,-39.4032,50.6232,0.283028,-0.892054,,0,0,0,0,0,0,,0,0,0,0,0,0,,-1543.18,-1543.18,0,0,0,0,0,,3.50043,3.50043,0,0,0,0,0,,4.93666e+007,4.93666e+007,0,0,,-245.461,-102.33,125.095,293.89,-2.74661,0.439681,,-245.461,-102.33,125.095,293.89,-2.74661,0.439681,,0,0,0,0,0,0,,0,0,0,0,0,0,,-1613.07,-1613.07,-0,-0,-0,-0,-0
1.44,,-12.5199,27.4937,3.07818,30.3666,1.99811,0.101542,,-12.5199,27.4937,3.07818,30.3666,1.99811,0.101542,,0,0,0,0,0,0,,0,0,0,0,0,0,,-1534.17,-1534.17,0,0,0,0,0,,4.27277,4.27277,0,0,0,0,0,,5.08456e+007,5.08456e+007,0,0,,-146.35,-10.1925,144.741,206.088,-3.07206,0.77866,,-146.35,-10.1925,144.741,206.088,-3.07206,0.77866,,0,0,0,0,0,0,,0,0,0,0,0,0,,-1463.46,-1463.46,-0,-0,-0,-0,-0
1.455,,32.5792,27.2773,-43.2382,60.6218,0.697051,-0.794117,,32.5792,27.2773,-43.2382,60.6218,0.697051,-0.794117,,0,0,0,0,0,0,,0,0,0,0,0,0,,-1463.08,-1463.08,0,0,0,0,0,,2.84273,2.84273,0,0,0,0,0,,3.71912e+007,3.71912e+007,0,0,,-206.311,88.4152,-189.285,293.616,2.73672,-0.700589,,-206.311,88.4152,-189.285,293.616,2.73672,-0.700589,,0,0,0,0,0,0,,0,0,0,0,0,0,,-1580.99,-1580.99,-0,-0,-0,-0,-0
1.47,,-16.0768,29.9602,-11.1841,35.7933,2.0633,-0.317784,,-16.0768,29.9602,-11.1841,35.7933,2.0633,-0.317784,,0,0,0,0,0,0,,0,0,0,0,0,0,,-1427.38,-1427.38,0,0,0,0,0,,3.60443,3.60443,0,0,0,0,0,,2.98502e+007,2.98502e+007,0,0,,94.2796,-36.9211,-49.3193,112.624,-0.373255,-0.453273,,94.2796,-36.9211,-49.3193,112.624,-0.373255,-0.453273,,0,0,0,0,0,0,,0,0,0,0,0,0,,-1447.31,-1447.31,-0,-0,-0,-0,-0
1.485,,-11.8563,-6.61702,8.75226,16.1542,-2.63255,0.57257,,-11.8563,-6.61702,8.75226,16.1542,-2.63255,0.57257,,0,0,0,0,0,0,,0,0,0,0,0,0,,-1391.95,-1391.95,0,0,0,0,0,,2.32119,2.32119,0,0,0,0,0,,2.21363e+007,2.21363e+007,0,0,,-289.525,-5.31023,62.7444,296.293,-3.12325,0.21338,,-289.525,-5.31023,62.7444,296.293,-3.12325,0.21338,,0,0,0,0,0,0,,0,0,0,0,0,0,,-1503.37,-1503.37,-0,-0,-0,-0,-0
1.5,,-31.4117,-6.48429,-22.9231,39.4235,-2.93802,-0.620521,,-31.4117,-6.48429,-22.9231,39.4235,-2.93802,-0.620521,,0,0,0,0,0,0,,0,0,0,0,0,0,,-1350.16,-1350.16,0,0,0,0,0,,2.67306,2.67306,0,0,0,0,0,,2.26802e+007,2.26802e+007,0,0,,-27.9072,-121.994,-115.166,170.072,-1.79569,-0.743896,,-27.9072,-121.994,-115.166,170.072,-1.79569,-0.743896,,0,0,0,0,0,0,,0,0,0,0,0,0,,-1326.32,-1326.32,-0,-0,-0,-0,-0
1.515,,-9.57245,16.5099,-14.7783,24.1373,2.09623,-0.658918,,-9.57245,16.5099,-14.7783,24.1373,2.09623,-0.658918,,0,0,0,0,0,0,,0,0,0,0,0,0,,-1312.32,-1312.32,0,0,0,0,0,,2.21584,2.21584,0,0,0,0,0,,1.72142e+007,1.72142e+007,0,0,,131.479,-90.2377,83.3218,179.923,-0.60149,0.481487,,131.479,-90.2377,83.3218,179.923,-0.60149,0.481487,,0,0,0,0,0,0,,0,0,0,0,0,0,,-1332.5,-1332.5,-0,-0,-0,-0,-0
1.53,,-22.8063,-13.255,3.66256,26.6315,-2.61511,0.137965,,-22.8063,-13.255,3.66256,26.6315,-2.61511,0.137965,,0,0,0,0,0,0,,0,0,0,0,0,0,,-1300.46,-1300.46,0,0,0,0,0,,1.38323,1.38323,0,0,0,0,0,,1.71017e+007,1.71017e+007,0,0,,-71.4004,102.146,-54.0323,135.836,2.18085,-0.409093,,-71.4004,102.146,-54.0323,135.836,2.18085,-0.409093,,0,0,0,0,0,0,,0,0,0,0,0,0,,-1346.46,-1346.46,-0,-0,-0,-0,-0
1.545,,-7.14737,-12.1777,-10.2069,17.423,-2.10155,-0.625904,,-7.14737,-12.1777,-10.2069,17.423,-2.10155,-0.625904,,0,0,0,0,0,0,,0,0,0,0,0,0,,-1247.03,-1247.03,0,0,0,0,0,,2.56538,2.56538,0,0,0,0,0,,1.44811e+007,1.44811e+007,0,0,,-231.949,49.7378,67.622,246.671,2.93036,0.277693,,-231.949,49.7378,67.622,246.671,2.93036,0.277693,,0,0,0,0,0,0,,0,0,0,0,0,0,,-1304.13,-1304.13,-0,-0,-0,-0,-0
1.56,,11.8565,-0.448339,-1.46679,11.9553,-0.0377959,-0.123,,11.8565,-0.448339,-1.46679,11.9553,-0.0377959,-0.123,,0,0,0,0,0,0,,0,0,0,0,0,0,,-1206.95,-1206.95,0,0,0,0,0,,1.84266,1.84266,0,0,0,0,0,,9.18393e+006,9.18393e+006,0,0,,89.783,-151.399,6.12559,176.125,-1.03552,0.0347867,,89.783,-151.399,6.12559,176.125,-1.03552,0.0347867,,0,0,0,0,0,0,,0,0,0,0,0,0,,-1249.08,-1249.08,-0,-0,-0,-0,-0
1.575,,34.8731,3.60392,2.4054,35.1412,0.102978,0.068503,,34.8731,3.60392,2.4054,35.1412,0.102978,0.068503,,0,0,0,0,0,0,,0,0,0,0,0,0,,-1215.7,-1215.7,0,0,0,0,0,,2.81499,2.81499,0,0,0,0,0,,1.24098e+007,1.24098e+007,0,0,,107.4,-53.0991,-136.72,181.788,-0.459161,-0.851224,,107.4,-53.0991,-136.72,181.788,-0.459161,-0.851224,,0,0,0,0,0,0,,0,0,0,0,0,0,,-1230.56,-1230.56,-0,-0,-0,-0,-0
1.59,,16.9589,-1.59121,7.64845,18.6717,-0.0935539,0.422045,,16.9589,-1.59121,7.64845,18.6717,-0.0935539,0.422045,,0,0,0,0,0,0,,0,0,0,0,0,0,,-1176.07,-1176.07,0,0,0,0,0,,2.08438,2.08438,0,0,0,0,0,,9.57856e+006,9.57856e+006,0,0,,-30.5118,-66.4907,121.408,141.746,-2.00102,1.02849,,-30.5118,-66.4907,121.408,141.746,-2.00102,1.02849,,0,0,0,0,0,0,,0,0,0,0,0,0,,-1251.88,-1251.88,-0,-0,-0,-0,-0
1.605,,-4.05313,-0.778218,-6.11985,7.38147,-2.9519,-0.977466,,-4.05313,-0.778218,-6.11985,7.38147,-2.9519,-0.977466,,0,0,0,0,0,0,,0,0,0,0,0,0,,-1156.81,-1156.81,0,0,0,0,0,,2.03258,2.03258,0,0,0,0,0,,9.5699e+006,9.5699e+006,0,0,,-105.748,32.6196,29.4314,114.512,2.84239,0.259933,,-105.748,32.6196,29.4314,114.512,2.84239,0.259933,,0,0,0,0,0,0,,0,0,0,0,0,0,,-1089.46,-1089.46,-0,-0,-0,-0,-0
1.62,,-2.12197,-16.4815,17.56,24.1763,-1.69884,0.812966,,-2.12197,-16.4815,17.56,24.1763,-1.69884,0.812966,,0,0,0,0,0,0,,0,0,0,0,0,0,,-1136.97,-1136.97,0,0,0,0,0,,2.28825,2.28825,0,0,0,0,0,,7.22006e+006,7.22006e+006,0,0,,-32.4281,-14.8138,32.393,48.1699,-2.71308,0.737547,,-32.4281,-14.8138,32.393,48.1699,-2.71308,0.737547,,0,0,0,0,0,0,,0,0,0,0,0,0,,-1126.14,-1126.14,-0,-0,-0,-0,-0
1.635,,-2.26626,-1.34754,0.991576,2.81692,-2.60515,0.359715,,-2.26626,-1.34754,0.991576,2.81692,-2.60515,0.359715,,0,0,0,0,0,0,,0,0,0,0,0,0,,-1109.5,-1109.5,0,0,0,0,0,,1.75044,1.75044,0,0,0,0,0,,8.13438e+006,8.13438e+006,0,0,,104.46,122.199,-14.5039,161.416,0.863503,-0.0899759,,104.46,122.199,-14.5039,161.416,0.863503,-0.0899759,,0,0,0,0,0,0,,0,0,0,0,0,0,,-1151.83,-1151.83,-0,-0,-0,-0,-0
1.65,,-15.3574,14.3496,15.0402,25.8451,2.39011,0.621109,,-15.3574,14.3496,15.0402,25.8451,2.39011,0.621109,,0,0,0,0,0,0,,0,0,0,0,0,0,,-1064.64,-1064.64,0,0,0,0,0,,1.32161,1.32161,0,0,0,0,0,,5.86986e+006,5.86986e+006,0,0,,45.5586,6.70081,70.4255,84.1441,0.146034,0.991709,,45.5586,6.70081,70.4255,84.1441,0.146034,0.991709,,0,0,0,0,0,0,,0,0,0,0,0,0,,-1051.22,-1051.22,-0,-0,-0,-0,-0
1.665,,9.52101,5.2208,17.3592,20.4755,0.501571,1.01182,,9.52101,5.2208,17.3592,20.4755,0.501571,1.01182,,0,0,0,0,0,0,,0,0,0,0,0,0,,-1080.55,-1080.55,0,0,0,0,0,,1.11626,1.11626,0,0,0,0,0,,6.58537e+006,6.58537e+006,0,0,,12.0053,-72.266,2.21959,73.29,-1.40617,0.0302896,,12.0053,-72.266,2.21959,73.29,-1.40617,0.0302896,,0,0,0,0,0,0,,0,0,0,0,0,0,,-1037.96,-1037.96,-0,-0,-0,-0,-0
1.68,,-10.6176,-9.37669,-8.5336,16.5372,-2.41818,-0.542203,,-10.6176,-9.37669,-8.5336,16.5372,-2.41818,-0.542203,,0,0,0,0,0,0,,0,0,0,0,0,0,,-1054.58,-1054.58,0,0,0,0,0,,0.938759,0.938759,0,0,0,0,0,,5.71095e+006,5.71095e+006,0,0,,12.3553,-33.5885,-110.759,116.397,-1.21831,-1.25826,,12.3553,-33.5885,-110.759,116.397,-1.21831,-1.25826,,0,0,0,0,0,0,,0,0,0,0,0,0,,-1078.41,-1078.41,-0,-0,-0,-0,-0
1.695,,-13.2031,3.3737,-27.2377,30.4565,2.89142,-1.1069,,-13.2031,3.3737,-27.2377,30.4565,2.89142,-1.1069,,0,0,0,0,0,0,,0,0,0,0,0,0,,-1013.9,-1013.9,0,0,0,0,0,,1.2225,1.2225,0,0,0,0,0,,5.98059e+006,5.98059e+006,0,0,,-52.4708,-38.6899,-37.4448,75.1812,-2.50623,-0.521361,,-52.4708,-38.6899,-37.4448,75.1812,-2.50623,-0.521361,,0,0,0,0,0,0,,0,0,0,0,0,0,,-1021.86,-1021.86,-0,-0,-0,-0,-0
1.71,,-5.35305,14.5327,20.7243,25.8719,1.92372,0.929026,,-5.35305,14.5327,20.7243,25.8719,1.92372,0.929026,,0,0,0,0,0,0,,0,0,0,0,0,0,,-1016.65,-1016.65,0,0,0,0,0,,0.617494,0.617494,0,0,0,0,0,,3.45333e+006,3.45333e+006,0,0,,-79.3194,-5.789,-17.1082,81.3497,-3.06874,-0.211886,,-79.3194,-5.789,-17.1082,81.3497,-3.06874,-0.211886,,0,0,0,0,0,0,,0,0,0,0,0,0,,-1024.86,-1024.86,-0,-0,-0,-0,-0
1.725,,1.79966,-11.3862,-10.671,15.7084,-1.41404,-0.746835,,1.79966,-11.3862,-10.671,15.7084,-1.41404,-0.746835,,0,0,0,0,0,0,,0,0,0,0,0,0,,-1017.79,-1017.79,0,0,0,0,0,,0.881262,0.881262,0,0,0,0,0,,6.09827e+006,6.09827e+006,0,0,,0.263631,92.2105,-72.8076,117.49,1.56794,-0.668353,,0.263631,92.2105,-72.8076,117.49,1.56794,-0.668353,,0,0,0,0,0,0,,0,0,0,0,0,0,,-1100.64,-1100.64,-0,-0,-0,-0,-0
1.74,,-5.66702,-3.97678,-5.34583,8.74688,-2.5297,-0.657539,,-5.66702,-3.97678,-5.34583,8.74688,-2.5297,-0.657539,,0,0,0,0,0,0,,0,0,0,0,0,0,,-989.734,-989.734,0,0,0,0,0,,0.86483,0.86483,0,0,0,0,0,,5.05777e+006,5.05777e+006,0,0,,-61.221,67.2119,-78.0796,119.841,2.30958,-0.709595,,-61.221,67.2119,-78.0796,119.841,2.30958,-0.709595,,0,0,0,0,0,0,,0,0,0,0,0,0,,-1032.82,-1032.82,-0,-0,-0,-0,-0
1.755,,14.258,23.1003,1.53581,27.1896,1.01781,0.0565152,,14.258,23.1003,1.53581,27.1896,1.01781,0.0565152,,0,0,0,0,0,0,,0,0,0,0,0,0,,-990.291,-990.291,0,0,0,0,0,,1.31914,1.31914,0,0,0,0,0,,5.13154e+006,5.13154e+006,0,0,,-12.2376,-18.2033,119.689,121.682,-2.16267,1.38955,,-12.2376,-18.2033,119.689,121.682,-2.16267,1.38955,,0,0,0,0,0,0,,0,0,0,0,0,0,,-902.65,-902.65,-0,-0,-0,-0,-0
1.77,,6.80626,14.1988,12.69,20.2229,1.1238,0.678344,,6.80626,14.1988,12.69,20.2229,1.1238,0.678344,,0,0,0,0,0,0,,0,0,0,0,0,0,,-961.833,-961.833,0,0,0,0,0,,0.802636,0.802636,0,0,0,0,0,,4.27643e+006,4.27643e+006,0,0,,-39.1605,63.96,5.49869,75.1975,2.12019,0.0731886,,-39.1605,63.96,5.49869,75.1975,2.12019,0.0731886,,0,0,0,0,0,0,,0,0,0,0,0,0,,-886.164,-886.164,-0,-0,-0,-0,-0
1.785,,8.10254,10.9766,6.21827,14.9934,0.934912,0.427649,,8.10254,10.9766,6.21827,14.9934,0.934912,0.427649,,0,0,0,0,0,0,,0,0,0,0,0,0,,-969.958,-969.958,0,0,0,0,0,,1.18896,1.18896,0,0,0,0,0,,4.18094e+006,4.18094e+006,0,0,,-24.6118,28.4929,-64.6014,74.7725,2.28324,-1.04311,,-24.6118,28.4929,-64.6014,74.7725,2.28324,-1.04311,,0,0,0,0,0,0,,0,0,0,0,0,0,,-1052.88,-1052.88,-0,-0,-0,-0,-0
1.8,,-4.95904,-16.1622,-4.21298,17.4229,-1.86851,-0.244227,,-4.95904,-16.1622,-4.21298,17.4229,-1.86851,-0.244227,,0,0,0,0,0,0,,0,0,0,0,0,0,,-932.488,-932.488,0,0,0,0,0,,1.12371,1.12371,0,0,0,0,0,,2.7733e+006,2.7733e+006,0,0,,-40.2688,-29.9351,39.1195,63.6241,-2.50234,0.662201,,-40.2688,-29.9351,39.1195,63.6241,-2.50234,0.662201,,0,0,0,0,0,0,,0,0,0,0,0,0,,-900.944,-900.944,-0,-0,-0,-0,-0
1.815,,-10.2515,-2.80552,3.65346,11.2389,-2.87446,0.33109,,-10.2515,-2.80552,3.65346,11.2389,-2.87446,0.33109,,0,0,0,0,0,0,,0,0,0,0,0,0,,-900.688,-900.688,0,0,0,0,0,,0.909235,0.909235,0,0,0,0,0,,3.33269e+006,3.33269e+006,0,0,,-15.5914,-16.6698,-45.4235,50.8357,-2.32278,-1.10516,,-15.5914,-16.6698,-45.4235,50.8357,-2.32278,-1.10516,,0,0,0,0,0,0,,0,0,0,0,0,0,,-863.058,-863.058,-0,-0,-0,-0,-0
1.83,,2.87014,-1.73565,11.9693,12.4304,-0.543887,1.29758,,2.87014,-1.73565,11.9693,12.4304,-0.543887,1.29758,,0,0,0,0,0,0,,0,0,0,0,0,0,,-898.21,-898.21,0,0,0,0,0,,0.603531,0.603531,0,0,0,0,0,,2.25846e+006,2.25846e+006,0,0,,3.17516,19.0266,-27.3966,33.5063,1.40544,-0.957329,,3.17516,19.0266,-27.3966,33.5063,1.40544,-0.957329,,0,0,0,0,0,0,,0,0,0,0,0,0,,-978.959,-978.959,-0,-0,-0,-0,-0
1.845,,5.1251,3.27444,5.51293,8.2086,0.568535,0.736373,,5.1251,3.27444,5.51293,8.2086,0.568535,0.736373,,0,0,0,0,0,0,,0,0,0,0,0,0,,-874.894,-874.894,0,0,0,0,0,,0.883002,0.883002,0,0,0,0,0,,2.67344e+006,2.67344e+006,0,0,,-69.8297,9.71817,28.4879,76.0407,3.00331,0.384008,,-69.8297,9.71817,28.4879,76.0407,3.00331,0.384008,,0,0,0,0,0,0,,0,0,0,0,0,0,,-901.454,-901.454,-0,-0,-0,-0,-0
1.86,,10.7816,-4.84867,-14.8796,19.004,-0.42262,-0.899424,,10.7816,-4.84867,-14.8796,19.004,-0.42262,-0.899424,,0,0,0,0,0,0,,0,0,0,0,0,0,,-881.939,-881.939,0,0,0,0,0,,0.553258,0.553258,0,0,0,0,0,,2.25632e+006,2.25632e+006,0,0,,39.6202,3.69906,31.8051,50.9412,0.0930931,0.674298,,39.6202,3.69906,31.8051,50.9412,0.0930931,0.674298,,0,0,0,0,0,0,,0,0,0,0,0,0,,-842.901,-842.901,-0,-0,-0,-0,-0
1.875,,4.88969,1.93635,-27.4262,27.9258,0.37706,-1.38134,,4.88969,1.93635,-27.4262,27.9258,0.37706,-1.38134,,0,0,0,0,0,0,,0,0,0,0,0,0,,-857.01,-857.01,0,0,0,0,0,,1.01046,1.01046,0,0,0,0,0,,3.36977e+006,3.36977e+006,0,0,,-31.0434,-13.2188,-0.778471,33.7496,-2.73903,-0.0230681,,-31.0434,-13.2188,-0.778471,33.7496,-2.73903,-0.0230681,,0,0,0,0,0,0,,0,0,0,0,0,0,,-772.225,-772.225,-0,-0,-0,-0,-0
1.89,,-2.76052,-1.04274,-7.87012,8.40515,-2.78043,-1.21207,,-2.76052,-1.04274,-7.87012,8.40515,-2.78043,-1.21207,,0,0,0,0,0,0,,0,0,0,0,0,0,,-843.051,-843.051,0,0,0,0,0,,0.85995,0.85995,0,0,0,0,0,,3.54576e+006,3.54576e+006,0,0,,-25.6314,-41.6736,-51.4045,70.9654,-2.12221,-0.810106,,-25.6314,-41.6736,-51.4045,70.9654,-2.12221,-0.810106,,0,0,0,0,0,0,,0,0,0,0,0,0,,-889.293,-889.293,-0,-0,-0,-0,-0
1.905,,13.0716,1.10007,-3.22862,13.5093,0.0839593,-0.241329,,13.0716,1.10007,-3.22862,13.5093,0.0839593,-0.241329,,0,0,0,0,0,0,,0,0,0,0,0,0,,-847.895,-847.895,0,0,0,0,0,,0.633618,0.633618,0,0,0,0,0,,2.65142e+006,2.65142e+006,0,0,,15.3784,-41.8662,-6.45225,45.0655,-1.21877,-0.143668,,15.3784,-41.8662,-6.45225,45.0655,-1.21877,-0.143668,,0,0,0,0,0,0,,0,0,0,0,0,0,,-870.152,-870.152,-0,-0,-0,-0,-0
1.92,,-1.50654,17.4959,-11.3723,20.9214,1.65669,-0.574688,,-1.50654,17.4959,-11.3723,20.9214,1.65669,-0.574688,,0,0,0,0,0,0,,0,0,0,0,0,0,,-838.234,-838.234,0,0,0,0,0,,0.958235,0.958235,0,0,0,0,0,,3.06364e+006,3.06364e+006,0,0,,-72.3458,23.3077,14.0805,77.3008,2.82992,0.183175,,-72.3458,23.3077,14.0805,77.3008,2.82992,0.183175,,0,0,0,0,0,0,,0,0,0,0,0,0,,-1000.58,-1000.58,-0,-0,-0,-0,-0
1.935,,6.3145,1.59138,8.25515,10.5144,0.246878,0.902901,,6.3145,1.59138,8.25515,10.5144,0.246878,0.902901,,0,0,0,0,0,0,,0,0,0,0,0,0,,-810.363,-810.363,0,0,0,0,0,,0.771384,0.771384,0,0,0,0,0,,2.86208e+006,2.86208e+006,0,0,,45.0812,-16.4093,11.5629,49.3485,-0.349087,0.23651,,45.0812,-16.4093,11.5629,49.3485,-0.349087,0.23651,,0,0,0,0,0,0,,0,0,0,0,0,0,,-779.48,-779.48,-0,-0,-0,-0,-0
1.95,,-1.71158,-10.6921,1.16675,10.8909,-1.72953,0.107336,,-1.71158,-10.6921,1.16675,10.8909,-1.72953,0.107336,,0,0,0,0,0,0,,0,0,0,0,0,0,,-833.298,-833.298,0,0,0,0,0,,0.554096,0.554096,0,0,0,0,0,,2.80541e+006,2.80541e+006,0,0,,-68.1499,41.5148,-65.4102,103.181,2.59446,-0.686631,,-68.1499,41.5148,-65.4102,103.181,2.59446,-0.686631,,0,0,0,0,0,0,,0,0,0,0,0,0,,-875.401,-875.401,-0,-0,-0,-0,-0
1.965,,-10.8726,-2.75092,11.6155,16.1462,-2.89378,0.802933,,-10.8726,-2.75092,11.6155,16.1462,-2.89378,0.802933,,0,0,0,0,0,0,,0,0,0,0,0,0,,-798.522,-798.522,0,0,0,0,0,,0.906474,0.906474,0,0,0,0,0,,1.9664e+006,1.9664e+006,0,0,,7.02915,-74.8874,25.8707,79.5413,-1.47721,0.331275,,7.02915,-74.8874,25.8707,79.5413,-1.47721,0.331275,,0,0,0,0,0,0,,0,0,0,0,0,0,,-857.115,-857.115,-0,-0,-0,-0,-0
1.98,,0.611099,-1.09924,7.75816,7.85944,-1.06341,1.41008,,0.611099,-1.09924,7.75816,7.85944,-1.06341,1.41008,,0,0,0,0,0,0,,0,0,0,0,0,0,,-790.032,-790.032,0,0,0,0,0,,0.578716,0.578716,0,0,0,0,0,,2.99721e+006,2.99721e+006,0,0,,-12.6993,11.0653,-93.4644,94.97,2.42484,-1.39249,,-12.6993,11.0653,-93.4644,94.97,2.42484,-1.39249,,0,0,0,0,0,0,,0,0,0,0,0,0,,-787.371,-787.371,-0,-0,-0,-0,-0
1.995,,1.7486,-0.18754,6.15322,6.3996,-0.106844,1.29241,,1.7486,-0.18754,6.15322,6.3996,-0.106844,1.29241,,0,0,0,0,0,0,,0,0,0,0,0,0,,-778.616,-778.616,0,0,0,0,0,,1.0071,1.0071,0,0,0,0,0,,2.25444e+006,2.25444e+006,0,0,,42.0699,38.7614,114.243,127.765,0.74449,1.10657,,42.0699,38.7614,114.243,127.765,0.74449,1.10657,,0,0,0,0,0,0,,0,0,0,0,0,0,,-725.993,-725.993,-0,-0,-0,-0,-0
2.01,,-7.80904,2.67674,0.0112499,8.25507,2.81137,0.00136279,,-7.80904,2.67674,0.0112499,8.25507,2.81137,0.00136279,,0,0,0,0,0,0,,0,0,0,0,0,0,,-759.861,-759.861,0,0,0,0,0,,0.758116,0.758116,0,0,0,0,0,,1.96075e+006,1.96075e+006,0,0,,30.9918,-14.1582,46.259,57.453,-0.428525,0.93595,,30.9918,-14.1582,46.259,57.453,-0.428525,0.93595,,0,0,0,0,0,0,,0,0,0,0,0,0,,-715.087,-715.087,-0,-0,-0,-0,-0
2.025,,8.11254,-5.03107,9.22537,13.2753,-0.555111,0.768322,,8.11254,-5.03107,9.22537,13.2753,-0.555111,0.768322,,0,0,0,0,0,0,,0,0,0,0,0,0,,-758.949,-758.949,0,0,0,0,0,,0.53753,0.53753,0,0,0,0,0,,2.3354e+006,2.3354e+006,0,0,,7.36706,-48.5956,-86.8807,99.8201,-1.42034,-1.05596,,7.36706,-48.5956,-86.8807,99.8201,-1.42034,-1.05596,,0,0,0,0,0,0,,0,0,0,0,0,0,,-723.03,-723.03,-0,-0,-0,-0,-0
2.04,,-4.62437,9.55311,6.21847,12.3011,2.02162,0.529988,,-4.62437,9.55311,6.21847,12.3011,2.02162,0.529988,,0,0,0,0,0,0,,0,0,0,0,0,0,,-745.254,-745.254,0,0,0,0,0,,0.714467,0.714467,0,0,0,0,0,,2.09195e+006,2.09195e+006,0,0,,-44.4164,30.9034,0.139385,54.1096,2.53371,0.00257599,,-44.4164,30.9034,0.139385,54.1096,2.53371,0.00257599,,0,0,0,0,0,0,,0,0,0,0,0,0,,-789.348,-789.348,-0,-0,-0,-0,-0
2.055,,3.63987,-1.1151,-1.95011,4.27727,-0.297279,-0.473409,,3.63987,-1.1151,-1.95011,4.27727,-0.297279,-0.473409,,0,0,0,0,0,0,,0,0,0,0,0,0,,-733.918,-733.918,0,0,0,0,0,,0.637901,0.637901,0,0,0,0,0,,1.99639e+006,1.99639e+006,0,0,,8.00718,21.4176,-6.5029,23.7722,1.21303,-0.277083,,8.00718,21.4176,-6.5029,23.7722,1.21303,-0.277083,,0,0,0,0,0,0,,0,0,0,0,0,0,,-712.752,-712.752,-0,-0,-0,-0,-0
2.07,,-5.33505,5.69826,-6.02163,9.85865,2.32329,-0.657067,,-5.33505,5.69826,-6.02163,9.85865,2.32329,-0.657067,,0,0,0,0,0,0,,0,0,0,0,0,0,,-728.011,-728.011,0,0,0,0,0,,0.41102,0.41102,0,0,0,0,0,,2.07313e+006,2.07313e+006,0,0,,7.57197,27.0592,7.91376,29.1918,1.29795,0.274531,,7.57197,27.0592,7.91376,29.1918,1.29795,0.274531,,0,0,0,0,0,0,,0,0,0,0,0,0,,-676.377,-676.377,-0,-0,-0,-0,-0
2.085,,-5.00283,-4.6615,-4.32943,8.09332,-2.3915,-0.564435,,-5.00283,-4.6615,-4.32943,8.09332,-2.3915,-0.564435,,0,0,0,0,0,0,,0,0,0,0,0,0,,-705.808,-705.808,0,0,0,0,0,,0.786647,0.786647,0,0,0,0,0,,1.75617e+006,1.75617e+006,0,0,,5.70927,15.11,27.7641,32.1209,1.20953,1.04388,,5.70927,15.11,27.7641,32.1209,1.20953,1.04388,,0,0,0,0,0,0,,0,0,0,0,0,0,,-778.032,-778.032,-0,-0,-0,-0,-0
2.1,,-10.7163,-9.83905,-5.99831,15.7361,-2.39884,-0.391074,,-10.7163,-9.83905,-5.99831,15.7361,-2.39884,-0.391074,,0,0,0,0,0,0,,0,0,0,0,0,0,,-720.481,-720.481,0,0,0,0,0,,0.612368,0.612368,0,0,0,0,0,,1.96819e+006,1.96819e+006,0,0,,40.0751,8.00905,-70.0028,81.0589,0.197252,-1.04237,,40.0751,8.00905,-70.0028,81.0589,0.197252,-1.04237,,0,0,0,0,0,0,,0,0,0,0,0,0,,-665.134,-665.134,-0,-0,-0,-0,-0
2.115,,3.62531,-3.10516,-3.61603,5.98837,-0.708268,-0.648313,,3.62531,-3.10516,-3.61603,5.98837,-0.708268,-0.648313,,0,0,0,0,0,0,,0,0,0,0,0,0,,-689.234,-689.234,0,0,0,0,0,,0.693707,0.693707,0,0,0,0,0,,1.84144e+006,1.84144e+006,0,0,,59.9964,-30.3803,23.3064,71.1739,-0.46873,0.333611,,59.9964,-30.3803,23.3064,71.1739,-0.46873,0.333611,,0,0,0,0,0,0,,0,0,0,0,0,0,,-696.858,-696.858,-0,-0,-0,-0,-0
2.13,,-3.16314,5.02837,6.70716,8.95968,2.13231,0.845938,,-3.16314,5.02837,6.70716,8.95968,2.13231,0.845938,,0,0,0,0,0,0,,0,0,0,0,0,0,,-704.891,-704.891,0,0,0,0,0,,0.538836,0.538836,0,0,0,0,0,,1.47541e+006,1.47541e+006,0,0,,-54.2804,35.4754,29.1861,71.1104,2.56272,0.422929,,-54.2804,35.4754,29.1861,71.1104,2.56272,0.422929,,0,0,0,0,0,0,,0,0,0,0,0,0,,-813.186,-813.186,-0,-0,-0,-0,-0
2.145,,3.5629,-1.93803,-13.1292,13.7414,-0.498184,-1.27117,,3.5629,-1.93803,-13.1292,13.7414,-0.498184,-1.27117,,0,0,0,0,0,0,,0,0,0,0,0,0,,-668.08,-668.08,0,0,0,0,0,,0.60404,0.60404,0,0,0,0,0,,1.49042e+006,1.49042e+006,0,0,,-57.6988,3.04878,-19.3759,60.9415,3.0888,-0.323558,,-57.6988,3.04878,-19.3759,60.9415,3.0888,-0.323558,,0,0,0,0,0,0,,0,0,0,0,0,0,,-734.026,-734.026,-0,-0,-0,-0,-0
2.16,,2.93943,5.69664,-2.01867,6.72063,1.09444,-0.305079,,2.93943,5.69664,-2.01867,6.72063,1.09444,-0.305079,,0,0,0,0,0,0,,0,0,0,0,0,0,,-675.368,-675.368,0,0,0,0,0,,0.450499,0.450499,0,0,0,0,0,,1.9364e+006,1.9364e+006,0,0,,-72.9347,32.7972,-61.0391,100.603,2.71901,-0.651946,,-72.9347,32.7972,-61.0391,100.603,2.71901,-0.651946,,0,0,0,0,0,0,,0,0,0,0,0,0,,-758.101,-758.101,-0,-0,-0,-0,-0
2.175,,0.904852,2.26064,1.42232,2.81997,1.19006,0.528657,,0.904852,2.26064,1.42232,2.81997,1.19006,0.528657,,0,0,0,0,0,0,,0,0,0,0,0,0,,-676.721,-676.721,0,0,0,0,0,,0.431107,0.431107,0,0,0,0,0,,1.39092e+006,1.39092e+006,0,0,,36.3858,-9.20396,65.8752,75.8168,-0.247758,1.05292,,36.3858,-9.20396,65.8752,75.8168,-0.247758,1.05292,,0,0,0,0,0,0,,0,0,0,0,0,0,,-658.075,-658.075,-0,-0,-0,-0,-0
2.19,,-2.45863,-0.491194,-2.55631,3.58062,-2.9444,-0.795094,,-2.45863,-0.491194,-2.55631,3.58062,-2.9444,-0.795094,,0,0,0,0,0,0,,0,0,0,0,0,0,,-656.56,-656.56,0,0,0,0,0,,0.469722,0.469722,0,0,0,0,0,,2.09402e+006,2.09402e+006,0,0,,-38.7315,65.795,-41.7563,87.0212,2.10284,-0.500473,,-38.7315,65.795,-41.7563,87.0212,2.10284,-0.500473,,0,0,0,0,0,0,,0,0,0,0,0,0,,-734.133,-734.133,-0,-0,-0,-0,-0
2.205,,-0.800245,-10.8157,-8.91108,14.0367,-1.64465,-0.687806,,-0.800245,-10.8157,-8.91108,14.0367,-1.64465,-0.687806,,0,0,0,0,0,0,,0,0,0,0,0,0,,-647.81,-647.81,0,0,0,0,0,,0.614436,0.614436,0,0,0,0,0,,1.45876e+006,1.45876e+006,0,0,,52.1124,14.4466,-5.18497,54.3258,0.270429,-0.0955877,,52.1124,14.4466,-5.18497,54.3258,0.270429,-0.0955877,,0,0,0,0,0,0,,0,0,0,0,0,0,,-640.827,-640.827,-0,-0,-0,-0,-0
2.22,,6.89842,5.85727,-6.02812,10.8735,0.703956,-0.587623,,6.89842,5.85727,-6.02812,10.8735,0.703956,-0.587623,,0,0,0,0,0,0,,0,0,0,0,0,0,,-629.706,-629.706,0,0,0,0,0,,0.477638,0.477638,0,0,0,0,0,,1.363e+006,1.363e+006,0,0,,13.0525,-42.8623,27.596,52.6221,-1.2752,0.552033,,13.0525,-42.8623,27.596,52.6221,-1.2752,0.552033,,0,0,0,0,0,0,,0,0,0,0,0,0,,-537.745,-537.745,-0,-0,-0,-0,-0
2.235,,-0.564742,-1.70396,0.162663,1.80246,-1.89083,0.0903682,,-0.564742,-1.70396,0.162663,1.80246,-1.89083,0.0903682,,0,0,0,0,0,0,,0,0,0,0,0,0,,-642.864,-642.864,0,0,0,0,0,,0.563661,0.563661,0,0,0,0,0,,1.68029e+006,1.68029e+006,0,0,,37.81,-48.9516,-9.28133,62.546,-0.913115,-0.148942,,37.81,-48.9516,-9.28133,62.546,-0.913115,-0.148942,,0,0,0,0,0,0,,0,0,0,0,0,0,,-718.068,-718.068,-0,-0,-0,-0,-0
2.25,,-6.99411,-6.16651,-9.14767,13.0623,-2.419,-0.775834,,-6.99411,-6.16651,-9.14767,13.0623,-2.419,-0.775834,,0,0,0,0,0,0,,0,0,0,0,0,0,,-627.989,-627.989,0,0,0,0,0,,0.325367,0.325367,0,0,0,0,0,,1.47578e+006,1.47578e+006,0,0,,-59.7133,32.0566,29.9693,74.1044,2.64891,0.416345,,-59.7133,32.0566,29.9693,74.1044,2.64891,0.416345,,0,0,0,0,0,0,,0,0,0,0,0,0,,-676.928,-676.928,-0,-0,-0,-0,-0
2.265,,-4.67001,10.0554,-4.11114,11.8246,2.00558,-0.355093,,-4.67001,10.0554,-4.11114,11.8246,2.00558,-0.355093,,0,0,0,0,0,0,,0,0,0,0,0,0,,-619.601,-619.601,0,0,0,0,0,,0.556728,0.556728,0,0,0,0,0,,1.09599e+006,1.09599e+006,0,0,,18.588,12.2731,-53.4,57.8594,0.583563,-1.17562,,18.588,12.2731,-53.4,57.8594,0.583563,-1.17562,,0,0,0,0,0,0,,0,0,0,0,0,0,,-646.931,-646.931,-0,-0,-0,-0,-0
2.28,,-3.42247,1.50527,2.71218,4.61899,2.72724,0.627571,,-3.42247,1.50527,2.71218,4.61899,2.72724,0.627571,,0,0,0,0,0,0,,0,0,0,0,0,0,,-619.667,-619.667,0,0,0,0,0,,0.535904,0.535904,0,0,0,0,0,,954971,954971,0,0,,23.1334,20.5485,5.96859,31.5122,0.726291,0.190557,,23.1334,20.5485,5.96859,31.5122,0.726291,0.190557,,0,0,0,0,0,0,,0,0,0,0,0,0,,-609.488,-609.488,-0,-0,-0,-0,-0
2.295,,6.36483,3.64355,-2.09333,7.62683,0.519916,-0.278038,,6.36483,3.64355,-2.09333,7.62683,0.519916,-0.278038,,0,0,0,0,0,0,,0,0,0,0,0,0,,-603.365,-603.365,0,0,0,0,0,,0.578739,0.578739,0,0,0,0,0,,1.50045e+006,1.50045e+006,0,0,,-42.3194,44.583,33.981,70.2374,2.33015,0.504994,,-42.3194,44.583,33.981,70.2374,2.33015,0.504994,,0,0,0,0,0,0,,0,0,0,0,0,0,,-601.678,-601.678,-0,-0,-0,-0,-0
2.31,,5.15594,1.11055,8.5261,10.0255,0.212152,1.01682,,5.15594,1.11055,8.5261,10.0255,0.212152,1.01682,,0,0,0,0,0,0,,0,0,0,0,0,0,,-604.996,-604.996,0,0,0,0,0,,0.623049,0.623049,0,0,0,0,0,,1.51093e+006,1.51093e+006,0,0,,43.0946,29.1211,28.0591,59.0974,0.594263,0.49473,,43.0946,29.1211,28.0591,59.0974,0.594263,0.49473,,0,0,0,0,0,0,,0,0,0,0,0,0,,-606.683,-606.683,-0,-0,-0,-0,-0
2.325,,-1.43736,-0.419744,-3.18785,3.52201,-2.85747,-1.13166,,-1.43736,-0.419744,-3.18785,3.52201,-2.85747,-1.13166,,0,0,0,0,0,0,,0,0,0,0,0,0,,-592.292,-592.292,0,0,0,0,0,,0.297872,0.297872,0,0,0,0,0,,1.28566e+006,1.28566e+006,0,0,,-38.4895,-8.19468,-2.05789,39.4059,-2.93182,-0.0522466,,-38.4895,-8.19468,-2.05789,39.4059,-2.93182,-0.0522466,,0,0,0,0,0,0,,0,0,0,0,0,0,,-541.856,-541.856,-0,-0,-0,-0,-0
2.34,,-7.15529,1.9671,14.8816,16.6291,2.87331,1.10823,,-7.15529,1.9671,14.8816,16.6291,2.87331,1.10823,,0,0,0,0,0,0,,0,0,0,0,0,0,,-567.418,-567.418,0,0,0,0,0,,0.360071,0.360071,0,0,0,0,0,,1.18981e+006,1.18981e+006,0,0,,32.245,2.22377,3.36154,32.4959,0.0688558,0.10363,,32.245,2.22377,3.36154,32.4959,0.0688558,0.10363,,0,0,0,0,0,0,,0,0,0,0,0,0,,-540.502,-540.502,-0,-0,-0,-0,-0
2.355,,-0.00864704,7.13501,-5.16862,8.81039,1.57201,-0.626917,,-0.00864704,7.13501,-5.16862,8.81039,1.57201,-0.626917,,0,0,0,0,0,0,,0,0,0,0,0,0,,-574.961,-574.961,0,0,0,0,0,,0.456073,0.456073,0,0,0,0,0,,1.17677e+006,1.17677e+006,0,0,,-17.6938,-9.14152,-12.4371,23.4802,-2.66471,-0.558228,,-17.6938,-9.14152,-12.4371,23.4802,-2.66471,-0.558228,,0,0,0,0,0,0,,0,0,0,0,0,0,,-563.317,-563.317,-0,-0,-0,-0,-0
2.37,,-6.9965,1.08184,6.37163,9.52466,2.98818,0.732811,,-6.9965,1.08184,6.37163,9.52466,2.98818,0.732811,,0,0,0,0,0,0,,0,0,0,0,0,0,,-574.994,-574.994,0,0,0,0,0,,0.468489,0.468489,0,0,0,0,0,,1.03686e+006,1.03686e+006,0,0,,-14.1841,21.1957,0.942806,25.5213,2.16055,0.0369504,,-14.1841,21.1957,0.942806,25.5213,2.16055,0.0369504,,0,0,0,0,0,0,,0,0,0,0,0,0,,-574.748,-574.748,-0,-0,-0,-0,-0
2.385,,6.71992,1.03155,-7.32478,9.99368,0.152317,-0.822635,,6.71992,1.03155,-7.32478,9.99368,0.152317,-0.822635,,0,0,0,0,0,0,,0,0,0,0,0,0,,-563.861,-563.861,0,0,0,0,0,,0.322782,0.322782,0,0,0,0,0,,1.12207e+006,1.12207e+006,0,0,,-35.6032,-12.8256,-64.2426,74.56,-2.79583,-1.03846,,-35.6032,-12.8256,-64.2426,74.56,-2.79583,-1.03846,,0,0,0,0,0,0,,0,0,0,0,0,0,,-593.304,-593.304,-0,-0,-0,-0,-0
2.4,,-6.21983,-2.83885,1.64134,7.03132,-2.71341,0.235606,,-6.21983,-2.83885,1.64134,7.03132,-2.71341,0.235606,,0,0,0,0,0,0,,0,0,0,0,0,0,,-544.889,-544.889,0,0,0,0,0,,0.404692,0.404692,0,0,0,0,0,,1.1574e+006,1.1574e+006,0,0,,18.0878,4.62133,-32.0637,37.1026,0.250144,-1.04354,,18.0878,4.62133,-32.0637,37.1026,0.250144,-1.04354,,0,0,0,0,0,0,,0,0,0,0,0,0,,-497.832,-497.832,-0,-0,-0,-0,-0
2.415,,-4.07915,4.87242,-1.87913,6.62654,2.26781,-0.287521,,-4.07915,4.87242,-1.87913,6.62654,2.26781,-0.287521,,0,0,0,0,0,0,,0,0,0,0,0,0,,-561.321,-561.321,0,0,0,0,0,,0.40932,0.40932,0,0,0,0,0,,1.05636e+006,1.05636e+006,0,0,,-28.4989,14.7946,12.9585,34.6264,2.66276,0.383574,,-28.4989,14.7946,12.9585,34.6264,2.66276,0.383574,,0,0,0,0,0,0,,0,0,0,0,0,0,,-585.891,-585.891,-0,-0,-0,-0,-0
2.43,,2.59753,0.120515,4.31054,5.03413,0.0463628,1.02799,,2.59753,0.120515,4.31054,5.03413,0.0463628,1.02799,,0,0,0,0,0,0,,0,0,0,0,0,0,,-543.458,-543.458,0,0,0,0,0,,0.468529,0.468529,0,0,0,0,0,,1.16077e+006,1.16077e+006,0,0,,-25.6601,58.932,29.7361,70.8213,1.98146,0.433307,,-25.6601,58.932,29.7361,70.8213,1.98146,0.433307,,0,0,0,0,0,0,,0,0,0,0,0,0,,-465.778,-465.778,-0,-0,-0,-0,-0
2.445,,-6.7546,3.74405,-7.96531,11.0945,2.63546,-0.800851,,-6.7546,3.74405,-7.96531,11.0945,2.63546,-0.800851,,0,0,0,0,0,0,,0,0,0,0,0,0,,-540.412,-540.412,0,0,0,0,0,,0.439729,0.439729,0,0,0,0,0,,1.08659e+006,1.08659e+006,0,0,,11.8183,-8.97408,-30.4335,33.8586,-0.64945,-1.11712,,11.8183,-8.97408,-30.4335,33.8586,-0.64945,-1.11712,,0,0,0,0,0,0,,0,0,0,0,0,0,,-489.74,-489.74,-0,-0,-0,-0,-0
2.46,,6.56294,10.7322,6.95015,14.3721,1.02195,0.504747,,6.56294,10.7322,6.95015,14.3721,1.02195,0.504747,,0,0,0,0,0,0,,0,0,0,0,0,0,,-536.107,-536.107,0,0,0,0,0,,0.469265,0.469265,0,0,0,0,0,,1.00166e+006,1.00166e+006,0,0,,-7.23993,-27.0071,6.6447,28.7393,-1.83271,0.233317,,-7.23993,-27.0071,6.6447,28.7393,-1.83271,0.233317,,0,0,0,0,0,0,,0,0,0,0,0,0,,-633.313,-633.313,-0,-0,-0,-0,-0
2.475,,2.34946,1.484,-6.45723,7.02979,0.563357,-1.1644,,2.34946,1.484,-6.45723,7.02979,0.563357,-1.1644,,0,0,0,0,0,0,,0,0,0,0,0,0,,-545.593,-545.593,0,0,0,0,0,,0.456847,0.456847,0,0,0,0,0,,1.07828e+006,1.07828e+006,0,0,,-46.5516,-56.3076,48.6579,87.7792,-2.26163,0.587548,,-46.5516,-56.3076,48.6579,87.7792,-2.26163,0.587548,,0,0,0,0,0,0,,0,0,0,0,0,0,,-612.827,-612.827,-0,-0,-0,-0,-0
2.49,,0.205943,8.44548,0.547213,8.46569,1.54642,0.064684,,0.205943,8.44548,0.547213,8.46569,1.54642,0.064684,,0,0,0,0,0,0,,0,0,0,0,0,0,,-531.65,-531.65,0,0,0,0,0,,0.468715,0.468715,0,0,0,0,0,,1.1251e+006,1.1251e+006,0,0,,-0.188518,3.61231,-29.5116,29.7324,1.62294,-1.44883,,-0.188518,3.61231,-29.5116,29.7324,1.62294,-1.44883,,0,0,0,0,0,0,,0,0,0,0,0,0,,-499.636,-499.636,-0,-0,-0,-0,-0
2.505,,-0.272089,7.54574,1.50654,7.69947,1.60684,0.196939,,-0.272089,7.54574,1.50654,7.69947,1.60684,0.196939,,0,0,0,0,0,0,,0,0,0,0,0,0,,-536.199,-536.199,0,0,0,0,0,,0.269158,0.269158,0,0,0,0,0,,1.28577e+006,1.28577e+006,0,0,,-27.641,19.0048,19.4132,38.7567,2.53927,0.524637,,-27.641,19.0048,19.4132,38.7567,2.53927,0.524637,,0,0,0,0,0,0,,0,0,0,0,0,0,,-521.789,-521.789,-0,-0,-0,-0,-0
2.52,,0.176639,-2.99819,-3.95987,4.97,-1.51195,-0.921906,,0.176639,-2.99819,-3.95987,4.97,-1.51195,-0.921906,,0,0,0,0,0,0,,0,0,0,0,0,0,,-512.347,-512.347,0,0,0,0,0,,0.424743,0.424743,0,0,0,0,0,,927265,927265,0,0,,15.8898,-1.3001,-4.35628,16.5274,-0.0816376,-0.266731,,15.8898,-1.3001,-4.35628,16.5274,-0.0816376,-0.266731,,0,0,0,0,0,0,,0,0,0,0,0,0,,-567.304,-567.304,-0,-0,-0,-0,-0
2.535,,-0.788677,2.91775,-2.33504,3.81938,1.83479,-0.657785,,-0.788677,2.91775,-2.33504,3.81938,1.83479,-0.657785,,0,0,0,0,0,0,,0,0,0,0,0,0,,-508.488,-508.488,0,0,0,0,0,,0.371024,0.371024,0,0,0,0,0,,931726,931726,0,0,,25.7722,-41.9026,-2.22902,49.2443,-1.01938,-0.0452801,,25.7722,-41.9026,-2.22902,49.2443,-1.01938,-0.0452801,,0,0,0,0,0,0,,0,0,0,0,0,0,,-413.024,-413.024,-0,-0,-0,-0,-0
2.55,,2.64754,-3.11724,-1.38517,4.31803,-0.866696,-0.32656,,2.64754,-3.11724,-1.38517,4.31803,-0.866696,-0.32656,,0,0,0,0,0,0,,0,0,0,0,0,0,,-508.372,-508.372,0,0,0,0,0,,0.420954,0.420954,0,0,0,0,0,,935632,935632,0,0,,-41.7555,-5.62346,15.8498,45.0151,-3.00772,0.359814,,-41.7555,-5.62346,15.8498,45.0151,-3.00772,0.359814,,0,0,0,0,0,0,,0,0,0,0,0,0,,-460.503,-460.503,-0,-0,-0,-0,-0
2.565,,-7.81531,-0.736983,1.18244,7.93853,-3.04757,0.149506,,-7.81531,-0.736983,1.18244,7.93853,-3.04757,0.149506,,0,0,0,0,0,0,,0,0,0,0,0,0,,-522.083,-522.083,0,0,0,0,0,,0.281309,0.281309,0,0,0,0,0,,1.12194e+006,1.12194e+006,0,0,,-20.7689,-33.9997,-23.2778,46.1431,-2.11916,-0.528768,,-20.7689,-33.9997,-23.2778,46.1431,-2.11916,-0.528768,,0,0,0,0,0,0,,0,0,0,0,0,0,,-542.71,-542.71,-0,-0,-0,-0,-0
2.58,,-2.03383,0.411565,7.15677,7.45152,2.94193,1.28859,,-2.03383,0.411565,7.15677,7.45152,2.94193,1.28859,,0,0,0,0,0,0,,0,0,0,0,0,0,,-507.711,-507.711,0,0,0,0,0,,0.355962,0.355962,0,0,0,0,0,,1.02673e+006,1.02673e+006,0,0,,10.0505,0.413751,61.3013,62.1211,0.0411441,1.40815,,10.0505,0.413751,61.3013,62.1211,0.0411441,1.40815,,0,0,0,0,0,0,,0,0,0,0,0,0,,-463.458,-463.458,-0,-0,-0,-0,-0
2.595,,3.77642,-2.87579,3.15522,5.69973,-0.650828,0.586649,,3.77642,-2.87579,3.15522,5.69973,-0.650828,0.586649,,0,0,0,0,0,0,,0,0,0,0,0,0,,-474.399,-474.399,0,0,0,0,0,,0.148678,0.148678,0,0,0,0,0,,1.09554e+006,1.09554e+006,0,0,,31.3842,-28.3893,-30.0868,51.9244,-0.735336,-0.618036,,31.3842,-28.3893,-30.0868,51.9244,-0.735336,-0.618036,,0,0,0,0,0,0,,0,0,0,0,0,0,,-475.217,-475.217,-0,-0,-0,-0,-0
2.61,,-2.71695,-4.51518,1.58931,5.50405,-2.11249,0.292925,,-2.71695,-4.51518,1.58931,5.50405,-2.11249,0.292925,,0,0,0,0,0,0,,0,0,0,0,0,0,,-476.719,-476.719,0,0,0,0,0,,0.242125,0.242125,0,0,0,0,0,,945486,945486,0,0,,-9.27047,-4.49113,-15.5949,18.6899,-2.69046,-0.987046,,-9.27047,-4.49113,-15.5949,18.6899,-2.69046,-0.987046,,0,0,0,0,0,0,,0,0,0,0,0,0,,-441.547,-441.547,-0,-0,-0,-0,-0
2.625,,1.31261,0.849194,-12.3246,12.4234,0.57423,-1.44462,,1.31261,0.849194,-12.3246,12.4234,0.57423,-1.44462,,0,0,0,0,0,0,,0,0,0,0,0,0,,-486.045,-486.045,0,0,0,0,0,,0.641156,0.641156,0,0,0,0,0,,878062,878062,0,0,,30.4919,13.5245,-20.0216,38.9041,0.417471,-0.540587,,30.4919,13.5245,-20.0216,38.9041,0.417471,-0.540587,,0,0,0,0,0,0,,0,0,0,0,0,0,,-480.161,-480.161,-0,-0,-0,-0,-0
2.64,,2.64112,-1.04982,-3.38178,4.41747,-0.378342,-0.87189,,2.64112,-1.04982,-3.38178,4.41747,-0.378342,-0.87189,,0,0,0,0,0,0,,0,0,0,0,0,0,,-465.718,-465.718,0,0,0,0,0,,0.246585,0.246585,0,0,0,0,0,,819747,819747,0,0,,32.4058,47.8973,21.046,61.5404,0.97597,0.34903,,32.4058,47.8973,21.046,61.5404,0.97597,0.34903,,0,0,0,0,0,0,,0,0,0,0,0,0,,-479.559,-479.559,-0,-0,-0,-0,-0
2.655,,-4.74788,-4.57197,6.59036,9.32084,-2.37507,0.785326,,-4.74788,-4.57197,6.59036,9.32084,-2.37507,0.785326,,0,0,0,0,0,0,,0,0,0,0,0,0,,-477.917,-477.917,0,0,0,0,0,,0.31082,0.31082,0,0,0,0,0,,781331,781331,0,0,,1.0755,50.4354,45.443,67.8966,1.54948,0.733262,,1.0755,50.4354,45.443,67.8966,1.54948,0.733262,,0,0,0,0,0,0,,0,0,0,0,0,0,,-408.448,-408.448,-0,-0,-0,-0,-0
2.67,,-0.607905,0.0132507,5.90133,5.93257,3.1198,1.46812,,-0.607905,0.0132507,5.90133,5.93257,3.1198,1.46812,,0,0,0,0,0,0,,0,0,0,0,0,0,,-457.932,-457.932,0,0,0,0,0,,0.3396,0.3396,0,0,0,0,0,,618091,618091,0,0,,-29.1742,24.6322,-21.7058,43.9206,2.44041,-0.51692,,-29.1742,24.6322,-21.7058,43.9206,2.44041,-0.51692,,0,0,0,0,0,0,,0,0,0,0,0,0,,-483.746,-483.746,-0,-0,-0,-0,-0
2.685,,-3.9873,-2.59526,4.21533,6.35633,-2.5646,0.725046,,-3.9873,-2.59526,4.21533,6.35633,-2.5646,0.725046,,0,0,0,0,0,0,,0,0,0,0,0,0,,-464.479,-464.479,0,0,0,0,0,,0.264994,0.264994,0,0,0,0,0,,729947,729947,0,0,,7.81491,4.78565,6.76702,11.3916,0.549469,0.636069,,7.81491,4.78565,6.76702,11.3916,0.549469,0.636069,,0,0,0,0,0,0,,0,0,0,0,0,0,,-456.647,-456.647,-0,-0,-0,-0,-0
2.7,,-4.53048,-6.81279,10.9215,13.6462,-2.15764,0.92785,,-4.53048,-6.81279,10.9215,13.6462,-2.15764,0.92785,,0,0,0,0,0,0,,0,0,0,0,0,0,,-467.546,-467.546,0,0,0,0,0,,0.310086,0.310086,0,0,0,0,0,,721776,721776,0,0,,2.03729,-53.6221,39.1444,66.4212,-1.53282,0.630238,,2.03729,-53.6221,39.1444,66.4212,-1.53282,0.630238,,0,0,0,0,0,0,,0,0,0,0,0,0,,-397.766,-397.766,-0,-0,-0,-0,-0
2.715,,-8.1163,-6.83595,-0.0223257,10.6116,-2.44162,-0.00210391,,-8.1163,-6.83595,-0.0223257,10.6116,-2.44162,-0.00210391,,0,0,0,0,0,0,,0,0,0,0,0,0,,-458.062,-458.062,0,0,0,0,0,,0.414947,0.414947,0,0,0,0,0,,530525,530525,0,0,,-11.512,-11.0477,6.59075,17.2631,-2.37677,0.391723,,-11.512,-11.0477,6.59075,17.2631,-2.37677,0.391723,,0,0,0,0,0,0,,0,0,0,0,0,0,,-552.598,-552.598,-0,-0,-0,-0,-0
2.73,,-1.37566,3.63103,-0.316754,3.89579,1.93295,-0.0813967,,-1.37566,3.63103,-0.316754,3.89579,1.93295,-0.0813967,,0,0,0,0,0,0,,0,0,0,0,0,0,,-452.973,-452.973,0,0,0,0,0,,0.348358,0.348358,0,0,0,0,0,,717534,717534,0,0,,3.82643,29.9743,-11.4148,32.3016,1.44383,-0.361183,,3.82643,29.9743,-11.4148,32.3016,1.44383,-0.361183,,0,0,0,0,0,0,,0,0,0,0,0,0,,-394.772,-394.772,-0,-0,-0,-0,-0
2.745,,1.64856,-1.39467,0.852841,2.32168,-0.702166,0.376145,,1.64856,-1.39467,0.852841,2.32168,-0.702166,0.376145,,0,0,0,0,0,0,,0,0,0,0,0,0,,-431.988,-431.988,0,0,0,0,0,,0.598638,0.598638,0,0,0,0,0,,843667,843667,0,0,,-0.196954,-61.6783,28.6809,68.0209,-1.57399,0.435263,,-0.196954,-61.6783,28.6809,68.0209,-1.57399,0.435263,,0,0,0,0,0,0,,0,0,0,0,0,0,,-582.727,-582.727,-0,-0,-0,-0,-0
2.76,,-3.13366,-6.6073,1.80101,7.53126,-2.01365,0.241478,,-3.13366,-6.6073,1.80101,7.53126,-2.01365,0.241478,,0,0,0,0,0,0,,0,0,0,0,0,0,,-438.074,-438.074,0,0,0,0,0,,0.183102,0.183102,0,0,0,0,0,,917385,917385,0,0,,-4.07305,-45.6328,-1.20119,45.83,-1.65982,-0.0262128,,-4.07305,-45.6328,-1.20119,45.83,-1.65982,-0.0262128,,0,0,0,0,0,0,,0,0,0,0,0,0,,-473.537,-473.537,-0,-0,-0,-0,-0
2.775,,7.9259,7.41865,-9.06111,14.1407,0.752353,-0.695516,,7.9259,7.41865,-9.06111,14.1407,0.752353,-0.695516,,0,0,0,0,0,0,,0,0,0,0,0,0,,-436.716,-436.716,0,0,0,0,0,,0.45356,0.45356,0,0,0,0,0,,801547,801547,0,0,,13.2787,20.9485,15.6898,29.3485,1.00584,0.564037,,13.2787,20.9485,15.6898,29.3485,1.00584,0.564037,,0,0,0,0,0,0,,0,0,0,0,0,0,,-525.899,-525.899,-0,-0,-0,-0,-0
2.79,,0.856597,7.82353,2.66248,8.30844,1.46174,0.32621,,0.856597,7.82353,2.66248,8.30844,1.46174,0.32621,,0,0,0,0,0,0,,0,0,0,0,0,0,,-430.818,-430.818,0,0,0,0,0,,0.380175,0.380175,0,0,0,0,0,,895433,895433,0,0,,7.15356,-3.62702,56.8044,57.3678,-0.469251,1.43053,,7.15356,-3.62702,56.8044,57.3678,-0.469251,1.43053,,0,0,0,0,0,0,,0,0,0,0,0,0,,-466.465,-466.465,-0,-0,-0,-0,-0
2.805,,-6.09191,-7.26672,3.49564,10.1062,-2.26848,0.353186,,-6.09191,-7.26672,3.49564,10.1062,-2.26848,0.353186,,0,0,0,0,0,0,,0,0,0,0,0,0,,-419.302,-419.302,0,0,0,0,0,,0.457241,0.457241,0,0,0,0,0,,660633,660633,0,0,,-17.6556,-0.453622,-21.9899,28.2043,-3.11591,-0.89413,,-17.6556,-0.453622,-21.9899,28.2043,-3.11591,-0.89413,,0,0,0,0,0,0,,0,0,0,0,0,0,,-378.975,-378.975,-0,-0,-0,-0,-0
2.82,,-6.25537,5.31763,0.820835,8.2511,2.43705,0.0996467,,-6.25537,5.31763,0.820835,8.2511,2.43705,0.0996467,,0,0,0,0,0,0,,0,0,0,0,0,0,,-446.738,-446.738,0,0,0,0,0,,0.258195,0.258195,0,0,0,0,0,,711319,711319,0,0,,-9.35945,-24.9009,-30.7579,40.6658,-1.93033,-0.857729,,-9.35945,-24.9009,-30.7579,40.6658,-1.93033,-0.857729,,0,0,0,0,0,0,,0,0,0,0,0,0,,-504.08,-504.08,-0,-0,-0,-0,-0
2.835,,2.96375,6.62236,-0.94438,7.31651,1.14999,-0.129436,,2.96375,6.62236,-0.94438,7.31651,1.14999,-0.129436,,0,0,0,0,0,0,,0,0,0,0,0,0,,-417.111,-417.111,0,0,0,0,0,,0.249255,0.249255,0,0,0,0,0,,638905,638905,0,0,,10.2641,16.0058,-30.3191,35.788,1.00058,-1.01066,,10.2641,16.0058,-30.3191,35.788,1.00058,-1.01066,,0,0,0,0,0,0,,0,0,0,0,0,0,,-471.959,-471.959,-0,-0,-0,-0,-0
2.85,,0.623,-5.96881,-5.40648,8.07743,-1.4668,-0.733309,,0.623,-5.96881,-5.40648,8.07743,-1.4668,-0.733309,,0,0,0,0,0,0,,0,0,0,0,0,0,,-409.222,-409.222,0,0,0,0,0,,0.103637,0.103637,0,0,0,0,0,,777939,777939,0,0,,42.4955,-14.5327,-2.66846,44.991,-0.329514,-0.0593458,,42.4955,-14.5327,-2.66846,44.991,-0.329514,-0.0593458,,0,0,0,0,0,0,,0,0,0,0,0,0,,-356.656,-356.656,-0,-0,-0,-0,-0
2.865,,-8.42256,5.47204,-3.7161,10.7094,2.56544,-0.354363,,-8.42256,5.47204,-3.7161,10.7094,2.56544,-0.354363,,0,0,0,0,0,0,,0,0,0,0,0,0,,-411.31,-411.31,0,0,0,0,0,,0.363617,0.363617,0,0,0,0,0,,743713,743713,0,0,,-10.689,6.39283,-12.2743,17.4866,2.60259,-0.778097,,-10.689,6.39283,-12.2743,17.4866,2.60259,-0.778097,,0,0,0,0,0,0,,0,0,0,0,0,0,,-383.926,-383.926,-0,-0,-0,-0,-0
2.88,,0.767045,-1.90856,2.36852,3.13701,-1.18866,0.85569,,0.767045,-1.90856,2.36852,3.13701,-1.18866,0.85569,,0,0,0,0,0,0,,0,0,0,0,0,0,,-402.807,-402.807,0,0,0,0,0,,0.148983,0.148983,0,0,0,0,0,,655419,655419,0,0,,-4.72309,-26.4156,-14.5246,30.5132,-1.74773,-0.496112,,-4.72309,-26.4156,-14.5246,30.5132,-1.74773,-0.496112,,0,0,0,0,0,0,,0,0,0,0,0,0,,-416.502,-416.502,-0,-0,-0,-0,-0
2.895,,-1.90609,4.59878,-0.957985,5.06949,1.96372,-0.190114,,-1.90609,4.59878,-0.957985,5.06949,1.96372,-0.190114,,0,0,0,0,0,0,,0,0,0,0,0,0,,-405.561,-405.561,0,0,0,0,0,,0.325053,0.325053,0,0,0,0,0,,796208,796208,0,0,,-17.3574,-11.5341,45.1618,49.7384,-2.55509,1.13846,,-17.3574,-11.5341,45.1618,49.7384,-2.55509,1.13846,,0,0,0,0,0,0,,0,0,0,0,0,0,,-435.922,-435.922,-0,-0,-0,-0,-0
2.91,,-9.4105,2.67886,-0.0969912,9.78484,2.86426,-0.00991256,,-9.4105,2.67886,-0.0969912,9.78484,2.86426,-0.00991256,,0,0,0,0,0,0,,0,0,0,0,0,0,,-410.087,-410.087,0,0,0,0,0,,0.212353,0.212353,0,0,0,0,0,,855483,855483,0,0,,-15.2655,-19.865,-10.1853,27.0443,-2.22601,-0.38614,,-15.2655,-19.865,-10.1853,27.0443,-2.22601,-0.38614,,0,0,0,0,0,0,,0,0,0,0,0,0,,-422.34,-422.34,-0,-0,-0,-0,-0
2.925,,-1.49328,2.94783,1.39827,3.58814,2.03969,0.400297,,-1.49328,2.94783,1.39827,3.58814,2.03969,0.400297,,0,0,0,0,0,0,,0,0,0,0,0,0,,-412.791,-412.791,0,0,0,0,0,,0.238007,0.238007,0,0,0,0,0,,756921,756921,0,0,,-36.0223,-6.67069,-29.9901,47.3446,-2.95848,-0.685994,,-36.0223,-6.67069,-29.9901,47.3446,-2.95848,-0.685994,,0,0,0,0,0,0,,0,0,0,0,0,0,,-346.107,-346.107,-0,-0,-0,-0,-0
2.94,,1.87906,9.74717,-4.19698,10.7774,1.38035,-0.400005,,1.87906,9.74717,-4.19698,10.7774,1.38035,-0.400005,,0,0,0,0,0,0,,0,0,0,0,0,0,,-401.397,-401.397,0,0,0,0,0,,0.194815,0.194815,0,0,0,0,0,,747135,747135,0,0,,43.9522,12.2028,20.0696,49.8346,0.270816,0.414491,,43.9522,12.2028,20.0696,49.8346,0.270816,0.414491,,0,0,0,0,0,0,,0,0,0,0,0,0,,-442.987,-442.987,-0,-0,-0,-0,-0
2.955,,-11.9012,1.3087,-6.77729,13.758,3.03207,-0.515081,,-11.9012,1.3087,-6.77729,13.758,3.03207,-0.515081,,0,0,0,0,0,0,,0,0,0,0,0,0,,-393.749,-393.749,0,0,0,0,0,,0.330324,0.330324,0,0,0,0,0,,741276,741276,0,0,,-42.717,25.3367,-59.3502,77.3895,2.60624,-0.874,,-42.717,25.3367,-59.3502,77.3895,2.60624,-0.874,,0,0,0,0,0,0,,0,0,0,0,0,0,,-357.778,-357.778,-0,-0,-0,-0,-0
2.97,,-3.41394,8.35312,-6.55427,11.1529,1.95878,-0.628179,,-3.41394,8.35312,-6.55427,11.1529,1.95878,-0.628179,,0,0,0,0,0,0,,0,0,0,0,0,0,,-384.981,-384.981,0,0,0,0,0,,0.22922,0.22922,0,0,0,0,0,,491853,491853,0,0,,2.41619,28.3888,-23.8904,37.1822,1.48589,-0.697787,,2.41619,28.3888,-23.8904,37.1822,1.48589,-0.697787,,0,0,0,0,0,0,,0,0,0,0,0,0,,-503.025,-503.025,-0,-0,-0,-0,-0
2.985,,-0.469835,-0.648102,4.62606,4.6948,-2.19806,1.39945,,-0.469835,-0.648102,4.62606,4.6948,-2.19806,1.39945,,0,0,0,0,0,0,,0,0,0,0,0,0,,-368.335,-368.335,0,0,0,0,0,,0.20685,0.20685,0,0,0,0,0,,640658,640658,0,0,,27.2264,-4.79688,-13.7948,30.8964,-0.174395,-0.462836,,27.2264,-4.79688,-13.7948,30.8964,-0.174395,-0.462836,,0,0,0,0,0,0,,0,0,0,0,0,0,,-404.573,-404.573,-0,-0,-0,-0,-0
3,,2.30198,1.18534,-12.7742,13.034,0.475514,-1.37081,,2.30198,1.18534,-12.7742,13.034,0.475514,-1.37081,,0,0,0,0,0,0,,0,0,0,0,0,0,,-376.817,-376.817,0,0,0,0,0,,0.326703,0.326703,0,0,0,0,0,,600888,600888,0,0,,9.04729,3.27915,-13.5179,16.5934,0.347718,-0.952138,,9.04729,3.27915,-13.5179,16.5934,0.347718,-0.952138,,0,0,0,0,0,0,,0,0,0,0,0,0,,-403.873,-403.873,-0,-0,-0,-0,-0
3.015,,-0.114758,-4.21674,9.45559,10.3538,-1.598,1.15118,,-0.114758,-4.21674,9.45559,10.3538,-1.598,1.15118,,0,0,0,0,0,0,,0,0,0,0,0,0,,-360.747,-360.747,0,0,0,0,0,,0.221358,0.221358,0,0,0,0,0,,660752,660752,0,0,,50.1723,-1.52409,-17.0866,53.0239,-0.0303679,-0.328099,,50.1723,-1.52409,-17.0866,53.0239,-0.0303679,-0.328099,,0,0,0,0,0,0,,0,0,0,0,0,0,,-414.234,-414.234,-0,-0,-0,-0,-0
3.03,,3.63818,-10.4581,2.81074,11.424,-1.23601,0.24859,,3.63818,-10.4581,2.81074,11.424,-1.23601,0.24859,,0,0,0,0,0,0,,0,0,0,0,0,0,,-367.542,-367.542,0,0,0,0,0,,0.246349,0.246349,0,0,0,0,0,,753892,753892,0,0,,5.34356,-18.339,33.0842,38.2026,-1.28727,1.04719,,5.34356,-18.339,33.0842,38.2026,-1.28727,1.04719,,0,0,0,0,0,0,,0,0,0,0,0,0,,-350.824,-350.824,-0,-0,-0,-0,-0
3.045,,-4.97847,5.13875,1.45619,7.30153,2.34035,0.200783,,-4.97847,5.13875,1.45619,7.30153,2.34035,0.200783,,0,0,0,0,0,0,,0,0,0,0,0,0,,-358.789,-358.789,0,0,0,0,0,,0.254951,0.254951,0,0,0,0,0,,454734,454734,0,0,,-25.4718,10.4039,12.8434,30.3646,2.75382,0.436723,,-25.4718,10.4039,12.8434,30.3646,2.75382,0.436723,,0,0,0,0,0,0,,0,0,0,0,0,0,,-385.726,-385.726,-0,-0,-0,-0,-0
3.06,,-4.41049,3.486,4.42625,7.15516,2.47274,0.666971,,-4.41049,3.486,4.42625,7.15516,2.47274,0.666971,,0,0,0,0,0,0,,0,0,0,0,0,0,,-373.059,-373.059,0,0,0,0,0,,0.26859,0.26859,0,0,0,0,0,,670772,670772,0,0,,37.5777,1.20901,29.4232,47.7417,0.0321626,0.664035,,37.5777,1.20901,29.4232,47.7417,0.0321626,0.664035,,0,0,0,0,0,0,,0,0,0,0,0,0,,-297.492,-297.492,-0,-0,-0,-0,-0
3.075,,-5.56827,-3.12659,-2.53145,6.86945,-2.62996,-0.377404,,-5.56827,-3.12659,-2.53145,6.86945,-2.62996,-0.377404,,0,0,0,0,0,0,,0,0,0,0,0,0,,-364.378,-364.378,0,0,0,0,0,,0.38244,0.38244,0,0,0,0,0,,631430,631430,0,0,,31.1528,23.8481,-6.41501,39.7541,0.653361,-0.162076,,31.1528,23.8481,-6.41501,39.7541,0.653361,-0.162076,,0,0,0,0,0,0,,0,0,0,0,0,0,,-353.047,-353.047,-0,-0,-0,-0,-0
3.09,,-2.69437,4.63536,-2.32571,5.84424,2.09733,-0.40928,,-2.69437,4.63536,-2.32571,5.84424,2.09733,-0.40928,,0,0,0,0,0,0,,0,0,0,0,0,0,,-358.723,-358.723,0,0,0,0,0,,0.151813,0.151813,0,0,0,0,0,,495413,495413,0,0,,-6.0632,-5.62845,29.1556,30.3066,-2.39336,1.29431,,-6.0632,-5.62845,29.1556,30.3066,-2.39336,1.29431,,0,0,0,0,0,0,,0,0,0,0,0,0,,-421.303,-421.303,-0,-0,-0,-0,-0
3.105,,0.834142,1.60236,6.09414,6.35625,1.09083,1.28262,,0.834142,1.60236,6.09414,6.35625,1.09083,1.28262,,0,0,0,0,0,0,,0,0,0,0,0,0,,-362.85,-362.85,0,0,0,0,0,,0.159399,0.159399,0,0,0,0,0,,847875,847875,0,0,,-12.201,27.5969,15.9064,34.1097,1.98707,0.48514,,-12.201,27.5969,15.9064,34.1097,1.98707,0.48514,,0,0,0,0,0,0,,0,0,0,0,0,0,,-421.829,-421.829,-0,-0,-0,-0,-0
3.12,,-2.23349,-3.40999,-0.0140263,4.07636,-2.15067,-0.0034409,,-2.23349,-3.40999,-0.0140263,4.07636,-2.15067,-0.0034409,,0,0,0,0,0,0,,0,0,0,0,0,0,,-344.447,-344.447,0,0,0,0,0,,0.225522,0.225522,0,0,0,0,0,,628509,628509,0,0,,22.472,42.1343,29.2217,55.9839,1.08083,0.549155,,22.472,42.1343,29.2217,55.9839,1.08083,0.549155,,0,0,0,0,0,0,,0,0,0,0,0,0,,-303.714,-303.714,-0,-0,-0,-0,-0
3.135,,7.99924,-3.27407,-0.186706,8.64536,-0.388496,-0.0215978,,7.99924,-3.27407,-0.186706,8.64536,-0.388496,-0.0215978,,0,0,0,0,0,0,,0,0,0,0,0,0,,-339.946,-339.946,0,0,0,0,0,,0.247791,0.247791,0,0,0,0,0,,552290,552290,0,0,,13.7499,4.7841,40.6417,43.1705,0.334835,1.22682,,13.7499,4.7841,40.6417,43.1705,0.334835,1.22682,,0,0,0,0,0,0,,0,0,0,0,0,0,,-468.502,-468.502,-0,-0,-0,-0,-0
3.15,,-2.20374,3.61897,-4.5435,6.21264,2.11776,-0.820274,,-2.20374,3.61897,-4.5435,6.21264,2.11776,-0.820274,,0,0,0,0,0,0,,0,0,0,0,0,0,,-353.471,-353.471,0,0,0,0,0,,0.357223,0.357223,0,0,0,0,0,,869899,869899,0,0,,19.5245,-29.6987,-22.9862,42.3271,-0.989224,-0.574078,,19.5245,-29.6987,-22.9862,42.3271,-0.989224,-0.574078,,0,0,0,0,0,0,,0,0,0,0,0,0,,-310.829,-310.829,-0,-0,-0,-0,-0
3.165,,-9.14881,3.76855,-4.0143,10.6779,2.75086,-0.385417,,-9.14881,3.76855,-4.0143,10.6779,2.75086,-0.385417,,0,0,0,0,0,0,,0,0,0,0,0,0,,-364.624,-364.624,0,0,0,0,0,,0.349305,0.349305,0,0,0,0,0,,606215,606215,0,0,,-38.5648,0.356503,-1.90825,38.6136,3.13235,-0.0494394,,-38.5648,0.356503,-1.90825,38.6136,3.13235,-0.0494394,,0,0,0,0,0,0,,0,0,0,0,0,0,,-366.514,-366.514,-0,-0,-0,-0,-0
3.18,,1.12172,0.881543,-1.01985,1.7537,0.666074,-0.620619,,1.12172,0.881543,-1.01985,1.7537,0.666074,-0.620619,,0,0,0,0,0,0,,0,0,0,0,0,0,,-331.982,-331.982,0,0,0,0,0,,0.242755,0.242755,0,0,0,0,0,,531297,531297,0,0,,-30.3809,-1.8593,-32.6345,44.6258,-3.08047,-0.820214,,-30.3809,-1.8593,-32.6345,44.6258,-3.08047,-0.820214,,0,0,0,0,0,0,,0,0,0,0,0,0,,-257.186,-257.186,-0,-0,-0,-0,-0
3.195,,0.9201,1.37371,-2.26812,2.80678,0.980633,-0.940894,,0.9201,1.37371,-2.26812,2.80678,0.980633,-0.940894,,0,0,0,0,0,0,,0,0,0,0,0,0,,-332.651,-332.651,0,0,0,0,0,,0.261274,0.261274,0,0,0,0,0,,700689,700689,0,0,,-29.8204,47.5198,-51.4992,76.1548,2.13122,-0.742652,,-29.8204,47.5198,-51.4992,76.1548,2.13122,-0.742652,,0,0,0,0,0,0,,0,0,0,0,0,0,,-336.85,-336.85,-0,-0,-0,-0,-0
3.21,,-6.40889,-8.02364,1.52012,10.3809,-2.24478,0.146962,,-6.40889,-8.02364,1.52012,10.3809,-2.24478,0.146962,,0,0,0,0,0,0,,0,0,0,0,0,0,,-316.773,-316.773,0,0,0,0,0,,0.172338,0.172338,0,0,0,0,0,,482694,482694,0,0,,9.9179,31.9464,-12.0608,35.5584,1.26978,-0.346049,,9.9179,31.9464,-12.0608,35.5584,1.26978,-0.346049,,0,0,0,0,0,0,,0,0,0,0,0,0,,-260.259,-260.259,-0,-0,-0,-0,-0
3.225,,4.21152,-11.802,-6.7781,14.2467,-1.22804,-0.495836,,4.21152,-11.802,-6.7781,14.2467,-1.22804,-0.495836,,0,0,0,0,0,0,,0,0,0,0,0,0,,-337.118,-337.118,0,0,0,0,0,,0.184818,0.184818,0,0,0,0,0,,546763,546763,0,0,,29.8144,13.7088,19.283,38.0613,0.430977,0.531273,,29.8144,13.7088,19.283,38.0613,0.430977,0.531273,,0,0,0,0,0,0,,0,0,0,0,0,0,,-376.077,-376.077,-0,-0,-0,-0,-0
3.24,,-0.62707,-6.95228,-4.59378,8.35645,-1.66075,-0.582039,,-0.62707,-6.95228,-4.59378,8.35645,-1.66075,-0.582039,,0,0,0,0,0,0,,0,0,0,0,0,0,,-324.517,-324.517,0,0,0,0,0,,0.215301,0.215301,0,0,0,0,0,,619113,619113,0,0,,17.4958,-47.9504,7.49014,51.5892,-1.22093,0.145703,,17.4958,-47.9504,7.49014,51.5892,-1.22093,0.145703,,0,0,0,0,0,0,,0,0,0,0,0,0,,-298.568,-298.568,-0,-0,-0,-0,-0
3.255,,3.41978,4.75681,-8.53752,10.3543,0.947483,-0.969387,,3.41978,4.75681,-8.53752,10.3543,0.947483,-0.969387,,0,0,0,0,0,0,,0,0,0,0,0,0,,-320.962,-320.962,0,0,0,0,0,,0.103849,0.103849,0,0,0,0,0,,518907,518907,0,0,,0.685033,-4.10609,-34.226,34.4782,-1.40549,-1.44976,,0.685033,-4.10609,-34.226,34.4782,-1.40549,-1.44976,,0,0,0,0,0,0,,0,0,0,0,0,0,,-299.048,-299.048,-0,-0,-0,-0,-0
3.27,,-1.15526,7.19179,-3.45204,8.06059,1.73007,-0.442568,,-1.15526,7.19179,-3.45204,8.06059,1.73007,-0.442568,,0,0,0,0,0,0,,0,0,0,0,0,0,,-319.162,-319.162,0,0,0,0,0,,0.332149,0.332149,0,0,0,0,0,,543852,543852,0,0,,-12.2363,9.03336,17.8829,23.4761,2.50566,0.866008,,-12.2363,9.03336,17.8829,23.4761,2.50566,0.866008,,0,0,0,0,0,0,,0,0,0,0,0,0,,-299.92,-299.92,-0,-0,-0,-0,-0
3.285,,3.94908,-2.34158,-2.32772,5.14748,-0.535214,-0.469236,,3.94908,-2.34158,-2.32772,5.14748,-0.535214,-0.469236,,0,0,0,0,0,0,,0,0,0,0,0,0,,-327.289,-327.289,0,0,0,0,0,,0.212858,0.212858,0,0,0,0,0,,490760,490760,0,0,,-0.448899,-1.81022,-18.5623,18.6558,-1.81387,-1.47066,,-0.448899,-1.81022,-18.5623,18.6558,-1.81387,-1.47066,,0,0,0,0,0,0,,0,0,0,0,0,0,,-333.782,-333.782,-0,-0,-0,-0,-0
3.3,,0.540294,-6.19036,-3.62063,7.19176,-1.48374,-0.527577,,0.540294,-6.19036,-3.62063,7.19176,-1.48374,-0.527577,,0,0,0,0,0,0,,0,0,0,0,0,0,,-311.668,-311.668,0,0,0,0,0,,0.178038,0.178038,0,0,0,0,0,,626747,626747,0,0,,7.49753,-13.3895,16.2183,22.3276,-1.06034,0.813035,,7.49753,-13.3895,16.2183,22.3276,-1.06034,0.813035,,0,0,0,0,0,0,,0,0,0,0,0,0,,-277.86,-277.86,-0,-0,-0,-0,-0
3.315,,6.86503,6.15756,-1.39579,9.32697,0.731125,-0.150215,,6.86503,6.15756,-1.39579,9.32697,0.731125,-0.150215,,0,0,0,0,0,0,,0,0,0,0,0,0,,-324.501,-324.501,0,0,0,0,0,,0.204477,0.204477,0,0,0,0,0,,459447,459447,0,0,,0.662609,44.8374,-22.3574,50.1068,1.55602,-0.462509,,0.662609,44.8374,-22.3574,50.1068,1.55602,-0.462509,,0,0,0,0,0,0,,0,0,0,0,0,0,,-297.739,-297.739,-0,-0,-0,-0,-0
3.33,,-1.77272,0.529387,-1.15749,2.18233,2.85139,-0.559064,,-1.77272,0.529387,-1.15749,2.18233,2.85139,-0.559064,,0,0,0,0,0,0,,0,0,0,0,0,0,,-293.985,-293.985,0,0,0,0,0,,0.154318,0.154318,0,0,0,0,0,,422058,422058,0,0,,-13.4062,22.3017,10.0547,27.8961,2.11205,0.368733,,-13.4062,22.3017,10.0547,27.8961,2.11205,0.368733,,0,0,0,0,0,0,,0,0,0,0,0,0,,-286.978,-286.978,-0,-0,-0,-0,-0
3.345,,-2.66411,9.71054,-1.68184,10.2089,1.83856,-0.165497,,-2.66411,9.71054,-1.68184,10.2089,1.83856,-0.165497,,0,0,0,0,0,0,,0,0,0,0,0,0,,-300.401,-300.401,0,0,0,0,0,,0.121515,0.121515,0,0,0,0,0,,748063,748063,0,0,,-5.16271,4.46285,32.1418,32.8583,2.42878,1.36159,,-5.16271,4.46285,32.1418,32.8583,2.42878,1.36159,,0,0,0,0,0,0,,0,0,0,0,0,0,,-280.182,-280.182,-0,-0,-0,-0,-0
3.36,,-8.00974,3.88432,-6.717,11.1518,2.69006,-0.646412,,-8.00974,3.88432,-6.717,11.1518,2.69006,-0.646412,,0,0,0,0,0,0,,0,0,0,0,0,0,,-306.121,-306.121,0,0,0,0,0,,0.175266,0.175266,0,0,0,0,0,,574117,574117,0,0,,-13.736,-2.10118,5.57515,14.9724,-2.9898,0.381551,,-13.736,-2.10118,5.57515,14.9724,-2.9898,0.381551,,0,0,0,0,0,0,,0,0,0,0,0,0,,-261.409,-261.409,-0,-0,-0,-0,-0
3.375,,3.83148,-5.61965,3.09506,7.47262,-0.97239,0.427049,,3.83148,-5.61965,3.09506,7.47262,-0.97239,0.427049,,0,0,0,0,0,0,,0,0,0,0,0,0,,-320.301,-320.301,0,0,0,0,0,,0.168133,0.168133,0,0,0,0,0,,372281,372281,0,0,,12.4547,-9.9825,7.228,17.5218,-0.675656,0.425212,,12.4547,-9.9825,7.228,17.5218,-0.675656,0.425212,,0,0,0,0,0,0,,0,0,0,0,0,0,,-230.491,-230.491,-0,-0,-0,-0,-0
3.39,,4.89022,-2.86812,5.29431,7.75694,-0.530435,0.751212,,4.89022,-2.86812,5.29431,7.75694,-0.530435,0.751212,,0,0,0,0,0,0,,0,0,0,0,0,0,,-304.819,-304.819,0,0,0,0,0,,0.179002,0.179002,0,0,0,0,0,,636299,636299,0,0,,14.6597,-10.4728,28.2996,33.5478,-0.620323,1.00388,,14.6597,-10.4728,28.2996,33.5478,-0.620323,1.00388,,0,0,0,0,0,0,,0,0,0,0,0,0,,-250.481,-250.481,-0,-0,-0,-0,-0
3.405,,0.707923,2.40415,2.02881,3.22446,1.28443,0.680514,,0.707923,2.40415,2.02881,3.22446,1.28443,0.680514,,0,0,0,0,0,0,,0,0,0,0,0,0,,-323.322,-323.322,0,0,0,0,0,,0.19161,0.19161,0,0,0,0,0,,633734,633734,0,0,,-0.834806,16.5052,-16.3793,23.268,1.62133,-0.780932,,-0.834806,16.5052,-16.3793,23.268,1.62133,-0.780932,,0,0,0,0,0,0,,0,0,0,0,0,0,,-260.353,-260.353,-0,-0,-0,-0,-0
3.42,,-2.96239,-1.55257,-2.81079,4.36884,-2.65886,-0.698895,,-2.96239,-1.55257,-2.81079,4.36884,-2.65886,-0.698895,,0,0,0,0,0,0,,0,0,0,0,0,0,,-296.807,-296.807,0,0,0,0,0,,0.143332,0.143332,0,0,0,0,0,,717652,717652,0,0,,-15.4181,0.644819,-40.9079,43.7217,3.09979,-1.21007,,-15.4181,0.644819,-40.9079,43.7217,3.09979,-1.21007,,0,0,0,0,0,0,,0,0,0,0,0,0,,-402.086,-402.086,-0,-0,-0,-0,-0
3.435,,3.83171,-1.0675,3.23371,5.12625,-0.271707,0.682601,,3.83171,-1.0675,3.23371,5.12625,-0.271707,0.682601,,0,0,0,0,0,0,,0,0,0,0,0,0,,-303.182,-303.182,0,0,0,0,0,,0.158002,0.158002,0,0,0,0,0,,652203,652203,0,0,,5.3248,6.31928,-37.8486,38.7402,0.870598,-1.35584,,5.3248,6.31928,-37.8486,38.7402,0.870598,-1.35584,,0,0,0,0,0,0,,0,0,0,0,0,0,,-206.865,-206.865,-0,-0,-0,-0,-0
3.45,,10.8516,-1.76033,-9.55866,14.5679,-0.160817,-0.715697,,10.8516,-1.76033,-9.55866,14.5679,-0.160817,-0.715697,,0,0,0,0,0,0,,0,0,0,0,0,0,,-301.46,-301.46,0,0,0,0,0,,0.221382,0.221382,0,0,0,0,0,,519569,519569,0,0,,-3.93533,-29.3845,8.98631,30.9788,-1.70393,0.294309,,-3.93533,-29.3845,8.98631,30.9788,-1.70393,0.294309,,0,0,0,0,0,0,,0,0,0,0,0,0,,-330.06,-330.06,-0,-0,-0,-0,-0
3.465,,1.88036,3.49905,1.33937,4.19202,1.07769,0.325206,,1.88036,3.49905,1.33937,4.19202,1.07769,0.325206,,0,0,0,0,0,0,,0,0,0,0,0,0,,-282.127,-282.127,0,0,0,0,0,,0.155535,0.155535,0,0,0,0,0,,545118,545118,0,0,,-9.64578,1.3585,-43.6908,44.7636,3.00167,-1.35143,,-9.64578,1.3585,-43.6908,44.7636,3.00167,-1.35143,,0,0,0,0,0,0,,0,0,0,0,0,0,,-281.45,-281.45,-0,-0,-0,-0,-0
3.48,,4.31761,-6.92104,0.979978,8.21601,-1.01303,0.119561,,4.31761,-6.92104,0.979978,8.21601,-1.01303,0.119561,,0,0,0,0,0,0,,0,0,0,0,0,0,,-287.164,-287.164,0,0,0,0,0,,0.159411,0.159411,0,0,0,0,0,,453144,453144,0,0,,-1.47898,2.1532,23.5216,23.6662,2.17266,1.46019,,-1.47898,2.1532,23.5216,23.6662,2.17266,1.46019,,0,0,0,0,0,0,,0,0,0,0,0,0,,-304,-304,-0,-0,-0,-0,-0
3.495,,-1.49745,4.10054,2.03619,4.81693,1.92093,0.436438,,-1.49745,4.10054,2.03619,4.81693,1.92093,0.436438,,0,0,0,0,0,0,,0,0,0,0,0,0,,-286.981,-286.981,0,0,0,0,0,,0.168427,0.168427,0,0,0,0,0,,288066,288066,0,0,,-27.0541,-5.1977,36.674,45.8685,-2.95178,0.926539,,-27.0541,-5.1977,36.674,45.8685,-2.95178,0.926539,,0,0,0,0,0,0,,0,0,0,0,0,0,,-260.975,-260.975,-0,-0,-0,-0,-0
3.51,,7.26936,6.93594,-0.324963,10.0527,0.761932,-0.0323317,,7.26936,6.93594,-0.324963,10.0527,0.761932,-0.0323317,,0,0,0,0,0,0,,0,0,0,0,0,0,,-266.393,-266.393,0,0,0,0,0,,0.157339,0.157339,0,0,0,0,0,,561415,561415,0,0,,25.9228,3.65945,-19.3534,32.5567,0.140241,-0.636584,,25.9228,3.65945,-19.3534,32.5567,0.140241,-0.636584,,0,0,0,0,0,0,,0,0,0,0,0,0,,-308.935,-308.935,-0,-0,-0,-0,-0
3.525,,7.77857,2.3168,6.74262,10.5516,0.289477,0.693214,,7.77857,2.3168,6.74262,10.5516,0.289477,0.693214,,0,0,0,0,0,0,,0,0,0,0,0,0,,-266.613,-266.613,0,0,0,0,0,,0.0979602,0.0979602,0,0,0,0,0,,523365,523365,0,0,,-8.32207,-1.1331,49.2211,49.9325,-3.00627,1.40179,,-8.32207,-1.1331,49.2211,49.9325,-3.00627,1.40179,,0,0,0,0,0,0,,0,0,0,0,0,0,,-238.076,-238.076,-0,-0,-0,-0,-0
3.54,,-6.8732,8.95694,-2.17655,11.498,2.22532,-0.190446,,-6.8732,8.95694,-2.17655,11.498,2.22532,-0.190446,,0,0,0,0,0,0,,0,0,0,0,0,0,,-296.28,-296.28,0,0,0,0,0,,0.118163,0.118163,0,0,0,0,0,,547736,547736,0,0,,5.9393,9.51909,-18.9598,22.0309,1.01296,-1.03644,,5.9393,9.51909,-18.9598,22.0309,1.01296,-1.03644,,0,0,0,0,0,0,,0,0,0,0,0,0,,-298.426,-298.426,-0,-0,-0,-0,-0
3.555,,3.31261,7.80733,7.81965,11.5358,1.16952,0.744847,,3.31261,7.80733,7.81965,11.5358,1.16952,0.744847,,0,0,0,0,0,0,,0,0,0,0,0,0,,-265.886,-265.886,0,0,0,0,0,,0.109254,0.109254,0,0,0,0,0,,413351,413351,0,0,,6.36585,-16.8488,54.1563,57.0728,-1.20955,1.24972,,6.36585,-16.8488,54.1563,57.0728,-1.20955,1.24972,,0,0,0,0,0,0,,0,0,0,0,0,0,,-329.714,-329.714,-0,-0,-0,-0,-0
3.57,,1.65543,6.93268,4.63133,8.5001,1.3364,0.576218,,1.65543,6.93268,4.63133,8.5001,1.3364,0.576218,,0,0,0,0,0,0,,0,0,0,0,0,0,,-269.217,-269.217,0,0,0,0,0,,0.146518,0.146518,0,0,0,0,0,,402689,402689,0,0,,43.9534,-51.6135,-13.0998,69.0468,-0.865382,-0.190881,,43.9534,-51.6135,-13.0998,69.0468,-0.865382,-0.190881,,0,0,0,0,0,0,,0,0,0,0,0,0,,-267.439,-267.439,-0,-0,-0,-0,-0
3.585,,1.94986,5.77369,4.14198,7.36841,1.24511,0.596954,,1.94986,5.77369,4.14198,7.36841,1.24511,0.596954,,0,0,0,0,0,0,,0,0,0,0,0,0,,-284.811,-284.811,0,0,0,0,0,,0.0962897,0.0962897,0,0,0,0,0,,393488,393488,0,0,,9.08318,22.1262,2.7513,24.0757,1.18126,0.114527,,9.08318,22.1262,2.7513,24.0757,1.18126,0.114527,,0,0,0,0,0,0,,0,0,0,0,0,0,,-298.91,-298.91,-0,-0,-0,-0,-0
