B_x,B_y,B_z,,<M>_x,<M>_y,<M>_z,<M>_norm,<M>_theta,<M>_phi,,<ML>_x,<ML>_y,<ML>_z,<ML>_norm,<ML>_theta,<ML>_phi,,<MR>_x,<MR>_y,<MR>_z,<MR>_norm,<MR>_theta,<MR>_phi,,<Mm>_x,<Mm>_y,<Mm>_z,<Mm>_norm,<Mm>_theta,<Mm>_phi,,<U>,<UL>,<UR>,<Um>,<UmL>,<UmR>,<ULR>,,c,cL,cR,cm,cmL,cmR,cLR,,x,xL,xR,xm,,M_x,M_y,M_z,M_norm,M_theta,M_phi,,ML_x,ML_y,ML_z,ML_norm,ML_theta,ML_phi,,MR_x,MR_y,MR_z,MR_norm,MR_theta,MR_phi,,Mm_x,Mm_y,Mm_z,Mm_norm,Mm_theta,Mm_phi,,U,UL,UR,Um,UmL,UmR,ULR,,width = 11,height = 10,depth = 10,molPosL = 11,molPosR = 10,t_eq = 1100000,simCount = 1100000,freq = 1100,kT = 0.2,JL = 1,JR = 0,Jm = 0,JmL = 0,JmR = 0,JLR = 0,AL = 0.5,AR = 0,Am = 0,bL = 0,bR = 0,bm = 0,bmL = 0,bmR = 0,bLR = 0,,msd_version = 2.1
0,1.5,0,,-4.47546,1040.78,-1.88169,1040.79,1.5751,-0.00180795,,-4.47546,1040.78,-1.88169,1040.79,1.5751,-0.00180795,,0,0,0,0,0,0,,0,0,0,0,0,0,,-4330.76,-4330.76,0,0,0,0,0,,1.20816,1.20816,0,0,0,0,0,,3.72677e+006,3.72677e+006,0,0,,-24.2127,1038.74,20.5693,1039.23,1.5941,0.0197941,,-24.2127,1038.74,20.5693,1039.23,1.5941,0.0197941,,0,0,0,0,0,0,,0,0,0,0,0,0,,-4330.94,-4330.94,-0,-0,-0,-0,-0
0,1.45,0,,-11.6764,1039.73,8.0214,1039.82,1.58203,0.00771427,,-11.6764,1039.73,8.0214,1039.82,1.58203,0.00771427,,0,0,0,0,0,0,,0,0,0,0,0,0,,-4274.57,-4274.57,0,0,0,0,0,,1.80219,1.80219,0,0,0,0,0,,2.73127e+006,2.73127e+006,0,0,,19.3191,1040.88,-4.83908,1041.07,1.55224,-0.00464821,,19.3191,1040.88,-4.83908,1041.07,1.55224,-0.00464821,,0,0,0,0,0,0,,0,0,0,0,0,0,,-4276.74,-4276.74,-0,-0,-0,-0,-0
0,1.4,0,,-10.1122,1039.34,-0.353112,1039.39,1.58053,-0.00033973,,-10.1122,1039.34,-0.353112,1039.39,1.58053,-0.00033973,,0,0,0,0,0,0,,0,0,0,0,0,0,,-4219.81,-4219.81,0,0,0,0,0,,1.26767,1.26767,0,0,0,0,0,,1.49791e+006,1.49791e+006,0,0,,-6.81098,1037.33,-10.3782,1037.4,1.57736,-0.0100042,,-6.81098,1037.33,-10.3782,1037.4,1.57736,-0.0100042,,0,0,0,0,0,0,,0,0,0,0,0,0,,-4213.09,-4213.09,-0,-0,-0,-0,-0
0,1.35,0,,12.2553,1037.43,-9.57138,1037.55,1.55898,-0.00922513,,12.2553,1037.43,-9.57138,1037.55,1.55898,-0.00922513,,0,0,0,0,0,0,,0,0,0,0,0,0,,-4162.16,-4162.16,0,0,0,0,0,,1.23823,1.23823,0,0,0,0,0,,3.14932e+006,3.14932e+006,0,0,,27.7359,1036.42,8.22542,1036.82,1.54404,0.00793337,,27.7359,1036.42,8.22542,1036.82,1.54404,0.00793337,,0,0,0,0,0,0,,0,0,0,0,0,0,,-4161.31,-4161.31,-0,-0,-0,-0,-0
0,1.3,0,,31.4404,1037.37,12.1423,1037.92,1.5405,0.011699,,31.4404,1037.37,12.1423,1037.92,1.5405,0.011699,,0,0,0,0,0,0,,0,0,0,0,0,0,,-4111.93,-4111.93,0,0,0,0,0,,1.20466,1.20466,0,0,0,0,0,,1.62031e+006,1.62031e+006,0,0,,18.5767,1036.77,21.5963,1037.16,1.55288,0.0208241,,18.5767,1036.77,21.5963,1037.16,1.55288,0.0208241,,0,0,0,0,0,0,,0,0,0,0,0,0,,-4118.33,-4118.33,-0,-0,-0,-0,-0
0,1.25,0,,-1.89743,1034.77,12.2822,1034.84,1.57263,0.011869,,-1.89743,1034.77,12.2822,1034.84,1.57263,0.011869,,0,0,0,0,0,0,,0,0,0,0,0,0,,-4052.31,-4052.31,0,0,0,0,0,,1.34126,1.34126,0,0,0,0,0,,3.47621e+006,3.47621e+006,0,0,,-17.6913,1033.43,23.7985,1033.86,1.58791,0.0230212,,-17.6913,1033.43,23.7985,1033.86,1.58791,0.0230212,,0,0,0,0,0,0,,0,0,0,0,0,0,,-4047.68,-4047.68,-0,-0,-0,-0,-0
0,1.2,0,,-2.78663,1034.65,5.44454,1034.67,1.57349,0.00526211,,-2.78663,1034.65,5.44454,1034.67,1.57349,0.00526211,,0,0,0,0,0,0,,0,0,0,0,0,0,,-4001.22,-4001.22,0,0,0,0,0,,2.06779,2.06779,0,0,0,0,0,,3.68555e+006,3.68555e+006,0,0,,16.4451,1036.17,1.11023,1036.3,1.55493,0.00107134,,16.4451,1036.17,1.11023,1036.3,1.55493,0.00107134,,0,0,0,0,0,0,,0,0,0,0,0,0,,-4015.8,-4015.8,-0,-0,-0,-0,-0
0,1.15,0,,-11.6462,1034.69,0.774468,1034.76,1.58205,0.000748453,,-11.6462,1034.69,0.774468,1034.76,1.58205,0.000748453,,0,0,0,0,0,0,,0,0,0,0,0,0,,-3947.42,-3947.42,0,0,0,0,0,,1.27612,1.27612,0,0,0,0,0,,4.58641e+006,4.58641e+006,0,0,,-32.6295,1032.9,13.1545,1033.5,1.60238,0.0127284,,-32.6295,1032.9,13.1545,1033.5,1.60238,0.0127284,,0,0,0,0,0,0,,0,0,0,0,0,0,,-3946.54,-3946.54,-0,-0,-0,-0,-0
0,1.1,0,,31.7104,1032,0.0852623,1032.49,1.54008,8.25795e-005,,31.7104,1032,0.0852623,1032.49,1.54008,8.25795e-005,,0,0,0,0,0,0,,0,0,0,0,0,0,,-3890.02,-3890.02,0,0,0,0,0,,1.56773,1.56773,0,0,0,0,0,,1.75902e+006,1.75902e+006,0,0,,65.7626,1032.46,-10.2417,1034.6,1.50719,-0.00989934,,65.7626,1032.46,-10.2417,1034.6,1.50719,-0.00989934,,0,0,0,0,0,0,,0,0,0,0,0,0,,-3888.12,-3888.12,-0,-0,-0,-0,-0
0,1.05,0,,12.2105,1030.57,0.318785,1030.64,1.55895,0.000309308,,12.2105,1030.57,0.318785,1030.64,1.55895,0.000309308,,0,0,0,0,0,0,,0,0,0,0,0,0,,-3832.83,-3832.83,0,0,0,0,0,,1.64421,1.64421,0,0,0,0,0,,4.1993e+006,4.1993e+006,0,0,,0.269502,1030.72,22.8433,1030.97,1.57053,0.0221588,,0.269502,1030.72,22.8433,1030.97,1.57053,0.0221588,,0,0,0,0,0,0,,0,0,0,0,0,0,,-3844.1,-3844.1,-0,-0,-0,-0,-0
0,1,0,,10.9301,1028.35,4.72295,1028.42,1.56017,0.00459247,,10.9301,1028.35,4.72295,1028.42,1.56017,0.00459247,,0,0,0,0,0,0,,0,0,0,0,0,0,,-3781.46,-3781.46,0,0,0,0,0,,1.40396,1.40396,0,0,0,0,0,,2.68668e+006,2.68668e+006,0,0,,17.8609,1026.18,11.8584,1026.41,1.55339,0.0115536,,17.8609,1026.18,11.8584,1026.41,1.55339,0.0115536,,0,0,0,0,0,0,,0,0,0,0,0,0,,-3772.98,-3772.98,-0,-0,-0,-0,-0
0,0.95,0,,-21.3871,1025.11,3.72131,1025.34,1.59166,0.00362935,,-21.3871,1025.11,3.72131,1025.34,1.59166,0.00362935,,0,0,0,0,0,0,,0,0,0,0,0,0,,-3724.28,-3724.28,0,0,0,0,0,,1.84359,1.84359,0,0,0,0,0,,4.03152e+006,4.03152e+006,0,0,,-56.1746,1022.52,-5.56361,1024.08,1.62568,-0.0054328,,-56.1746,1022.52,-5.56361,1024.08,1.62568,-0.0054328,,0,0,0,0,0,0,,0,0,0,0,0,0,,-3726,-3726,-0,-0,-0,-0,-0
0,0.9,0,,20.7345,1018.56,-3.01473,1018.78,1.55044,-0.00295917,,20.7345,1018.56,-3.01473,1018.78,1.55044,-0.00295917,,0,0,0,0,0,0,,0,0,0,0,0,0,,-3665.69,-3665.69,0,0,0,0,0,,1.97463,1.97463,0,0,0,0,0,,3.78431e+007,3.78431e+007,0,0,,94.4059,1015.61,-20.4615,1020.2,1.47811,-0.0200578,,94.4059,1015.61,-20.4615,1020.2,1.47811,-0.0200578,,0,0,0,0,0,0,,0,0,0,0,0,0,,-3665.4,-3665.4,-0,-0,-0,-0,-0
0,0.85,0,,99.9411,1015.72,-10.5127,1020.68,1.47272,-0.0103,,99.9411,1015.72,-10.5127,1020.68,1.47272,-0.0103,,0,0,0,0,0,0,,0,0,0,0,0,0,,-3617.1,-3617.1,0,0,0,0,0,,1.08726,1.08726,0,0,0,0,0,,5.55387e+006,5.55387e+006,0,0,,106.366,1018.16,-2.66763,1023.7,1.46671,-0.00260586,,106.366,1018.16,-2.66763,1023.7,1.46671,-0.00260586,,0,0,0,0,0,0,,0,0,0,0,0,0,,-3608.81,-3608.81,-0,-0,-0,-0,-0
0,0.8,0,,367.243,957.799,-8.46366,1025.83,1.20466,-0.00825068,,367.243,957.799,-8.46366,1025.83,1.20466,-0.00825068,,0,0,0,0,0,0,,0,0,0,0,0,0,,-3568.88,-3568.88,0,0,0,0,0,,1.25893,1.25893,0,0,0,0,0,,2.97955e+006,2.97955e+006,0,0,,367.225,957.374,-1.06421,1025.39,1.20453,-0.00103786,,367.225,957.374,-1.06421,1025.39,1.20453,-0.00103786,,0,0,0,0,0,0,,0,0,0,0,0,0,,-3566.63,-3566.63,-0,-0,-0,-0,-0
0,0.75,0,,517.082,889.257,15.9765,1028.79,1.04411,0.0155301,,517.082,889.257,15.9765,1028.79,1.04411,0.0155301,,0,0,0,0,0,0,,0,0,0,0,0,0,,-3528.34,-3528.34,0,0,0,0,0,,1.12201,1.12201,0,0,0,0,0,,3.35497e+006,3.35497e+006,0,0,,544.025,872.818,19.7148,1028.67,1.01342,0.0191665,,544.025,872.818,19.7148,1028.67,1.01342,0.0191665,,0,0,0,0,0,0,,0,0,0,0,0,0,,-3526.83,-3526.83,-0,-0,-0,-0,-0
0,0.7,0,,631.267,813.998,-3.26235,1030.1,0.911166,-0.00316703,,631.267,813.998,-3.26235,1030.1,0.911166,-0.00316703,,0,0,0,0,0,0,,0,0,0,0,0,0,,-3485.63,-3485.63,0,0,0,0,0,,1.59694,1.59694,0,0,0,0,0,,2.81038e+006,2.81038e+006,0,0,,610.713,829.199,5.32411,1029.84,0.935986,0.00516986,,610.713,829.199,5.32411,1029.84,0.935986,0.00516986,,0,0,0,0,0,0,,0,0,0,0,0,0,,-3481.96,-3481.96,-0,-0,-0,-0,-0
0,0.65,0,,673.842,782.232,1.98507,1032.45,0.859701,0.00192268,,673.842,782.232,1.98507,1032.45,0.859701,0.00192268,,0,0,0,0,0,0,,0,0,0,0,0,0,,-3455.67,-3455.67,0,0,0,0,0,,1.39103,1.39103,0,0,0,0,0,,6.01495e+006,6.01495e+006,0,0,,676.92,777.891,0.117064,1031.18,0.854692,0.000113524,,676.92,777.891,0.117064,1031.18,0.854692,0.000113524,,0,0,0,0,0,0,,0,0,0,0,0,0,,-3450.14,-3450.14,-0,-0,-0,-0,-0
0,0.6,0,,749.706,711.993,-13.9727,1034.02,0.759603,-0.0135135,,749.706,711.993,-13.9727,1034.02,0.759603,-0.0135135,,0,0,0,0,0,0,,0,0,0,0,0,0,,-3420.44,-3420.44,0,0,0,0,0,,0.939826,0.939826,0,0,0,0,0,,4.40912e+006,4.40912e+006,0,0,,757.909,703.039,-32.8259,1034.3,0.747858,-0.0317427,,757.909,703.039,-32.8259,1034.3,0.747858,-0.0317427,,0,0,0,0,0,0,,0,0,0,0,0,0,,-3406.83,-3406.83,-0,-0,-0,-0,-0
0,0.55,0,,822.807,628.099,-12.5346,1035.22,0.651998,-0.0121085,,822.807,628.099,-12.5346,1035.22,0.651998,-0.0121085,,0,0,0,0,0,0,,0,0,0,0,0,0,,-3388.68,-3388.68,0,0,0,0,0,,2.13513,2.13513,0,0,0,0,0,,2.18287e+006,2.18287e+006,0,0,,849.509,588.923,-1.8251,1033.68,0.606182,-0.00176563,,849.509,588.923,-1.8251,1033.68,0.606182,-0.00176563,,0,0,0,0,0,0,,0,0,0,0,0,0,,-3383.14,-3383.14,-0,-0,-0,-0,-0
0,0.5,0,,853.532,585.761,7.66133,1035.22,0.601458,0.00740071,,853.532,585.761,7.66133,1035.22,0.601458,0.00740071,,0,0,0,0,0,0,,0,0,0,0,0,0,,-3358.51,-3358.51,0,0,0,0,0,,1.48673,1.48673,0,0,0,0,0,,2.25862e+006,2.25862e+006,0,0,,857.23,580.609,9.09515,1035.39,0.595334,0.00878439,,857.23,580.609,9.09515,1035.39,0.595334,0.00878439,,0,0,0,0,0,0,,0,0,0,0,0,0,,-3370.68,-3370.68,-0,-0,-0,-0,-0
0,0.45,0,,892.219,526.978,-9.56529,1036.27,0.533507,-0.00923064,,892.219,526.978,-9.56529,1036.27,0.533507,-0.00923064,,0,0,0,0,0,0,,0,0,0,0,0,0,,-3333.41,-3333.41,0,0,0,0,0,,1.83215,1.83215,0,0,0,0,0,,2.64741e+006,2.64741e+006,0,0,,893.798,535.01,-20.4,1041.89,0.539375,-0.0195811,,893.798,535.01,-20.4,1041.89,0.539375,-0.0195811,,0,0,0,0,0,0,,0,0,0,0,0,0,,-3345.12,-3345.12,-0,-0,-0,-0,-0
0,0.4,0,,920.041,477.862,12.4964,1036.81,0.479041,0.012053,,920.041,477.862,12.4964,1036.81,0.479041,0.012053,,0,0,0,0,0,0,,0,0,0,0,0,0,,-3310.41,-3310.41,0,0,0,0,0,,1.31408,1.31408,0,0,0,0,0,,2.81772e+006,2.81772e+006,0,0,,918.231,481.897,39.8438,1037.77,0.483298,0.0384032,,918.231,481.897,39.8438,1037.77,0.483298,0.0384032,,0,0,0,0,0,0,,0,0,0,0,0,0,,-3308.28,-3308.28,-0,-0,-0,-0,-0
0,0.35,0,,953.089,408.552,-4.34219,1036.97,0.404967,-0.00418738,,953.089,408.552,-4.34219,1036.97,0.404967,-0.00418738,,0,0,0,0,0,0,,0,0,0,0,0,0,,-3288.08,-3288.08,0,0,0,0,0,,1.6406,1.6406,0,0,0,0,0,,5.24461e+006,5.24461e+006,0,0,,944.855,420.928,-8.52679,1034.41,0.419101,-0.00824324,,944.855,420.928,-8.52679,1034.41,0.419101,-0.00824324,,0,0,0,0,0,0,,0,0,0,0,0,0,,-3283.67,-3283.67,-0,-0,-0,-0,-0
0,0.3,0,,977.291,349.102,-8.10572,1037.8,0.343087,-0.00781054,,977.291,349.102,-8.10572,1037.8,0.343087,-0.00781054,,0,0,0,0,0,0,,0,0,0,0,0,0,,-3273.96,-3273.96,0,0,0,0,0,,1.45386,1.45386,0,0,0,0,0,,2.23658e+006,2.23658e+006,0,0,,979.38,349.452,-15.4236,1039.97,0.342728,-0.0148313,,979.38,349.452,-15.4236,1039.97,0.342728,-0.0148313,,0,0,0,0,0,0,,0,0,0,0,0,0,,-3286.06,-3286.06,-0,-0,-0,-0,-0
0,0.25,0,,999.906,280.56,9.18032,1038.56,0.273553,0.00883956,,999.906,280.56,9.18032,1038.56,0.273553,0.00883956,,0,0,0,0,0,0,,0,0,0,0,0,0,,-3258.19,-3258.19,0,0,0,0,0,,1.50097,1.50097,0,0,0,0,0,,3.20355e+006,3.20355e+006,0,0,,1003.01,260.088,-0.0355104,1036.18,0.25372,-3.42706e-005,,1003.01,260.088,-0.0355104,1036.18,0.25372,-3.42706e-005,,0,0,0,0,0,0,,0,0,0,0,0,0,,-3269.8,-3269.8,-0,-0,-0,-0,-0
0,0.2,0,,1009.92,241.684,-0.316529,1038.44,0.234892,-0.000304812,,1009.92,241.684,-0.316529,1038.44,0.234892,-0.000304812,,0,0,0,0,0,0,,0,0,0,0,0,0,,-3246.45,-3246.45,0,0,0,0,0,,1.59823,1.59823,0,0,0,0,0,,3.28057e+006,3.28057e+006,0,0,,1001.24,273.427,-23.147,1038.17,0.266587,-0.0222979,,1001.24,273.427,-23.147,1038.17,0.266587,-0.0222979,,0,0,0,0,0,0,,0,0,0,0,0,0,,-3244.12,-3244.12,-0,-0,-0,-0,-0
0,0.15,0,,1023.27,182.248,-4.47777,1039.38,0.176256,-0.00430812,,1023.27,182.248,-4.47777,1039.38,0.176256,-0.00430812,,0,0,0,0,0,0,,0,0,0,0,0,0,,-3237.8,-3237.8,0,0,0,0,0,,1.50237,1.50237,0,0,0,0,0,,3.97609e+006,3.97609e+006,0,0,,1028.14,154.84,9.76354,1039.78,0.149479,0.00939017,,1028.14,154.84,9.76354,1039.78,0.149479,0.00939017,,0,0,0,0,0,0,,0,0,0,0,0,0,,-3241.12,-3241.12,-0,-0,-0,-0,-0
0,0.1,0,,1029.87,131.587,16.4649,1038.38,0.127082,0.0158571,,1029.87,131.587,16.4649,1038.38,0.127082,0.0158571,,0,0,0,0,0,0,,0,0,0,0,0,0,,-3225,-3225,0,0,0,0,0,,1.29985,1.29985,0,0,0,0,0,,3.48953e+006,3.48953e+006,0,0,,1036.25,110.902,10.3783,1042.22,0.106616,0.00995801,,1036.25,110.902,10.3783,1042.22,0.106616,0.00995801,,0,0,0,0,0,0,,0,0,0,0,0,0,,-3236.55,-3236.55,-0,-0,-0,-0,-0
0,0.05,0,,1037.11,56.3872,-10.253,1038.69,0.0543161,-0.00987123,,1037.11,56.3872,-10.253,1038.69,0.0543161,-0.00987123,,0,0,0,0,0,0,,0,0,0,0,0,0,,-3224.63,-3224.63,0,0,0,0,0,,1.65451,1.65451,0,0,0,0,0,,2.26206e+006,2.26206e+006,0,0,,1037.54,56.0652,22.3029,1039.29,0.0539841,0.0214613,,1037.54,56.0652,22.3029,1039.29,0.0539841,0.0214613,,0,0,0,0,0,0,,0,0,0,0,0,0,,-3231.38,-3231.38,-0,-0,-0,-0,-0
0,-7.63278e-016,0,,1038.97,8.92131,8.69656,1039.04,0.00858648,0.00836987,,1038.97,8.92131,8.69656,1039.04,0.00858648,0.00836987,,0,0,0,0,0,0,,0,0,0,0,0,0,,-3226.9,-3226.9,0,0,0,0,0,,2.40619,2.40619,0,0,0,0,0,,3.91756e+006,3.91756e+006,0,0,,1041.18,31.045,8.98957,1041.69,0.0298082,0.00862994,,1041.18,31.045,8.98957,1041.69,0.0298082,0.00862994,,0,0,0,0,0,0,,0,0,0,0,0,0,,-3234.77,-3234.77,-0,-0,-0,-0,-0
0,-0.05,0,,1036.44,-68.7579,1.32152,1038.72,-0.0662431,0.00127226,,1036.44,-68.7579,1.32152,1038.72,-0.0662431,0.00127226,,0,0,0,0,0,0,,0,0,0,0,0,0,,-3225.45,-3225.45,0,0,0,0,0,,2.03722,2.03722,0,0,0,0,0,,2.14927e+006,2.14927e+006,0,0,,1039.41,-65.7902,18.3635,1041.65,-0.0632115,0.0176302,,1039.41,-65.7902,18.3635,1041.65,-0.0632115,0.0176302,,0,0,0,0,0,0,,0,0,0,0,0,0,,-3234.48,-3234.48,-0,-0,-0,-0,-0
0,-0.1,0,,1032.35,-118.358,8.75356,1039.15,-0.114151,0.00842384,,1032.35,-118.358,8.75356,1039.15,-0.114151,0.00842384,,0,0,0,0,0,0,,0,0,0,0,0,0,,-3230.47,-3230.47,0,0,0,0,0,,1.79508,1.79508,0,0,0,0,0,,4.37971e+006,4.37971e+006,0,0,,1037.75,-83.3556,-29.5215,1041.51,-0.0801515,-0.0283487,,1037.75,-83.3556,-29.5215,1041.51,-0.0801515,-0.0283487,,0,0,0,0,0,0,,0,0,0,0,0,0,,-3233.06,-3233.06,-0,-0,-0,-0,-0
0,-0.15,0,,1024.12,-170.016,5.24517,1038.15,-0.16451,0.00505242,,1024.12,-170.016,5.24517,1038.15,-0.16451,0.00505242,,0,0,0,0,0,0,,0,0,0,0,0,0,,-3234.12,-3234.12,0,0,0,0,0,,1.4148,1.4148,0,0,0,0,0,,2.48636e+006,2.48636e+006,0,0,,1022.02,-180.852,11.2812,1037.96,-0.175142,0.0108688,,1022.02,-180.852,11.2812,1037.96,-0.175142,0.0108688,,0,0,0,0,0,0,,0,0,0,0,0,0,,-3227.96,-3227.96,-0,-0,-0,-0,-0
0,-0.2,0,,1008.38,-244.34,-11.4946,1037.63,-0.237727,-0.011078,,1008.38,-244.34,-11.4946,1037.63,-0.237727,-0.011078,,0,0,0,0,0,0,,0,0,0,0,0,0,,-3242.92,-3242.92,0,0,0,0,0,,1.61523,1.61523,0,0,0,0,0,,3.4189e+006,3.4189e+006,0,0,,1007.08,-235.558,-8.85006,1034.3,-0.229771,-0.00855667,,1007.08,-235.558,-8.85006,1034.3,-0.229771,-0.00855667,,0,0,0,0,0,0,,0,0,0,0,0,0,,-3236.65,-3236.65,-0,-0,-0,-0,-0
0,-0.25,0,,993.294,-300.515,3.65672,1037.76,-0.293789,0.00352366,,993.294,-300.515,3.65672,1037.76,-0.293789,0.00352366,,0,0,0,0,0,0,,0,0,0,0,0,0,,-3256.13,-3256.13,0,0,0,0,0,,1.48359,1.48359,0,0,0,0,0,,2.21436e+006,2.21436e+006,0,0,,986.036,-306.514,-17.9005,1032.73,-0.301385,-0.017334,,986.036,-306.514,-17.9005,1032.73,-0.301385,-0.017334,,0,0,0,0,0,0,,0,0,0,0,0,0,,-3249.17,-3249.17,-0,-0,-0,-0,-0
0,-0.3,0,,981.177,-341.013,6.37876,1038.77,-0.334495,0.00614074,,981.177,-341.013,6.37876,1038.77,-0.334495,0.00614074,,0,0,0,0,0,0,,0,0,0,0,0,0,,-3277.25,-3277.25,0,0,0,0,0,,1.47737,1.47737,0,0,0,0,0,,2.85717e+006,2.85717e+006,0,0,,974.309,-366.57,-5.29685,1041,-0.359854,-0.00508826,,974.309,-366.57,-5.29685,1041,-0.359854,-0.00508826,,0,0,0,0,0,0,,0,0,0,0,0,0,,-3281.2,-3281.2,-0,-0,-0,-0,-0
0,-0.35,0,,948.354,-418.583,10.2195,1036.67,-0.415661,0.00985811,,948.354,-418.583,10.2195,1036.67,-0.415661,0.00985811,,0,0,0,0,0,0,,0,0,0,0,0,0,,-3288.96,-3288.96,0,0,0,0,0,,1.19788,1.19788,0,0,0,0,0,,4.03781e+006,4.03781e+006,0,0,,945.729,-420.142,21.2293,1035.07,-0.418064,0.0205114,,945.729,-420.142,21.2293,1035.07,-0.418064,0.0205114,,0,0,0,0,0,0,,0,0,0,0,0,0,,-3286.95,-3286.95,-0,-0,-0,-0,-0
0,-0.4,0,,921.766,-473.407,-4.22945,1036.24,-0.474458,-0.00408156,,921.766,-473.407,-4.22945,1036.24,-0.474458,-0.00408156,,0,0,0,0,0,0,,0,0,0,0,0,0,,-3309.18,-3309.18,0,0,0,0,0,,1.5232,1.5232,0,0,0,0,0,,1.92652e+006,1.92652e+006,0,0,,917.046,-491.806,4.42031,1040.61,-0.49226,0.00424783,,917.046,-491.806,4.42031,1040.61,-0.49226,0.00424783,,0,0,0,0,0,0,,0,0,0,0,0,0,,-3320.33,-3320.33,-0,-0,-0,-0,-0
0,-0.45,0,,886.292,-537.694,-6.70138,1036.66,-0.545316,-0.00646441,,886.292,-537.694,-6.70138,1036.66,-0.545316,-0.00646441,,0,0,0,0,0,0,,0,0,0,0,0,0,,-3336.45,-3336.45,0,0,0,0,0,,1.45295,1.45295,0,0,0,0,0,,2.21439e+006,2.21439e+006,0,0,,895.256,-520.055,-23.203,1035.61,-0.526257,-0.0224072,,895.256,-520.055,-23.203,1035.61,-0.526257,-0.0224072,,0,0,0,0,0,0,,0,0,0,0,0,0,,-3332.18,-3332.18,-0,-0,-0,-0,-0
0,-0.5,0,,857.384,-581.048,1.46422,1035.72,-0.595602,0.00141372,,857.384,-581.048,1.46422,1035.72,-0.595602,0.00141372,,0,0,0,0,0,0,,0,0,0,0,0,0,,-3360.36,-3360.36,0,0,0,0,0,,2.42119,2.42119,0,0,0,0,0,,5.28768e+006,5.28768e+006,0,0,,840.187,-612.69,7.94356,1039.89,-0.630076,0.00763894,,840.187,-612.69,7.94356,1039.89,-0.630076,0.00763894,,0,0,0,0,0,0,,0,0,0,0,0,0,,-3370.22,-3370.22,-0,-0,-0,-0,-0
0,-0.55,0,,796.079,-659.597,-9.53619,1033.88,-0.691913,-0.00922386,,796.079,-659.597,-9.53619,1033.88,-0.691913,-0.00922386,,0,0,0,0,0,0,,0,0,0,0,0,0,,-3386.02,-3386.02,0,0,0,0,0,,2.33349,2.33349,0,0,0,0,0,,4.07808e+006,4.07808e+006,0,0,,793.501,-663.833,-9.1321,1034.6,-0.696656,-0.0088268,,793.501,-663.833,-9.1321,1034.6,-0.696656,-0.0088268,,0,0,0,0,0,0,,0,0,0,0,0,0,,-3388.81,-3388.81,-0,-0,-0,-0,-0
0,-0.6,0,,760.797,-700.183,-11.5442,1034.02,-0.743933,-0.0111646,,760.797,-700.183,-11.5442,1034.02,-0.743933,-0.0111646,,0,0,0,0,0,0,,0,0,0,0,0,0,,-3421.32,-3421.32,0,0,0,0,0,,1.54985,1.54985,0,0,0,0,0,,3.4113e+006,3.4113e+006,0,0,,760.93,-696.467,-22.8487,1031.8,-0.741195,-0.0221464,,760.93,-696.467,-22.8487,1031.8,-0.741195,-0.0221464,,0,0,0,0,0,0,,0,0,0,0,0,0,,-3418.81,-3418.81,-0,-0,-0,-0,-0
0,-0.65,0,,720.613,-742.354,-11.9961,1034.66,-0.800258,-0.0115945,,720.613,-742.354,-11.9961,1034.66,-0.800258,-0.0115945,,0,0,0,0,0,0,,0,0,0,0,0,0,,-3458.56,-3458.56,0,0,0,0,0,,1.82162,1.82162,0,0,0,0,0,,3.22444e+006,3.22444e+006,0,0,,711.54,-752.685,-13.0354,1035.85,-0.813491,-0.0125846,,711.54,-752.685,-13.0354,1035.85,-0.813491,-0.0125846,,0,0,0,0,0,0,,0,0,0,0,0,0,,-3464.55,-3464.55,-0,-0,-0,-0,-0
0,-0.7,0,,616.664,-823.642,5.95274,1028.93,-0.928125,0.00578541,,616.664,-823.642,5.95274,1028.93,-0.928125,0.00578541,,0,0,0,0,0,0,,0,0,0,0,0,0,,-3485.96,-3485.96,0,0,0,0,0,,1.73821,1.73821,0,0,0,0,0,,7.25489e+006,7.25489e+006,0,0,,555.727,-864.239,-0.784878,1027.49,-0.99934,-0.000763876,,555.727,-864.239,-0.784878,1027.49,-0.99934,-0.000763876,,0,0,0,0,0,0,,0,0,0,0,0,0,,-3488.73,-3488.73,-0,-0,-0,-0,-0
0,-0.75,0,,508.91,-892.225,-8.77559,1027.2,-1.05244,-0.00854335,,508.91,-892.225,-8.77559,1027.2,-1.05244,-0.00854335,,0,0,0,0,0,0,,0,0,0,0,0,0,,-3528.25,-3528.25,0,0,0,0,0,,1.6298,1.6298,0,0,0,0,0,,5.35098e+006,5.35098e+006,0,0,,525.604,-889.201,-6.64739,1032.95,-1.03695,-0.0064354,,525.604,-889.201,-6.64739,1032.95,-1.03695,-0.0064354,,0,0,0,0,0,0,,0,0,0,0,0,0,,-3542.56,-3542.56,-0,-0,-0,-0,-0
0,-0.8,0,,403.791,-943.135,2.91528,1025.94,-1.16627,0.00284157,,403.791,-943.135,2.91528,1025.94,-1.16627,0.00284157,,0,0,0,0,0,0,,0,0,0,0,0,0,,-3570.38,-3570.38,0,0,0,0,0,,2.04429,2.04429,0,0,0,0,0,,9.29557e+006,9.29557e+006,0,0,,397.325,-953.532,-10.7644,1033.06,-1.17599,-0.0104202,,397.325,-953.532,-10.7644,1033.06,-1.17599,-0.0104202,,0,0,0,0,0,0,,0,0,0,0,0,0,,-3579.31,-3579.31,-0,-0,-0,-0,-0
0,-0.85,0,,236.413,-995.336,-7.21992,1023.05,-1.3376,-0.00705729,,236.413,-995.336,-7.21992,1023.05,-1.3376,-0.00705729,,0,0,0,0,0,0,,0,0,0,0,0,0,,-3617.51,-3617.51,0,0,0,0,0,,1.63762,1.63762,0,0,0,0,0,,5.33768e+006,5.33768e+006,0,0,,249.841,-991.023,-23.3356,1022.3,-1.32384,-0.0228287,,249.841,-991.023,-23.3356,1022.3,-1.32384,-0.0228287,,0,0,0,0,0,0,,0,0,0,0,0,0,,-3620.47,-3620.47,-0,-0,-0,-0,-0
0,-0.9,0,,29.4163,-1023.2,-0.102363,1023.62,-1.54205,-0.000100001,,29.4163,-1023.2,-0.102363,1023.62,-1.54205,-0.000100001,,0,0,0,0,0,0,,0,0,0,0,0,0,,-3668.74,-3668.74,0,0,0,0,0,,1.11358,1.11358,0,0,0,0,0,,1.55753e+007,1.55753e+007,0,0,,-25.6589,-1025.04,-0.525284,1025.36,-1.59582,-0.000512294,,-25.6589,-1025.04,-0.525284,1025.36,-1.59582,-0.000512294,,0,0,0,0,0,0,,0,0,0,0,0,0,,-3667.48,-3667.48,-0,-0,-0,-0,-0
0,-0.95,0,,-6.91136,-1026.88,-3.72807,1026.91,-1.57753,-0.0036304,,-6.91136,-1026.88,-3.72807,1026.91,-1.57753,-0.0036304,,0,0,0,0,0,0,,0,0,0,0,0,0,,-3723.17,-3723.17,0,0,0,0,0,,1.78327,1.78327,0,0,0,0,0,,6.06104e+006,6.06104e+006,0,0,,64.3975,-1022.95,-8.90083,1025.01,-1.50793,-0.00868375,,64.3975,-1022.95,-8.90083,1025.01,-1.50793,-0.00868375,,0,0,0,0,0,0,,0,0,0,0,0,0,,-3724.33,-3724.33,-0,-0,-0,-0,-0
0,-1,0,,-6.9454,-1028.09,7.92435,1028.15,-1.57755,0.0077075,,-6.9454,-1028.09,7.92435,1028.15,-1.57755,0.0077075,,0,0,0,0,0,0,,0,0,0,0,0,0,,-3779.2,-3779.2,0,0,0,0,0,,0.891852,0.891852,0,0,0,0,0,,3.32368e+006,3.32368e+006,0,0,,18.4848,-1030.86,15.0865,1031.14,-1.55287,0.0146315,,18.4848,-1030.86,15.0865,1031.14,-1.55287,0.0146315,,0,0,0,0,0,0,,0,0,0,0,0,0,,-3780.57,-3780.57,-0,-0,-0,-0,-0
0,-1.05,0,,-39.8162,-1031.07,-1.11113,1031.84,-1.60939,-0.00107685,,-39.8162,-1031.07,-1.11113,1031.84,-1.60939,-0.00107685,,0,0,0,0,0,0,,0,0,0,0,0,0,,-3835.45,-3835.45,0,0,0,0,0,,1.33971,1.33971,0,0,0,0,0,,5.73307e+006,5.73307e+006,0,0,,-11.7198,-1027.28,29.7391,1027.77,-1.5822,0.0289394,,-11.7198,-1027.28,29.7391,1027.77,-1.5822,0.0289394,,0,0,0,0,0,0,,0,0,0,0,0,0,,-3822.9,-3822.9,-0,-0,-0,-0,-0
0,-1.1,0,,-27.6705,-1030.32,-10.2549,1030.75,-1.59765,-0.00994913,,-27.6705,-1030.32,-10.2549,1030.75,-1.59765,-0.00994913,,0,0,0,0,0,0,,0,0,0,0,0,0,,-3887.9,-3887.9,0,0,0,0,0,,1.42046,1.42046,0,0,0,0,0,,5.45227e+006,5.45227e+006,0,0,,12.8478,-1032.65,-10.9999,1032.78,-1.55836,-0.0106509,,12.8478,-1032.65,-10.9999,1032.78,-1.55836,-0.0106509,,0,0,0,0,0,0,,0,0,0,0,0,0,,-3896.07,-3896.07,-0,-0,-0,-0,-0
0,-1.15,0,,11.9727,-1032.35,1.58357,1032.42,-1.5592,0.00153384,,11.9727,-1032.35,1.58357,1032.42,-1.5592,0.00153384,,0,0,0,0,0,0,,0,0,0,0,0,0,,-3942.46,-3942.46,0,0,0,0,0,,1.3936,1.3936,0,0,0,0,0,,9.57949e+006,9.57949e+006,0,0,,-32.8689,-1030.73,3.70003,1031.26,-1.60267,0.00358787,,-32.8689,-1030.73,3.70003,1031.26,-1.60267,0.00358787,,0,0,0,0,0,0,,0,0,0,0,0,0,,-3928.87,-3928.87,-0,-0,-0,-0,-0
0,-1.2,0,,-17.1744,-1033.12,10.2539,1033.32,-1.58742,0.00992345,,-17.1744,-1033.12,10.2539,1033.32,-1.58742,0.00992345,,0,0,0,0,0,0,,0,0,0,0,0,0,,-3998.47,-3998.47,0,0,0,0,0,,1.36932,1.36932,0,0,0,0,0,,5.40744e+006,5.40744e+006,0,0,,-39.4072,-1030.71,-17.551,1031.61,-1.60901,-0.017014,,-39.4072,-1030.71,-17.551,1031.61,-1.60901,-0.017014,,0,0,0,0,0,0,,0,0,0,0,0,0,,-3996.9,-3996.9,-0,-0,-0,-0,-0
0,-1.25,0,,-14.9079,-1035.67,-7.63264,1035.8,-1.58519,-0.00736889,,-14.9079,-1035.67,-7.63264,1035.8,-1.58519,-0.00736889,,0,0,0,0,0,0,,0,0,0,0,0,0,,-4054.71,-4054.71,0,0,0,0,0,,1.61173,1.61173,0,0,0,0,0,,6.75482e+006,6.75482e+006,0,0,,-22.9705,-1040.32,-8.76161,1040.61,-1.59287,-0.00841981,,-22.9705,-1040.32,-8.76161,1040.61,-1.59287,-0.00841981,,0,0,0,0,0,0,,0,0,0,0,0,0,,-4068.07,-4068.07,-0,-0,-0,-0,-0
0,-1.3,0,,3.25876,-1037,2.38872,1037.01,-1.56765,0.00230348,,3.25876,-1037,2.38872,1037.01,-1.56765,0.00230348,,0,0,0,0,0,0,,0,0,0,0,0,0,,-4109.92,-4109.92,0,0,0,0,0,,1.36148,1.36148,0,0,0,0,0,,3.75725e+006,3.75725e+006,0,0,,-12.8251,-1039.82,-10.991,1039.96,-1.58313,-0.0105689,,-12.8251,-1039.82,-10.991,1039.96,-1.58313,-0.0105689,,0,0,0,0,0,0,,0,0,0,0,0,0,,-4120.27,-4120.27,-0,-0,-0,-0,-0
0,-1.35,0,,-1.69691,-1038.1,11.1727,1038.16,-1.57243,0.0107623,,-1.69691,-1038.1,11.1727,1038.16,-1.57243,0.0107623,,0,0,0,0,0,0,,0,0,0,0,0,0,,-4165.14,-4165.14,0,0,0,0,0,,0.97329,0.97329,0,0,0,0,0,,5.68283e+006,5.68283e+006,0,0,,-4.03373,-1035.14,25.5402,1035.46,-1.57469,0.024668,,-4.03373,-1035.14,25.5402,1035.46,-1.57469,0.024668,,0,0,0,0,0,0,,0,0,0,0,0,0,,-4160.6,-4160.6,-0,-0,-0,-0,-0
0,-1.4,0,,5.52868,-1037.12,-7.1431,1037.16,-1.56547,-0.00688722,,5.52868,-1037.12,-7.1431,1037.16,-1.56547,-0.00688722,,0,0,0,0,0,0,,0,0,0,0,0,0,,-4213.63,-4213.63,0,0,0,0,0,,1.65752,1.65752,0,0,0,0,0,,1.86574e+006,1.86574e+006,0,0,,6.31965,-1039.01,-23.7668,1039.3,-1.56471,-0.0228701,,6.31965,-1039.01,-23.7668,1039.3,-1.56471,-0.0228701,,0,0,0,0,0,0,,0,0,0,0,0,0,,-4224.22,-4224.22,-0,-0,-0,-0,-0
0,-1.45,0,,7.01811,-1039.08,4.78824,1039.12,-1.56404,0.00460801,,7.01811,-1039.08,4.78824,1039.12,-1.56404,0.00460801,,0,0,0,0,0,0,,0,0,0,0,0,0,,-4272.91,-4272.91,0,0,0,0,0,,1.61627,1.61627,0,0,0,0,0,,1.97278e+006,1.97278e+006,0,0,,-8.63157,-1041.56,-3.08827,1041.6,-1.57908,-0.00296494,,-8.63157,-1041.56,-3.08827,1041.6,-1.57908,-0.00296494,,0,0,0,0,0,0,,0,0,0,0,0,0,,-4276.18,-4276.18,-0,-0,-0,-0,-0
0,-1.5,0,,-3.04136,-1039.86,7.01052,1039.89,-1.57372,0.00674163,,-3.04136,-1039.86,7.01052,1039.89,-1.57372,0.00674163,,0,0,0,0,0,0,,0,0,0,0,0,0,,-4328.39,-4328.39,0,0,0,0,0,,2.01905,2.01905,0,0,0,0,0,,1.56416e+006,1.56416e+006,0,0,,14.4874,-1038.97,8.34923,1039.11,-1.55685,0.00803508,,14.4874,-1038.97,8.34923,1039.11,-1.55685,0.00803508,,0,0,0,0,0,0,,0,0,0,0,0,0,,-4318.69,-4318.69,-0,-0,-0,-0,-0
0,-1.45,0,,-6.58681,-1038.95,-0.549805,1038.97,-1.57714,-0.000529181,,-6.58681,-1038.95,-0.549805,1038.97,-1.57714,-0.000529181,,0,0,0,0,0,0,,0,0,0,0,0,0,,-4272.66,-4272.66,0,0,0,0,0,,1.36837,1.36837,0,0,0,0,0,,1.96228e+006,1.96228e+006,0,0,,8.53612,-1039.51,14.3165,1039.64,-1.56258,0.0137711,,8.53612,-1039.51,14.3165,1039.64,-1.56258,0.0137711,,0,0,0,0,0,0,,0,0,0,0,0,0,,-4272.34,-4272.34,-0,-0,-0,-0,-0
0,-1.4,0,,-7.79533,-1038.15,-3.28019,1038.19,-1.57831,-0.00315953,,-7.79533,-1038.15,-3.28019,1038.19,-1.57831,-0.00315953,,0,0,0,0,0,0,,0,0,0,0,0,0,,-4215.2,-4215.2,0,0,0,0,0,,1.71704,1.71704,0,0,0,0,0,,3.39617e+006,3.39617e+006,0,0,,33.9574,-1036.14,-7.50514,1036.73,-1.53804,-0.00723932,,33.9574,-1036.14,-7.50514,1036.73,-1.53804,-0.00723932,,0,0,0,0,0,0,,0,0,0,0,0,0,,-4203.77,-4203.77,-0,-0,-0,-0,-0
0,-1.35,0,,11.3469,-1036.88,-8.06881,1036.98,-1.55985,-0.00778117,,11.3469,-1036.88,-8.06881,1036.98,-1.55985,-0.00778117,,0,0,0,0,0,0,,0,0,0,0,0,0,,-4164.19,-4164.19,0,0,0,0,0,,1.02176,1.02176,0,0,0,0,0,,6.40627e+006,6.40627e+006,0,0,,-26.1787,-1038.61,-14.1212,1039.03,-1.596,-0.0135911,,-26.1787,-1038.61,-14.1212,1039.03,-1.596,-0.0135911,,0,0,0,0,0,0,,0,0,0,0,0,0,,-4169.76,-4169.76,-0,-0,-0,-0,-0
0,-1.3,0,,1.07661,-1037.29,-10.9734,1037.35,-1.56976,-0.0105785,,1.07661,-1037.29,-10.9734,1037.35,-1.56976,-0.0105785,,0,0,0,0,0,0,,0,0,0,0,0,0,,-4111.96,-4111.96,0,0,0,0,0,,1.66431,1.66431,0,0,0,0,0,,2.04843e+006,2.04843e+006,0,0,,-59.342,-1037.53,11.829,1039.29,-1.62793,0.011382,,-59.342,-1037.53,11.829,1039.29,-1.62793,0.011382,,0,0,0,0,0,0,,0,0,0,0,0,0,,-4112.31,-4112.31,-0,-0,-0,-0,-0
0,-1.25,0,,20.3134,-1033.67,3.12641,1033.87,-1.55115,0.00302399,,20.3134,-1033.67,3.12641,1033.87,-1.55115,0.00302399,,0,0,0,0,0,0,,0,0,0,0,0,0,,-4050.09,-4050.09,0,0,0,0,0,,1.24047,1.24047,0,0,0,0,0,,2.85812e+006,2.85812e+006,0,0,,64.5949,-1035.49,17.3092,1037.65,-1.5085,0.0166819,,64.5949,-1035.49,17.3092,1037.65,-1.5085,0.0166819,,0,0,0,0,0,0,,0,0,0,0,0,0,,-4055.17,-4055.17,-0,-0,-0,-0,-0
0,-1.2,0,,-7.89877,-1034.61,-4.60454,1034.65,-1.57843,-0.00445033,,-7.89877,-1034.61,-4.60454,1034.65,-1.57843,-0.00445033,,0,0,0,0,0,0,,0,0,0,0,0,0,,-3998.25,-3998.25,0,0,0,0,0,,1.16464,1.16464,0,0,0,0,0,,2.40508e+006,2.40508e+006,0,0,,15.6047,-1034.54,-16.3901,1034.79,-1.55571,-0.0158397,,15.6047,-1034.54,-16.3901,1034.79,-1.55571,-0.0158397,,0,0,0,0,0,0,,0,0,0,0,0,0,,-3999.11,-3999.11,-0,-0,-0,-0,-0
0,-1.15,0,,-1.12267,-1032.72,10.5968,1032.77,-1.57188,0.0102607,,-1.12267,-1032.72,10.5968,1032.77,-1.57188,0.0102607,,0,0,0,0,0,0,,0,0,0,0,0,0,,-3940.13,-3940.13,0,0,0,0,0,,1.42353,1.42353,0,0,0,0,0,,4.80417e+006,4.80417e+006,0,0,,23.9879,-1034.61,6.24982,1034.91,-1.54762,0.00603905,,23.9879,-1034.61,6.24982,1034.91,-1.54762,0.00603905,,0,0,0,0,0,0,,0,0,0,0,0,0,,-3944.79,-3944.79,-0,-0,-0,-0,-0
0,-1.1,0,,-12.7157,-1031.79,-0.0556622,1031.86,-1.58312,-5.39433e-005,,-12.7157,-1031.79,-0.0556622,1031.86,-1.58312,-5.39433e-005,,0,0,0,0,0,0,,0,0,0,0,0,0,,-3886.35,-3886.35,0,0,0,0,0,,1.63245,1.63245,0,0,0,0,0,,6.82383e+006,6.82383e+006,0,0,,48.6481,-1031.33,-10.0115,1032.53,-1.52366,-0.00969622,,48.6481,-1031.33,-10.0115,1032.53,-1.52366,-0.00969622,,0,0,0,0,0,0,,0,0,0,0,0,0,,-3879.4,-3879.4,-0,-0,-0,-0,-0
0,-1.05,0,,8.97582,-1030.89,0.998297,1030.93,-1.56209,0.000968346,,8.97582,-1030.89,0.998297,1030.93,-1.56209,0.000968346,,0,0,0,0,0,0,,0,0,0,0,0,0,,-3833.38,-3833.38,0,0,0,0,0,,2.62515,2.62515,0,0,0,0,0,,3.30726e+006,3.30726e+006,0,0,,7.0249,-1031.15,-0.628987,1031.17,-1.56398,-0.000609973,,7.0249,-1031.15,-0.628987,1031.17,-1.56398,-0.000609973,,0,0,0,0,0,0,,0,0,0,0,0,0,,-3839.3,-3839.3,-0,-0,-0,-0,-0
0,-1,0,,-0.910595,-1030.04,-2.98311,1030.04,-1.57168,-0.00289611,,-0.910595,-1030.04,-2.98311,1030.04,-1.57168,-0.00289611,,0,0,0,0,0,0,,0,0,0,0,0,0,,-3780.08,-3780.08,0,0,0,0,0,,1.75312,1.75312,0,0,0,0,0,,3.04218e+006,3.04218e+006,0,0,,2.73649,-1030.77,19.779,1030.97,-1.56814,0.0191861,,2.73649,-1030.77,19.779,1030.97,-1.56814,0.0191861,,0,0,0,0,0,0,,0,0,0,0,0,0,,-3784.11,-3784.11,-0,-0,-0,-0,-0
0,-0.95,0,,-36.5322,-1025.74,-0.965689,1026.39,-1.6064,-0.00094086,,-36.5322,-1025.74,-0.965689,1026.39,-1.6064,-0.00094086,,0,0,0,0,0,0,,0,0,0,0,0,0,,-3724.61,-3724.61,0,0,0,0,0,,1.24835,1.24835,0,0,0,0,0,,9.32395e+006,9.32395e+006,0,0,,-52.0274,-1019.88,13.1005,1021.29,-1.62177,0.0128277,,-52.0274,-1019.88,13.1005,1021.29,-1.62177,0.0128277,,0,0,0,0,0,0,,0,0,0,0,0,0,,-3717.73,-3717.73,-0,-0,-0,-0,-0
0,-0.9,0,,43.2986,-1024.78,-2.76292,1025.7,-1.52857,-0.00269369,,43.2986,-1024.78,-2.76292,1025.7,-1.52857,-0.00269369,,0,0,0,0,0,0,,0,0,0,0,0,0,,-3673.64,-3673.64,0,0,0,0,0,,1.6941,1.6941,0,0,0,0,0,,6.15507e+006,6.15507e+006,0,0,,68.9904,-1025.33,5.47262,1027.67,-1.50361,0.00532532,,68.9904,-1025.33,5.47262,1027.67,-1.50361,0.00532532,,0,0,0,0,0,0,,0,0,0,0,0,0,,-3679.53,-3679.53,-0,-0,-0,-0,-0
0,-0.85,0,,-67.4745,-1015.29,-0.808516,1017.53,-1.63716,-0.000794584,,-67.4745,-1015.29,-0.808516,1017.53,-1.63716,-0.000794584,,0,0,0,0,0,0,,0,0,0,0,0,0,,-3617.93,-3617.93,0,0,0,0,0,,0.901854,0.901854,0,0,0,0,0,,9.45903e+006,9.45903e+006,0,0,,-91.5401,-1020.22,-2.24558,1024.32,-1.66028,-0.00219228,,-91.5401,-1020.22,-2.24558,1024.32,-1.66028,-0.00219228,,0,0,0,0,0,0,,0,0,0,0,0,0,,-3622.53,-3622.53,-0,-0,-0,-0,-0
0,-0.8,0,,-154.35,-1001.42,-8.20884,1013.28,-1.72372,-0.00810136,,-154.35,-1001.42,-8.20884,1013.28,-1.72372,-0.00810136,,0,0,0,0,0,0,,0,0,0,0,0,0,,-3559.99,-3559.99,0,0,0,0,0,,2.11049,2.11049,0,0,0,0,0,,1.52865e+007,1.52865e+007,0,0,,-240.246,-989.493,27.8863,1018.62,-1.80898,0.0273798,,-240.246,-989.493,27.8863,1018.62,-1.80898,0.0273798,,0,0,0,0,0,0,,0,0,0,0,0,0,,-3554.96,-3554.96,-0,-0,-0,-0,-0
0,-0.75,0,,-463.815,-914.619,-0.0383747,1025.5,-2.04012,-3.74205e-005,,-463.815,-914.619,-0.0383747,1025.5,-2.04012,-3.74205e-005,,0,0,0,0,0,0,,0,0,0,0,0,0,,-3522.72,-3522.72,0,0,0,0,0,,1.39187,1.39187,0,0,0,0,0,,5.43663e+006,5.43663e+006,0,0,,-513.917,-889.501,-3.88461,1027.3,-2.0947,-0.0037814,,-513.917,-889.501,-3.88461,1027.3,-2.0947,-0.0037814,,0,0,0,0,0,0,,0,0,0,0,0,0,,-3526.08,-3526.08,-0,-0,-0,-0,-0
0,-0.7,0,,-608.683,-831.691,0.166867,1030.63,-2.20259,0.000161907,,-608.683,-831.691,0.166867,1030.63,-2.20259,0.000161907,,0,0,0,0,0,0,,0,0,0,0,0,0,,-3490.18,-3490.18,0,0,0,0,0,,1.81391,1.81391,0,0,0,0,0,,2.04148e+006,2.04148e+006,0,0,,-625.472,-820.429,26.3402,1031.99,-2.22217,0.0255264,,-625.472,-820.429,26.3402,1031.99,-2.22217,0.0255264,,0,0,0,0,0,0,,0,0,0,0,0,0,,-3503.33,-3503.33,-0,-0,-0,-0,-0
0,-0.65,0,,-689.484,-766.008,3.27112,1030.61,-2.30367,0.00317396,,-689.484,-766.008,3.27112,1030.61,-2.30367,0.00317396,,0,0,0,0,0,0,,0,0,0,0,0,0,,-3452.11,-3452.11,0,0,0,0,0,,1.4451,1.4451,0,0,0,0,0,,4.61674e+006,4.61674e+006,0,0,,-692.04,-764.191,-31.0423,1031.44,-2.30669,-0.0301006,,-692.04,-764.191,-31.0423,1031.44,-2.30669,-0.0301006,,0,0,0,0,0,0,,0,0,0,0,0,0,,-3446.04,-3446.04,-0,-0,-0,-0,-0
0,-0.6,0,,-754.634,-705.282,1.97115,1032.91,-2.38999,0.00190835,,-754.634,-705.282,1.97115,1032.91,-2.38999,0.00190835,,0,0,0,0,0,0,,0,0,0,0,0,0,,-3418.26,-3418.26,0,0,0,0,0,,1.60842,1.60842,0,0,0,0,0,,5.73918e+006,5.73918e+006,0,0,,-715.546,-745.026,-11.4879,1033.05,-2.33601,-0.0111205,,-715.546,-745.026,-11.4879,1033.05,-2.33601,-0.0111205,,0,0,0,0,0,0,,0,0,0,0,0,0,,-3407.16,-3407.16,-0,-0,-0,-0,-0
0,-0.55,0,,-794.205,-660.984,-17.3255,1033.42,-2.44749,-0.016766,,-794.205,-660.984,-17.3255,1033.42,-2.44749,-0.016766,,0,0,0,0,0,0,,0,0,0,0,0,0,,-3384.28,-3384.28,0,0,0,0,0,,1.56679,1.56679,0,0,0,0,0,,3.44316e+006,3.44316e+006,0,0,,-806.275,-648.051,14.3985,1034.53,-2.46456,0.0139183,,-806.275,-648.051,14.3985,1034.53,-2.46456,0.0139183,,0,0,0,0,0,0,,0,0,0,0,0,0,,-3388.14,-3388.14,-0,-0,-0,-0,-0
0,-0.5,0,,-857.459,-581.342,5.79092,1035.97,-2.5458,0.0055899,,-857.459,-581.342,5.79092,1035.97,-2.5458,0.0055899,,0,0,0,0,0,0,,0,0,0,0,0,0,,-3360.6,-3360.6,0,0,0,0,0,,2.34416,2.34416,0,0,0,0,0,,2.3844e+006,2.3844e+006,0,0,,-856.992,-584.791,-3.66885,1037.51,-2.54279,-0.00353621,,-856.992,-584.791,-3.66885,1037.51,-2.54279,-0.00353621,,0,0,0,0,0,0,,0,0,0,0,0,0,,-3368.67,-3368.67,-0,-0,-0,-0,-0
0,-0.45,0,,-888.299,-533.188,1.81466,1036.04,-2.601,0.00175155,,-888.299,-533.188,1.81466,1036.04,-2.601,0.00175155,,0,0,0,0,0,0,,0,0,0,0,0,0,,-3332.61,-3332.61,0,0,0,0,0,,1.47267,1.47267,0,0,0,0,0,,2.70243e+006,2.70243e+006,0,0,,-898.163,-520.91,23.8657,1038.56,-2.61603,0.0229815,,-898.163,-520.91,23.8657,1038.56,-2.61603,0.0229815,,0,0,0,0,0,0,,0,0,0,0,0,0,,-3335.43,-3335.43,-0,-0,-0,-0,-0
0,-0.4,0,,-926.77,-464.371,1.20801,1036.6,-2.67709,0.00116535,,-926.77,-464.371,1.20801,1036.6,-2.67709,0.00116535,,0,0,0,0,0,0,,0,0,0,0,0,0,,-3310.79,-3310.79,0,0,0,0,0,,2.11782,2.11782,0,0,0,0,0,,3.59166e+006,3.59166e+006,0,0,,-938.329,-447.486,-43.2375,1040.47,-2.6966,-0.0415678,,-938.329,-447.486,-43.2375,1040.47,-2.6966,-0.0415678,,0,0,0,0,0,0,,0,0,0,0,0,0,,-3314.88,-3314.88,-0,-0,-0,-0,-0
0,-0.35,0,,-950.397,-414.213,2.67699,1036.74,-2.73058,0.00258212,,-950.397,-414.213,2.67699,1036.74,-2.73058,0.00258212,,0,0,0,0,0,0,,0,0,0,0,0,0,,-3289.04,-3289.04,0,0,0,0,0,,1.51453,1.51453,0,0,0,0,0,,2.75898e+006,2.75898e+006,0,0,,-951.405,-419.183,-9.56739,1039.7,-2.72659,-0.00920219,,-951.405,-419.183,-9.56739,1039.7,-2.72659,-0.00920219,,0,0,0,0,0,0,,0,0,0,0,0,0,,-3292.88,-3292.88,-0,-0,-0,-0,-0
0,-0.3,0,,-968.552,-367.798,3.38369,1036.04,-2.77867,0.00326599,,-968.552,-367.798,3.38369,1036.04,-2.77867,0.00326599,,0,0,0,0,0,0,,0,0,0,0,0,0,,-3267.51,-3267.51,0,0,0,0,0,,1.77738,1.77738,0,0,0,0,0,,4.11177e+006,4.11177e+006,0,0,,-972.199,-359.621,-2.24067,1036.58,-2.7873,-0.00216159,,-972.199,-359.621,-2.24067,1036.58,-2.7873,-0.00216159,,0,0,0,0,0,0,,0,0,0,0,0,0,,-3266.93,-3266.93,-0,-0,-0,-0,-0
0,-0.25,0,,-995.598,-294.626,11.8083,1038.34,-2.85387,0.0113725,,-995.598,-294.626,11.8083,1038.34,-2.85387,0.0113725,,0,0,0,0,0,0,,0,0,0,0,0,0,,-3257.82,-3257.82,0,0,0,0,0,,1.7629,1.7629,0,0,0,0,0,,5.38476e+006,5.38476e+006,0,0,,-976.152,-348.984,37.0526,1037.32,-2.79824,0.0357271,,-976.152,-348.984,37.0526,1037.32,-2.79824,0.0357271,,0,0,0,0,0,0,,0,0,0,0,0,0,,-3253.46,-3253.46,-0,-0,-0,-0,-0
0,-0.2,0,,-1013.26,-227.105,-0.838488,1038.4,-2.9211,-0.000807481,,-1013.26,-227.105,-0.838488,1038.4,-2.9211,-0.000807481,,0,0,0,0,0,0,,0,0,0,0,0,0,,-3246.72,-3246.72,0,0,0,0,0,,2.05827,2.05827,0,0,0,0,0,,2.35809e+006,2.35809e+006,0,0,,-1003.09,-262.687,-10.225,1036.97,-2.88547,-0.00986067,,-1003.09,-262.687,-10.225,1036.97,-2.88547,-0.00986067,,0,0,0,0,0,0,,0,0,0,0,0,0,,-3238.92,-3238.92,-0,-0,-0,-0,-0
0,-0.15,0,,-1024.9,-167.806,-3.59082,1038.55,-2.9793,-0.00345754,,-1024.9,-167.806,-3.59082,1038.55,-2.9793,-0.00345754,,0,0,0,0,0,0,,0,0,0,0,0,0,,-3236.46,-3236.46,0,0,0,0,0,,1.58832,1.58832,0,0,0,0,0,,2.04483e+006,2.04483e+006,0,0,,-1020.47,-190.369,-25.0524,1038.37,-2.95716,-0.0241289,,-1020.47,-190.369,-25.0524,1038.37,-2.95716,-0.0241289,,0,0,0,0,0,0,,0,0,0,0,0,0,,-3228.16,-3228.16,-0,-0,-0,-0,-0
0,-0.1,0,,-1033.06,-115.755,3.97889,1039.53,-3.03001,0.0038276,,-1033.06,-115.755,3.97889,1039.53,-3.03001,0.0038276,,0,0,0,0,0,0,,0,0,0,0,0,0,,-3232.43,-3232.43,0,0,0,0,0,,1.25804,1.25804,0,0,0,0,0,,2.69886e+006,2.69886e+006,0,0,,-1031.37,-124.146,45.2643,1039.81,-3.0218,0.0435453,,-1031.37,-124.146,45.2643,1039.81,-3.0218,0.0435453,,0,0,0,0,0,0,,0,0,0,0,0,0,,-3236.38,-3236.38,-0,-0,-0,-0,-0
0,-0.05,0,,-1036.91,-55.0761,-0.210207,1038.37,-3.08853,-0.000202439,,-1036.91,-55.0761,-0.210207,1038.37,-3.08853,-0.000202439,,0,0,0,0,0,0,,0,0,0,0,0,0,,-3222.65,-3222.65,0,0,0,0,0,,1.10852,1.10852,0,0,0,0,0,,2.36543e+006,2.36543e+006,0,0,,-1036.93,-67.7745,30.8131,1039.6,-3.07632,0.0296437,,-1036.93,-67.7745,30.8131,1039.6,-3.07632,0.0296437,,0,0,0,0,0,0,,0,0,0,0,0,0,,-3219.81,-3219.81,-0,-0,-0,-0,-0
0,7.63278e-016,0,,-1038.75,4.27981,5.56027,1038.78,3.13747,0.00535273,,-1038.75,4.27981,5.56027,1038.78,3.13747,0.00535273,,0,0,0,0,0,0,,0,0,0,0,0,0,,-3224.01,-3224.01,0,0,0,0,0,,1.95149,1.95149,0,0,0,0,0,,3.48966e+006,3.48966e+006,0,0,,-1037.55,16.448,7.76898,1037.71,3.12574,0.00748675,,-1037.55,16.448,7.76898,1037.71,3.12574,0.00748675,,0,0,0,0,0,0,,0,0,0,0,0,0,,-3216.55,-3216.55,-0,-0,-0,-0,-0
0,0.05,0,,-1036.82,63.4288,-7.53971,1038.78,3.08049,-0.00725829,,-1036.82,63.4288,-7.53971,1038.78,3.08049,-0.00725829,,0,0,0,0,0,0,,0,0,0,0,0,0,,-3225.66,-3225.66,0,0,0,0,0,,1.96704,1.96704,0,0,0,0,0,,2.93602e+006,2.93602e+006,0,0,,-1036.71,31.8434,10.7463,1037.25,3.11089,0.0103606,,-1036.71,31.8434,10.7463,1037.25,3.11089,0.0103606,,0,0,0,0,0,0,,0,0,0,0,0,0,,-3209.65,-3209.65,-0,-0,-0,-0,-0
0,0.1,0,,-1031.59,118.342,6.16777,1038.38,3.02737,0.00593985,,-1031.59,118.342,6.16777,1038.38,3.02737,0.00593985,,0,0,0,0,0,0,,0,0,0,0,0,0,,-3229.05,-3229.05,0,0,0,0,0,,1.48455,1.48455,0,0,0,0,0,,1.64302e+006,1.64302e+006,0,0,,-1033.41,113.063,-0.313087,1039.57,3.03262,-0.000301168,,-1033.41,113.063,-0.313087,1039.57,3.03262,-0.000301168,,0,0,0,0,0,0,,0,0,0,0,0,0,,-3233.02,-3233.02,-0,-0,-0,-0,-0
0,0.15,0,,-1024.45,167.655,-0.196747,1038.08,2.97938,-0.000189531,,-1024.45,167.655,-0.196747,1038.08,2.97938,-0.000189531,,0,0,0,0,0,0,,0,0,0,0,0,0,,-3235.18,-3235.18,0,0,0,0,0,,1.46762,1.46762,0,0,0,0,0,,3.22061e+006,3.22061e+006,0,0,,-1026.23,173.478,-3.72837,1040.8,2.97413,-0.00358223,,-1026.23,173.478,-3.72837,1040.8,2.97413,-0.00358223,,0,0,0,0,0,0,,0,0,0,0,0,0,,-3244.07,-3244.07,-0,-0,-0,-0,-0
0,0.2,0,,-1011.64,237.328,-4.18454,1039.12,2.91116,-0.00402703,,-1011.64,237.328,-4.18454,1039.12,2.91116,-0.00402703,,0,0,0,0,0,0,,0,0,0,0,0,0,,-3248.15,-3248.15,0,0,0,0,0,,1.91621,1.91621,0,0,0,0,0,,3.2726e+006,3.2726e+006,0,0,,-1005.07,257.405,-11.542,1037.57,2.89087,-0.0111243,,-1005.07,257.405,-11.542,1037.57,2.89087,-0.0111243,,0,0,0,0,0,0,,0,0,0,0,0,0,,-3240.57,-3240.57,-0,-0,-0,-0,-0
0,0.25,0,,-998.605,284.743,9.37379,1038.45,2.86382,0.00902683,,-998.605,284.743,9.37379,1038.45,2.86382,0.00902683,,0,0,0,0,0,0,,0,0,0,0,0,0,,-3257.7,-3257.7,0,0,0,0,0,,1.48254,1.48254,0,0,0,0,0,,2.26144e+006,2.26144e+006,0,0,,-990.749,303.937,-14.6007,1036.42,2.84393,-0.014088,,-990.749,303.937,-14.6007,1036.42,2.84393,-0.014088,,0,0,0,0,0,0,,0,0,0,0,0,0,,-3245.49,-3245.49,-0,-0,-0,-0,-0
0,0.3,0,,-974.874,355.533,-13.2399,1037.77,2.79189,-0.0127584,,-974.874,355.533,-13.2399,1037.77,2.79189,-0.0127584,,0,0,0,0,0,0,,0,0,0,0,0,0,,-3272.01,-3272.01,0,0,0,0,0,,1.05221,1.05221,0,0,0,0,0,,2.80087e+006,2.80087e+006,0,0,,-977.034,350.213,16.9468,1038.04,2.79741,0.0163264,,-977.034,350.213,16.9468,1038.04,2.79741,0.0163264,,0,0,0,0,0,0,,0,0,0,0,0,0,,-3271.18,-3271.18,-0,-0,-0,-0,-0
0,0.35,0,,-952.781,409.48,-2.22987,1037.05,2.73569,-0.00215021,,-952.781,409.48,-2.22987,1037.05,2.73569,-0.00215021,,0,0,0,0,0,0,,0,0,0,0,0,0,,-3288.07,-3288.07,0,0,0,0,0,,1.20784,1.20784,0,0,0,0,0,,2.4035e+006,2.4035e+006,0,0,,-943.356,436.812,-16.3832,1039.71,2.70795,-0.0157581,,-943.356,436.812,-16.3832,1039.71,2.70795,-0.0157581,,0,0,0,0,0,0,,0,0,0,0,0,0,,-3299.27,-3299.27,-0,-0,-0,-0,-0
0,0.4,0,,-922.186,474.425,5.46699,1037.08,2.66645,0.00527154,,-922.186,474.425,5.46699,1037.08,2.66645,0.00527154,,0,0,0,0,0,0,,0,0,0,0,0,0,,-3310.17,-3310.17,0,0,0,0,0,,1.40502,1.40502,0,0,0,0,0,,3.66947e+006,3.66947e+006,0,0,,-917.252,489.187,-3.73858,1039.55,2.65165,-0.00359635,,-917.252,489.187,-3.73858,1039.55,2.65165,-0.00359635,,0,0,0,0,0,0,,0,0,0,0,0,0,,-3318.9,-3318.9,-0,-0,-0,-0,-0
0,0.45,0,,-894.933,522.655,-9.64588,1036.42,2.61301,-0.00930706,,-894.933,522.655,-9.64588,1036.42,2.61301,-0.00930706,,0,0,0,0,0,0,,0,0,0,0,0,0,,-3335.22,-3335.22,0,0,0,0,0,,1.72617,1.72617,0,0,0,0,0,,2.45837e+006,2.45837e+006,0,0,,-885.366,534.827,-9.29637,1034.41,2.59818,-0.00898726,,-885.366,534.827,-9.29637,1034.41,2.59818,-0.00898726,,0,0,0,0,0,0,,0,0,0,0,0,0,,-3326.87,-3326.87,-0,-0,-0,-0,-0
0,0.5,0,,-850.995,589.452,9.63998,1035.25,2.53581,0.00931189,,-850.995,589.452,9.63998,1035.25,2.53581,0.00931189,,0,0,0,0,0,0,,0,0,0,0,0,0,,-3359.01,-3359.01,0,0,0,0,0,,2.36715,2.36715,0,0,0,0,0,,2.53823e+006,2.53823e+006,0,0,,-859.095,574.308,13.279,1033.47,2.55232,0.0128494,,-859.095,574.308,13.279,1033.47,2.55232,0.0128494,,0,0,0,0,0,0,,0,0,0,0,0,0,,-3355.6,-3355.6,-0,-0,-0,-0,-0
0,0.55,0,,-823.213,626.823,4.05687,1034.7,2.49081,0.00392083,,-823.213,626.823,4.05687,1034.7,2.49081,0.00392083,,0,0,0,0,0,0,,0,0,0,0,0,0,,-3389.56,-3389.56,0,0,0,0,0,,1.85751,1.85751,0,0,0,0,0,,3.77935e+006,3.77935e+006,0,0,,-842.677,601.862,7.52987,1035.57,2.52138,0.00727131,,-842.677,601.862,7.52987,1035.57,2.52138,0.00727131,,0,0,0,0,0,0,,0,0,0,0,0,0,,-3392.56,-3392.56,-0,-0,-0,-0,-0
0,0.6,0,,-744.885,714.852,9.70597,1032.45,2.37677,0.00940101,,-744.885,714.852,9.70597,1032.45,2.37677,0.00940101,,0,0,0,0,0,0,,0,0,0,0,0,0,,-3417.6,-3417.6,0,0,0,0,0,,1.81247,1.81247,0,0,0,0,0,,4.14388e+006,4.14388e+006,0,0,,-749.171,710.186,-20.2114,1032.49,2.3829,-0.0195767,,-749.171,710.186,-20.2114,1032.49,2.3829,-0.0195767,,0,0,0,0,0,0,,0,0,0,0,0,0,,-3424.3,-3424.3,-0,-0,-0,-0,-0
0,0.65,0,,-682.241,774.161,6.49741,1031.9,2.29316,0.00629658,,-682.241,774.161,6.49741,1031.9,2.29316,0.00629658,,0,0,0,0,0,0,,0,0,0,0,0,0,,-3450.48,-3450.48,0,0,0,0,0,,1.24961,1.24961,0,0,0,0,0,,2.53408e+006,2.53408e+006,0,0,,-691.326,766.068,-13.3776,1031.97,2.30495,-0.0129635,,-691.326,766.068,-13.3776,1031.97,2.30495,-0.0129635,,0,0,0,0,0,0,,0,0,0,0,0,0,,-3455.44,-3455.44,-0,-0,-0,-0,-0
0,0.7,0,,-627.841,817.329,1.83175,1030.64,2.22582,0.00177729,,-627.841,817.329,1.83175,1030.64,2.22582,0.00177729,,0,0,0,0,0,0,,0,0,0,0,0,0,,-3489.84,-3489.84,0,0,0,0,0,,1.07559,1.07559,0,0,0,0,0,,3.26823e+006,3.26823e+006,0,0,,-633.28,818.673,11.3766,1035.08,2.2292,0.0109913,,-633.28,818.673,11.3766,1035.08,2.2292,0.0109913,,0,0,0,0,0,0,,0,0,0,0,0,0,,-3502.55,-3502.55,-0,-0,-0,-0,-0
0,0.75,0,,-478.949,906.529,-12.8521,1025.35,2.05685,-0.0125347,,-478.949,906.529,-12.8521,1025.35,2.05685,-0.0125347,,0,0,0,0,0,0,,0,0,0,0,0,0,,-3524.21,-3524.21,0,0,0,0,0,,1.59031,1.59031,0,0,0,0,0,,4.59764e+006,4.59764e+006,0,0,,-489.772,902.205,3.40467,1026.58,2.06814,0.00331653,,-489.772,902.205,3.40467,1026.58,2.06814,0.00331653,,0,0,0,0,0,0,,0,0,0,0,0,0,,-3516.11,-3516.11,-0,-0,-0,-0,-0
0,0.8,0,,-372.549,956.928,-3.39032,1026.9,1.94206,-0.00330153,,-372.549,956.928,-3.39032,1026.9,1.94206,-0.00330153,,0,0,0,0,0,0,,0,0,0,0,0,0,,-3570.78,-3570.78,0,0,0,0,0,,1.80794,1.80794,0,0,0,0,0,,4.53486e+006,4.53486e+006,0,0,,-403.82,949.526,15.7141,1031.95,1.97291,0.0152282,,-403.82,949.526,15.7141,1031.95,1.97291,0.0152282,,0,0,0,0,0,0,,0,0,0,0,0,0,,-3577.49,-3577.49,-0,-0,-0,-0,-0
0,0.85,0,,-158.889,1013.15,-0.152925,1025.54,1.72636,-0.000149118,,-158.889,1013.15,-0.152925,1025.54,1.72636,-0.000149118,,0,0,0,0,0,0,,0,0,0,0,0,0,,-3615.29,-3615.29,0,0,0,0,0,,1.28276,1.28276,0,0,0,0,0,,7.64359e+006,7.64359e+006,0,0,,-171.74,1012.6,26.8409,1027.41,1.7388,0.0261278,,-171.74,1012.6,26.8409,1027.41,1.7388,0.0261278,,0,0,0,0,0,0,,0,0,0,0,0,0,,-3622.92,-3622.92,-0,-0,-0,-0,-0
0,0.9,0,,-92.9052,1019.08,5.30399,1023.32,1.66171,0.00518314,,-92.9052,1019.08,5.30399,1023.32,1.66171,0.00518314,,0,0,0,0,0,0,,0,0,0,0,0,0,,-3669.96,-3669.96,0,0,0,0,0,,1.15282,1.15282,0,0,0,0,0,,9.42e+006,9.42e+006,0,0,,-35.6524,1024.3,11.7943,1024.99,1.60559,0.011507,,-35.6524,1024.3,11.7943,1024.99,1.60559,0.011507,,0,0,0,0,0,0,,0,0,0,0,0,0,,-3678.86,-3678.86,-0,-0,-0,-0,-0
0,0.95,0,,45.2064,1025.72,5.921,1026.74,1.52675,0.00576685,,45.2064,1025.72,5.921,1026.74,1.52675,0.00576685,,0,0,0,0,0,0,,0,0,0,0,0,0,,-3727.25,-3727.25,0,0,0,0,0,,1.83811,1.83811,0,0,0,0,0,,8.39991e+006,8.39991e+006,0,0,,22.3545,1024.55,-3.51401,1024.8,1.54898,-0.00342898,,22.3545,1024.55,-3.51401,1024.8,1.54898,-0.00342898,,0,0,0,0,0,0,,0,0,0,0,0,0,,-3728.43,-3728.43,-0,-0,-0,-0,-0
0,1,0,,1.32253,1026.56,-0.410299,1026.57,1.56951,-0.000399682,,1.32253,1026.56,-0.410299,1026.57,1.56951,-0.000399682,,0,0,0,0,0,0,,0,0,0,0,0,0,,-3778.1,-3778.1,0,0,0,0,0,,1.30559,1.30559,0,0,0,0,0,,1.64554e+007,1.64554e+007,0,0,,-97.9419,1022.35,-18.7461,1027.21,1.66631,-0.0182506,,-97.9419,1022.35,-18.7461,1027.21,1.66631,-0.0182506,,0,0,0,0,0,0,,0,0,0,0,0,0,,-3763.38,-3763.38,-0,-0,-0,-0,-0
0,1.05,0,,4.62186,1030.7,0.945078,1030.71,1.56631,0.000916919,,4.62186,1030.7,0.945078,1030.71,1.56631,0.000916919,,0,0,0,0,0,0,,0,0,0,0,0,0,,-3831.84,-3831.84,0,0,0,0,0,,1.5464,1.5464,0,0,0,0,0,,2.43886e+006,2.43886e+006,0,0,,-3.20619,1032.11,25.2109,1032.43,1.5739,0.0244215,,-3.20619,1032.11,25.2109,1032.43,1.5739,0.0244215,,0,0,0,0,0,0,,0,0,0,0,0,0,,-3826.42,-3826.42,-0,-0,-0,-0,-0
0,1.1,0,,-25.0006,1030.98,-7.10228,1031.31,1.59504,-0.00688672,,-25.0006,1030.98,-7.10228,1031.31,1.59504,-0.00688672,,0,0,0,0,0,0,,0,0,0,0,0,0,,-3885.85,-3885.85,0,0,0,0,0,,1.71066,1.71066,0,0,0,0,0,,5.05902e+006,5.05902e+006,0,0,,-11.1413,1032.74,-14.7451,1032.9,1.58158,-0.0142758,,-11.1413,1032.74,-14.7451,1032.9,1.58158,-0.0142758,,0,0,0,0,0,0,,0,0,0,0,0,0,,-3891.28,-3891.28,-0,-0,-0,-0,-0
0,1.15,0,,-14.811,1032.36,-11.3791,1032.53,1.58514,-0.0110209,,-14.811,1032.36,-11.3791,1032.53,1.58514,-0.0110209,,0,0,0,0,0,0,,0,0,0,0,0,0,,-3942.8,-3942.8,0,0,0,0,0,,1.4118,1.4118,0,0,0,0,0,,3.71448e+006,3.71448e+006,0,0,,-5.35709,1030.9,6.59816,1030.93,1.57599,0.00640024,,-5.35709,1030.9,6.59816,1030.93,1.57599,0.00640024,,0,0,0,0,0,0,,0,0,0,0,0,0,,-3942.62,-3942.62,-0,-0,-0,-0,-0
0,1.2,0,,-45.3583,1034.55,6.28412,1035.57,1.61461,0.00606832,,-45.3583,1034.55,6.28412,1035.57,1.61461,0.00606832,,0,0,0,0,0,0,,0,0,0,0,0,0,,-4001.8,-4001.8,0,0,0,0,0,,1.40037,1.40037,0,0,0,0,0,,2.93075e+006,2.93075e+006,0,0,,-11.3794,1035.34,7.58093,1035.43,1.58179,0.00732157,,-11.3794,1035.34,7.58093,1035.43,1.58179,0.00732157,,0,0,0,0,0,0,,0,0,0,0,0,0,,-4003.47,-4003.47,-0,-0,-0,-0,-0
0,1.25,0,,-19.9557,1034.32,-2.38297,1034.52,1.59009,-0.00230346,,-19.9557,1034.32,-2.38297,1034.52,1.59009,-0.00230346,,0,0,0,0,0,0,,0,0,0,0,0,0,,-4051.17,-4051.17,0,0,0,0,0,,1.2332,1.2332,0,0,0,0,0,,3.89416e+006,3.89416e+006,0,0,,-23.5854,1033.86,-24.8613,1034.42,1.59361,-0.0240363,,-23.5854,1033.86,-24.8613,1034.42,1.59361,-0.0240363,,0,0,0,0,0,0,,0,0,0,0,0,0,,-4056.53,-4056.53,-0,-0,-0,-0,-0
0,1.3,0,,6.30343,1035.5,-3.38152,1035.53,1.56471,-0.00326551,,6.30343,1035.5,-3.38152,1035.53,1.56471,-0.00326551,,0,0,0,0,0,0,,0,0,0,0,0,0,,-4106.92,-4106.92,0,0,0,0,0,,1.71815,1.71815,0,0,0,0,0,,5.25164e+006,5.25164e+006,0,0,,37.1133,1034.39,-20.5826,1035.26,1.53493,-0.019883,,37.1133,1034.39,-20.5826,1035.26,1.53493,-0.019883,,0,0,0,0,0,0,,0,0,0,0,0,0,,-4110.78,-4110.78,-0,-0,-0,-0,-0
0,1.35,0,,-5.73052,1036.97,3.61091,1037,1.57632,0.0034821,,-5.73052,1036.97,3.61091,1037,1.57632,0.0034821,,0,0,0,0,0,0,,0,0,0,0,0,0,,-4161.02,-4161.02,0,0,0,0,0,,1.88236,1.88236,0,0,0,0,0,,2.78276e+006,2.78276e+006,0,0,,8.82211,1037.93,6.82896,1037.99,1.5623,0.00657906,,8.82211,1037.93,6.82896,1037.99,1.5623,0.00657906,,0,0,0,0,0,0,,0,0,0,0,0,0,,-4164.8,-4164.8,-0,-0,-0,-0,-0
0,1.4,0,,-15.651,1038.78,11.194,1038.96,1.58586,0.0107744,,-15.651,1038.78,11.194,1038.96,1.58586,0.0107744,,0,0,0,0,0,0,,0,0,0,0,0,0,,-4217.55,-4217.55,0,0,0,0,0,,1.43024,1.43024,0,0,0,0,0,,2.73912e+006,2.73912e+006,0,0,,23.2175,1039.06,23.3778,1039.58,1.54846,0.0224896,,23.2175,1039.06,23.3778,1039.58,1.54846,0.0224896,,0,0,0,0,0,0,,0,0,0,0,0,0,,-4226.76,-4226.76,-0,-0,-0,-0,-0
0,1.45,0,,22.8224,1038.78,5.97985,1039.05,1.54883,0.00575516,,22.8224,1038.78,5.97985,1039.05,1.54883,0.00575516,,0,0,0,0,0,0,,0,0,0,0,0,0,,-4271.56,-4271.56,0,0,0,0,0,,1.58476,1.58476,0,0,0,0,0,,2.19191e+006,2.19191e+006,0,0,,41.7848,1039.4,4.16547,1040.25,1.53062,0.00400431,,41.7848,1039.4,4.16547,1040.25,1.53062,0.00400431,,0,0,0,0,0,0,,0,0,0,0,0,0,,-4278.8,-4278.8,-0,-0,-0,-0,-0
