kT,,<M>_x,<M>_y,<M>_z,<M>_norm,<M>_theta,<M>_phi,,<ML>_x,<ML>_y,<ML>_z,<ML>_norm,<ML>_theta,<ML>_phi,,<MR>_x,<MR>_y,<MR>_z,<MR>_norm,<MR>_theta,<MR>_phi,,<Mm>_x,<Mm>_y,<Mm>_z,<Mm>_norm,<Mm>_theta,<Mm>_phi,,<U>,<UL>,<UR>,<Um>,<UmL>,<UmR>,<ULR>,,c,cL,cR,cm,cmL,cmR,cLR,,x,xL,xR,xm,,M_x,M_y,M_z,M_norm,M_theta,M_phi,,ML_x,ML_y,ML_z,ML_norm,ML_theta,ML_phi,,MR_x,MR_y,MR_z,MR_norm,MR_theta,MR_phi,,Mm_x,Mm_y,Mm_z,Mm_norm,Mm_theta,Mm_phi,,U,UL,UR,Um,UmL,UmR,ULR,,width = 11,height = 10,depth = 10,molPosL = 11,molPosR = 10,t_eq = 11000000,simCount = 55000000,freq = 2200000,"B = <0, 0, 0>",JL = 2,JR = 0,Jm = 0,JmL = 0,JmR = 0,JLR = 0,AL = 0,AR = 0,Am = 0,bL = 0,bR = 0,bm = 0,bmL = 0,bmR = 0,bLR = 0
0.02,,-18.8337,1094.9,-1.63157,1095.06,1.588,-0.00148993,,-18.8337,1094.9,-1.63157,1095.06,1.588,-0.00148993,,0,0,0,0,0,0,,0,0,0,0,0,0,,-5930.25,-5930.25,0,0,0,0,0,,1.29457,1.29457,0,0,0,0,0,,2.49399e+007,2.49399e+007,0,0,,-19.9232,1094.71,-6.35691,1094.91,1.58899,-0.00580589,,-19.9232,1094.71,-6.35691,1094.91,1.58899,-0.00580589,,0,0,0,0,0,0,,0,0,0,0,0,0,,-5930.22,-5930.22,-0,-0,-0,-0,-0
0.04,,-16.9012,1085.54,101.554,1090.41,1.58636,0.0932684,,-16.9012,1085.54,101.554,1090.41,1.58636,0.0932684,,0,0,0,0,0,0,,0,0,0,0,0,0,,-5900.64,-5900.64,0,0,0,0,0,,1.70166,1.70166,0,0,0,0,0,,2.38334e+007,2.38334e+007,0,0,,25.3184,1082.91,122.272,1090.09,1.54742,0.112404,,25.3184,1082.91,122.272,1090.09,1.54742,0.112404,,0,0,0,0,0,0,,0,0,0,0,0,0,,-5900.46,-5900.46,-0,-0,-0,-0,-0
0.06,,103.403,1079.25,30.0486,1084.6,1.47528,0.0277082,,103.403,1079.25,30.0486,1084.6,1.47528,0.0277082,,0,0,0,0,0,0,,0,0,0,0,0,0,,-5869.87,-5869.87,0,0,0,0,0,,2.00364,2.00364,0,0,0,0,0,,2.76224e+007,2.76224e+007,0,0,,154.754,1072.47,28.273,1083.95,1.42749,0.0260863,,154.754,1072.47,28.273,1083.95,1.42749,0.0260863,,0,0,0,0,0,0,,0,0,0,0,0,0,,-5868.89,-5868.89,-0,-0,-0,-0,-0
0.08,,10.3142,1077.24,-65.2708,1079.26,1.56122,-0.0605141,,10.3142,1077.24,-65.2708,1079.26,1.56122,-0.0605141,,0,0,0,0,0,0,,0,0,0,0,0,0,,-5840.69,-5840.69,0,0,0,0,0,,1.28727,1.28727,0,0,0,0,0,,6.39883e+007,6.39883e+007,0,0,,69.2122,1079.24,-45.1391,1082.4,1.50675,-0.0417151,,69.2122,1079.24,-45.1391,1082.4,1.50675,-0.0417151,,0,0,0,0,0,0,,0,0,0,0,0,0,,-5843,-5843,-0,-0,-0,-0,-0
0.1,,177.701,1056.52,17.5978,1071.5,1.40416,0.0164242,,177.701,1056.52,17.5978,1071.5,1.40416,0.0164242,,0,0,0,0,0,0,,0,0,0,0,0,0,,-5810.55,-5810.55,0,0,0,0,0,,2.08055,2.08055,0,0,0,0,0,,1.19551e+008,1.19551e+008,0,0,,123.312,1065.04,120.846,1078.94,1.45553,0.11224,,123.312,1065.04,120.846,1078.94,1.45553,0.11224,,0,0,0,0,0,0,,0,0,0,0,0,0,,-5813.31,-5813.31,-0,-0,-0,-0,-0
0.12,,-96.9844,1039.15,209.271,1064.44,1.66386,0.197891,,-96.9844,1039.15,209.271,1064.44,1.66386,0.197891,,0,0,0,0,0,0,,0,0,0,0,0,0,,-5779.36,-5779.36,0,0,0,0,0,,1.30986,1.30986,0,0,0,0,0,,1.2856e+008,1.2856e+008,0,0,,-110.324,1019.54,304.11,1069.63,1.67859,0.288289,,-110.324,1019.54,304.11,1069.63,1.67859,0.288289,,0,0,0,0,0,0,,0,0,0,0,0,0,,-5781.13,-5781.13,-0,-0,-0,-0,-0
0.14,,76.4109,1057.12,-20.8657,1060.09,1.49864,-0.0196843,,76.4109,1057.12,-20.8657,1060.09,1.49864,-0.0196843,,0,0,0,0,0,0,,0,0,0,0,0,0,,-5748.69,-5748.69,0,0,0,0,0,,1.13351,1.13351,0,0,0,0,0,,1.20073e+008,1.20073e+008,0,0,,247.765,1037.84,-81.3704,1070.1,1.33645,-0.0761135,,247.765,1037.84,-81.3704,1070.1,1.33645,-0.0761135,,0,0,0,0,0,0,,0,0,0,0,0,0,,-5751.99,-5751.99,-0,-0,-0,-0,-0
0.16,,-192.805,1027.51,-144.674,1055.41,1.75628,-0.137512,,-192.805,1027.51,-144.674,1055.41,1.75628,-0.137512,,0,0,0,0,0,0,,0,0,0,0,0,0,,-5717.64,-5717.64,0,0,0,0,0,,1.46416,1.46416,0,0,0,0,0,,8.98266e+007,8.98266e+007,0,0,,-100.569,1039.22,-183.968,1060.16,1.66727,-0.174411,,-100.569,1039.22,-183.968,1060.16,1.66727,-0.174411,,0,0,0,0,0,0,,0,0,0,0,0,0,,-5714.25,-5714.25,-0,-0,-0,-0,-0
0.18,,-51.6351,999.385,-312.911,1048.5,1.62242,-0.303055,,-51.6351,999.385,-312.911,1048.5,1.62242,-0.303055,,0,0,0,0,0,0,,0,0,0,0,0,0,,-5689.59,-5689.59,0,0,0,0,0,,1.32216,1.32216,0,0,0,0,0,,1.14791e+008,1.14791e+008,0,0,,156.511,1022.32,-236.849,1061.01,1.41888,-0.225127,,156.511,1022.32,-236.849,1061.01,1.41888,-0.225127,,0,0,0,0,0,0,,0,0,0,0,0,0,,-5694.89,-5694.89,-0,-0,-0,-0,-0
0.2,,124.768,1029.17,133.317,1045.24,1.45015,0.127895,,124.768,1029.17,133.317,1045.24,1.45015,0.127895,,0,0,0,0,0,0,,0,0,0,0,0,0,,-5659.87,-5659.87,0,0,0,0,0,,1.12012,1.12012,0,0,0,0,0,,7.69467e+007,7.69467e+007,0,0,,313.593,1004.09,49.6993,1053.09,1.26808,0.0472113,,313.593,1004.09,49.6993,1053.09,1.26808,0.0472113,,0,0,0,0,0,0,,0,0,0,0,0,0,,-5659.85,-5659.85,-0,-0,-0,-0,-0
0.22,,146.465,1013.87,163.769,1037.4,1.42733,0.158528,,146.465,1013.87,163.769,1037.4,1.42733,0.158528,,0,0,0,0,0,0,,0,0,0,0,0,0,,-5629.05,-5629.05,0,0,0,0,0,,1.73692,1.73692,0,0,0,0,0,,1.18995e+008,1.18995e+008,0,0,,300.886,1001.49,-32.1105,1046.21,1.27894,-0.0306971,,300.886,1001.49,-32.1105,1046.21,1.27894,-0.0306971,,0,0,0,0,0,0,,0,0,0,0,0,0,,-5633.42,-5633.42,-0,-0,-0,-0,-0
0.24,,188.397,1007.35,-92.4748,1028.97,1.38591,-0.0899922,,188.397,1007.35,-92.4748,1028.97,1.38591,-0.0899922,,0,0,0,0,0,0,,0,0,0,0,0,0,,-5597.96,-5597.96,0,0,0,0,0,,2.11125,2.11125,0,0,0,0,0,,1.35214e+008,1.35214e+008,0,0,,238.423,980.345,-250.061,1039.45,1.33222,-0.242954,,238.423,980.345,-250.061,1039.45,1.33222,-0.242954,,0,0,0,0,0,0,,0,0,0,0,0,0,,-5596.89,-5596.89,-0,-0,-0,-0,-0
0.26,,-123.915,1017.26,70.7575,1027.22,1.69201,0.068937,,-123.915,1017.26,70.7575,1027.22,1.69201,0.068937,,0,0,0,0,0,0,,0,0,0,0,0,0,,-5567.15,-5567.15,0,0,0,0,0,,0.831778,0.831778,0,0,0,0,0,,9.77336e+007,9.77336e+007,0,0,,45.0352,1039.17,6.30153,1040.16,1.52749,0.00605825,,45.0352,1039.17,6.30153,1040.16,1.52749,0.00605825,,0,0,0,0,0,0,,0,0,0,0,0,0,,-5564.52,-5564.52,-0,-0,-0,-0,-0
0.28,,-291.959,923.804,-248.691,1000.25,1.8769,-0.251264,,-291.959,923.804,-248.691,1000.25,1.8769,-0.251264,,0,0,0,0,0,0,,0,0,0,0,0,0,,-5539.14,-5539.14,0,0,0,0,0,,1.78504,1.78504,0,0,0,0,0,,2.8992e+008,2.8992e+008,0,0,,-302.334,742.421,-659.78,1038.22,1.95752,-0.688644,,-302.334,742.421,-659.78,1038.22,1.95752,-0.688644,,0,0,0,0,0,0,,0,0,0,0,0,0,,-5547.42,-5547.42,-0,-0,-0,-0,-0
0.3,,-13.9281,905.443,423.604,999.731,1.58618,0.437546,,-13.9281,905.443,423.604,999.731,1.58618,0.437546,,0,0,0,0,0,0,,0,0,0,0,0,0,,-5507.51,-5507.51,0,0,0,0,0,,1.15431,1.15431,0,0,0,0,0,,2.32934e+008,2.32934e+008,0,0,,96.6946,629.936,817.36,1036.46,1.41849,0.908542,,96.6946,629.936,817.36,1036.46,1.41849,0.908542,,0,0,0,0,0,0,,0,0,0,0,0,0,,-5507.57,-5507.57,-0,-0,-0,-0,-0
0.32,,37.7208,905.768,-421.712,999.84,1.52918,-0.435407,,37.7208,905.768,-421.712,999.84,1.52918,-0.435407,,0,0,0,0,0,0,,0,0,0,0,0,0,,-5476.75,-5476.75,0,0,0,0,0,,1.40771,1.40771,0,0,0,0,0,,1.74584e+008,1.74584e+008,0,0,,-121.869,752.473,-679.147,1020.93,1.73136,-0.727789,,-121.869,752.473,-679.147,1020.93,1.73136,-0.727789,,0,0,0,0,0,0,,0,0,0,0,0,0,,-5462.29,-5462.29,-0,-0,-0,-0,-0
0.34,,44.6847,918.019,265.566,956.703,1.52216,0.281279,,44.6847,918.019,265.566,956.703,1.52216,0.281279,,0,0,0,0,0,0,,0,0,0,0,0,0,,-5443.96,-5443.96,0,0,0,0,0,,1.22717,1.22717,0,0,0,0,0,,3.86584e+008,3.86584e+008,0,0,,246.515,924.313,334.462,1013.4,1.31016,0.336343,,246.515,924.313,334.462,1013.4,1.31016,0.336343,,0,0,0,0,0,0,,0,0,0,0,0,0,,-5420.26,-5420.26,-0,-0,-0,-0,-0
0.36,,272.525,790.985,391.264,923.588,1.239,0.437454,,272.525,790.985,391.264,923.588,1.239,0.437454,,0,0,0,0,0,0,,0,0,0,0,0,0,,-5410.9,-5410.9,0,0,0,0,0,,1.99966,1.99966,0,0,0,0,0,,5.32422e+008,5.32422e+008,0,0,,-159.941,879.546,488.971,1018.96,1.75068,0.50051,,-159.941,879.546,488.971,1018.96,1.75068,0.50051,,0,0,0,0,0,0,,0,0,0,0,0,0,,-5402.59,-5402.59,-0,-0,-0,-0,-0
0.38,,3.35273,990.664,-4.72748,990.681,1.56741,-0.00477197,,3.35273,990.664,-4.72748,990.681,1.56741,-0.00477197,,0,0,0,0,0,0,,0,0,0,0,0,0,,-5382.37,-5382.37,0,0,0,0,0,,1.86175,1.86175,0,0,0,0,0,,9.06034e+007,9.06034e+007,0,0,,261.883,935.86,-183.882,989.055,1.29794,-0.187005,,261.883,935.86,-183.882,989.055,1.29794,-0.187005,,0,0,0,0,0,0,,0,0,0,0,0,0,,-5354.1,-5354.1,-0,-0,-0,-0,-0
0.4,,543.259,765.449,-137.561,948.665,0.953573,-0.145518,,543.259,765.449,-137.561,948.665,0.953573,-0.145518,,0,0,0,0,0,0,,0,0,0,0,0,0,,-5349.87,-5349.87,0,0,0,0,0,,1.38471,1.38471,0,0,0,0,0,,2.98267e+008,2.98267e+008,0,0,,255.797,830.155,-500.943,1002.76,1.2719,-0.523094,,255.797,830.155,-500.943,1002.76,1.2719,-0.523094,,0,0,0,0,0,0,,0,0,0,0,0,0,,-5341.29,-5341.29,-0,-0,-0,-0,-0
0.42,,114.977,933.108,-126.376,948.621,1.4482,-0.133618,,114.977,933.108,-126.376,948.621,1.4482,-0.133618,,0,0,0,0,0,0,,0,0,0,0,0,0,,-5316.62,-5316.62,0,0,0,0,0,,1.27861,1.27861,0,0,0,0,0,,2.55182e+008,2.55182e+008,0,0,,635.528,718.247,-264.398,994.827,0.846425,-0.269005,,635.528,718.247,-264.398,994.827,0.846425,-0.269005,,0,0,0,0,0,0,,0,0,0,0,0,0,,-5308.65,-5308.65,-0,-0,-0,-0,-0
0.44,,-338.193,275.039,-767.196,882.389,2.45882,-1.05409,,-338.193,275.039,-767.196,882.389,2.45882,-1.05409,,0,0,0,0,0,0,,0,0,0,0,0,0,,-5281.23,-5281.23,0,0,0,0,0,,1.59706,1.59706,0,0,0,0,0,,5.35681e+008,5.35681e+008,0,0,,-826.648,-5.11382,-542.793,988.937,-3.13541,-0.581005,,-826.648,-5.11382,-542.793,988.937,-3.13541,-0.581005,,0,0,0,0,0,0,,0,0,0,0,0,0,,-5297.98,-5297.98,-0,-0,-0,-0,-0
0.46,,437.631,796.588,-311.517,960.79,1.06843,-0.330198,,437.631,796.588,-311.517,960.79,1.06843,-0.330198,,0,0,0,0,0,0,,0,0,0,0,0,0,,-5257.18,-5257.18,0,0,0,0,0,,1.82243,1.82243,0,0,0,0,0,,1.20065e+008,1.20065e+008,0,0,,279.1,946.653,-124.294,994.735,1.28409,-0.125279,,279.1,946.653,-124.294,994.735,1.28409,-0.125279,,0,0,0,0,0,0,,0,0,0,0,0,0,,-5275.18,-5275.18,-0,-0,-0,-0,-0
0.48,,-97.356,879.583,307.494,936.855,1.68103,0.334418,,-97.356,879.583,307.494,936.855,1.68103,0.334418,,0,0,0,0,0,0,,0,0,0,0,0,0,,-5218.27,-5218.27,0,0,0,0,0,,0.949213,0.949213,0,0,0,0,0,,1.78719e+008,1.78719e+008,0,0,,275.667,872.208,356.243,981.656,1.26467,0.371378,,275.667,872.208,356.243,981.656,1.26467,0.371378,,0,0,0,0,0,0,,0,0,0,0,0,0,,-5213.77,-5213.77,-0,-0,-0,-0,-0
0.5,,-80.5125,808.139,448.193,927.603,1.6701,0.504276,,-80.5125,808.139,448.193,927.603,1.6701,0.504276,,0,0,0,0,0,0,,0,0,0,0,0,0,,-5192.98,-5192.98,0,0,0,0,0,,1.47781,1.47781,0,0,0,0,0,,2.10071e+008,2.10071e+008,0,0,,-41.7406,668.751,710.179,976.383,1.63313,0.814462,,-41.7406,668.751,710.179,976.383,1.63313,0.814462,,0,0,0,0,0,0,,0,0,0,0,0,0,,-5175.78,-5175.78,-0,-0,-0,-0,-0
0.52,,-724.624,-30.1807,-200.358,752.418,-3.09997,-0.269537,,-724.624,-30.1807,-200.358,752.418,-3.09997,-0.269537,,0,0,0,0,0,0,,0,0,0,0,0,0,,-5150.85,-5150.85,0,0,0,0,0,,1.78034,1.78034,0,0,0,0,0,,8.06036e+008,8.06036e+008,0,0,,-738.362,-547.181,-324.727,974.696,-2.50383,-0.33965,,-738.362,-547.181,-324.727,974.696,-2.50383,-0.33965,,0,0,0,0,0,0,,0,0,0,0,0,0,,-5173.9,-5173.9,-0,-0,-0,-0,-0
0.54,,85.0808,831.996,268.306,878.319,1.46889,0.310439,,85.0808,831.996,268.306,878.319,1.46889,0.310439,,0,0,0,0,0,0,,0,0,0,0,0,0,,-5123.11,-5123.11,0,0,0,0,0,,0.946512,0.946512,0,0,0,0,0,,3.54215e+008,3.54215e+008,0,0,,612.957,495.556,559.75,966.754,0.679883,0.617501,,612.957,495.556,559.75,966.754,0.679883,0.617501,,0,0,0,0,0,0,,0,0,0,0,0,0,,-5122.62,-5122.62,-0,-0,-0,-0,-0
0.56,,-782.339,199.906,343.826,877.629,2.89142,0.402551,,-782.339,199.906,343.826,877.629,2.89142,0.402551,,0,0,0,0,0,0,,0,0,0,0,0,0,,-5092.26,-5092.26,0,0,0,0,0,,1.67202,1.67202,0,0,0,0,0,,3.39221e+008,3.39221e+008,0,0,,-948.069,-141.715,37.7265,959.344,-2.99321,0.0393354,,-948.069,-141.715,37.7265,959.344,-2.99321,0.0393354,,0,0,0,0,0,0,,0,0,0,0,0,0,,-5105.88,-5105.88,-0,-0,-0,-0,-0
0.58,,-303.952,326.731,514.158,680.807,2.32009,0.855987,,-303.952,326.731,514.158,680.807,2.32009,0.855987,,0,0,0,0,0,0,,0,0,0,0,0,0,,-5062.78,-5062.78,0,0,0,0,0,,1.46609,1.46609,0,0,0,0,0,,8.77612e+008,8.77612e+008,0,0,,-582.634,-596.342,484.273,964.162,-2.34457,0.526226,,-582.634,-596.342,484.273,964.162,-2.34457,0.526226,,0,0,0,0,0,0,,0,0,0,0,0,0,,-5088.68,-5088.68,-0,-0,-0,-0,-0
0.6,,581.098,434.821,-74.2467,729.56,0.642396,-0.101946,,581.098,434.821,-74.2467,729.56,0.642396,-0.101946,,0,0,0,0,0,0,,0,0,0,0,0,0,,-5035.27,-5035.27,0,0,0,0,0,,1.22541,1.22541,0,0,0,0,0,,6.81504e+008,6.81504e+008,0,0,,754.319,29.2202,-554.464,936.633,0.0387178,-0.633508,,754.319,29.2202,-554.464,936.633,0.0387178,-0.633508,,0,0,0,0,0,0,,0,0,0,0,0,0,,-5031.28,-5031.28,-0,-0,-0,-0,-0
0.62,,256.607,-201.5,-520.461,614.271,-0.66568,-1.01085,,256.607,-201.5,-520.461,614.271,-0.66568,-1.01085,,0,0,0,0,0,0,,0,0,0,0,0,0,,-5001.89,-5001.89,0,0,0,0,0,,1.88765,1.88765,0,0,0,0,0,,9.41115e+008,9.41115e+008,0,0,,-269.461,-803.613,-418.299,945.187,-1.89433,-0.458449,,-269.461,-803.613,-418.299,945.187,-1.89433,-0.458449,,0,0,0,0,0,0,,0,0,0,0,0,0,,-4995.32,-4995.32,-0,-0,-0,-0,-0
0.64,,776.261,-23.9585,91.0617,781.951,-0.0308542,0.116719,,776.261,-23.9585,91.0617,781.951,-0.0308542,0.116719,,0,0,0,0,0,0,,0,0,0,0,0,0,,-4963.97,-4963.97,0,0,0,0,0,,1.10265,1.10265,0,0,0,0,0,,4.93196e+008,4.93196e+008,0,0,,638.473,225.552,-643.984,934.472,0.339583,-0.760305,,638.473,225.552,-643.984,934.472,0.339583,-0.760305,,0,0,0,0,0,0,,0,0,0,0,0,0,,-4978.54,-4978.54,-0,-0,-0,-0,-0
0.66,,-467.35,379.8,501.073,783.414,2.45918,0.69398,,-467.35,379.8,501.073,783.414,2.45918,0.69398,,0,0,0,0,0,0,,0,0,0,0,0,0,,-4933,-4933,0,0,0,0,0,,2.19223,2.19223,0,0,0,0,0,,4.37258e+008,4.37258e+008,0,0,,-610.854,-205.449,634.71,904.549,-2.81715,0.777762,,-610.854,-205.449,634.71,904.549,-2.81715,0.777762,,0,0,0,0,0,0,,0,0,0,0,0,0,,-4930.11,-4930.11,-0,-0,-0,-0,-0
0.68,,-144.802,697.935,-279.687,765.706,1.77537,-0.373919,,-144.802,697.935,-279.687,765.706,1.77537,-0.373919,,0,0,0,0,0,0,,0,0,0,0,0,0,,-4897.69,-4897.69,0,0,0,0,0,,1.64868,1.64868,0,0,0,0,0,,4.58282e+008,4.58282e+008,0,0,,-345.692,345.088,-779.918,920.251,2.35707,-1.01127,,-345.692,345.088,-779.918,920.251,2.35707,-1.01127,,0,0,0,0,0,0,,0,0,0,0,0,0,,-4891.54,-4891.54,-0,-0,-0,-0,-0
0.7,,-128.527,637.207,-99.2207,657.568,1.76983,-0.151469,,-128.527,637.207,-99.2207,657.568,1.76983,-0.151469,,0,0,0,0,0,0,,0,0,0,0,0,0,,-4869.64,-4869.64,0,0,0,0,0,,0.871559,0.871559,0,0,0,0,0,,6.72163e+008,6.72163e+008,0,0,,753.596,488.936,1.96841,898.315,0.575534,0.00219123,,753.596,488.936,1.96841,898.315,0.575534,0.00219123,,0,0,0,0,0,0,,0,0,0,0,0,0,,-4857.66,-4857.66,-0,-0,-0,-0,-0
0.72,,131.632,652.932,-474.95,818.061,1.37186,-0.61944,,131.632,652.932,-474.95,818.061,1.37186,-0.61944,,0,0,0,0,0,0,,0,0,0,0,0,0,,-4829.59,-4829.59,0,0,0,0,0,,0.90596,0.90596,0,0,0,0,0,,2.59036e+008,2.59036e+008,0,0,,-158.251,728.962,-551.883,927.903,1.78457,-0.636972,,-158.251,728.962,-551.883,927.903,1.78457,-0.636972,,0,0,0,0,0,0,,0,0,0,0,0,0,,-4847.88,-4847.88,-0,-0,-0,-0,-0
0.74,,732.784,66.6561,-206.295,764.182,0.0907132,-0.273346,,732.784,66.6561,-206.295,764.182,0.0907132,-0.273346,,0,0,0,0,0,0,,0,0,0,0,0,0,,-4798.29,-4798.29,0,0,0,0,0,,2.67849,2.67849,0,0,0,0,0,,3.70239e+008,3.70239e+008,0,0,,639.136,162.163,-660.664,933.418,0.24848,-0.786366,,639.136,162.163,-660.664,933.418,0.24848,-0.786366,,0,0,0,0,0,0,,0,0,0,0,0,0,,-4841.56,-4841.56,-0,-0,-0,-0,-0
0.76,,-643.551,430.047,-286.674,825.397,2.5525,-0.354708,,-643.551,430.047,-286.674,825.397,2.5525,-0.354708,,0,0,0,0,0,0,,0,0,0,0,0,0,,-4770.69,-4770.69,0,0,0,0,0,,0.982962,0.982962,0,0,0,0,0,,2.00313e+008,2.00313e+008,0,0,,-579.932,655.734,-298.164,924.776,2.29493,-0.328283,,-579.932,655.734,-298.164,924.776,2.29493,-0.328283,,0,0,0,0,0,0,,0,0,0,0,0,0,,-4806.14,-4806.14,-0,-0,-0,-0,-0
0.78,,206.495,769.463,-250.189,835.05,1.30861,-0.304283,,206.495,769.463,-250.189,835.05,1.30861,-0.304283,,0,0,0,0,0,0,,0,0,0,0,0,0,,-4725.26,-4725.26,0,0,0,0,0,,1.13788,1.13788,0,0,0,0,0,,1.58717e+008,1.58717e+008,0,0,,55.4542,845.731,-329.559,909.365,1.50532,-0.370847,,55.4542,845.731,-329.559,909.365,1.50532,-0.370847,,0,0,0,0,0,0,,0,0,0,0,0,0,,-4694.42,-4694.42,-0,-0,-0,-0,-0
0.8,,386.7,447.253,-79.9209,596.624,0.857881,-0.134359,,386.7,447.253,-79.9209,596.624,0.857881,-0.134359,,0,0,0,0,0,0,,0,0,0,0,0,0,,-4679.71,-4679.71,0,0,0,0,0,,1.10679,1.10679,0,0,0,0,0,,5.96695e+008,5.96695e+008,0,0,,769.644,399.869,-153.291,880.764,0.479165,-0.174934,,769.644,399.869,-153.291,880.764,0.479165,-0.174934,,0,0,0,0,0,0,,0,0,0,0,0,0,,-4671.53,-4671.53,-0,-0,-0,-0,-0
0.82,,-245.723,722.628,-141.448,776.259,1.89857,-0.183241,,-245.723,722.628,-141.448,776.259,1.89857,-0.183241,,0,0,0,0,0,0,,0,0,0,0,0,0,,-4654.27,-4654.27,0,0,0,0,0,,1.74733,1.74733,0,0,0,0,0,,2.5821e+008,2.5821e+008,0,0,,80.8442,700.91,499.45,864.443,1.45596,0.615995,,80.8442,700.91,499.45,864.443,1.45596,0.615995,,0,0,0,0,0,0,,0,0,0,0,0,0,,-4659.38,-4659.38,-0,-0,-0,-0,-0
0.84,,-398.103,678.27,-240.22,822.339,2.10156,-0.29644,,-398.103,678.27,-240.22,822.339,2.10156,-0.29644,,0,0,0,0,0,0,,0,0,0,0,0,0,,-4630.22,-4630.22,0,0,0,0,0,,1.34481,1.34481,0,0,0,0,0,,1.5167e+008,1.5167e+008,0,0,,-143.125,834.053,249.071,882.137,1.74074,0.286242,,-143.125,834.053,249.071,882.137,1.74074,0.286242,,0,0,0,0,0,0,,0,0,0,0,0,0,,-4660.6,-4660.6,-0,-0,-0,-0,-0
0.86,,-483.038,285.123,-227.785,605.398,2.60836,-0.385752,,-483.038,285.123,-227.785,605.398,2.60836,-0.385752,,0,0,0,0,0,0,,0,0,0,0,0,0,,-4582.77,-4582.77,0,0,0,0,0,,1.50088,1.50088,0,0,0,0,0,,4.99971e+008,4.99971e+008,0,0,,-194.911,813.862,278.112,881.877,1.80586,0.32084,,-194.911,813.862,278.112,881.877,1.80586,0.32084,,0,0,0,0,0,0,,0,0,0,0,0,0,,-4608.24,-4608.24,-0,-0,-0,-0,-0
0.88,,-604.153,-59.9711,-362.756,707.24,-3.04265,-0.53858,,-604.153,-59.9711,-362.756,707.24,-3.04265,-0.53858,,0,0,0,0,0,0,,0,0,0,0,0,0,,-4555.15,-4555.15,0,0,0,0,0,,2.1815,2.1815,0,0,0,0,0,,3.23417e+008,3.23417e+008,0,0,,-734.023,-123.032,-451.616,870.565,-2.97552,-0.545402,,-734.023,-123.032,-451.616,870.565,-2.97552,-0.545402,,0,0,0,0,0,0,,0,0,0,0,0,0,,-4522.13,-4522.13,-0,-0,-0,-0,-0
0.9,,-188.499,579.005,47.0118,610.728,1.88553,0.077053,,-188.499,579.005,47.0118,610.728,1.88553,0.077053,,0,0,0,0,0,0,,0,0,0,0,0,0,,-4532.63,-4532.63,0,0,0,0,0,,1.66269,1.66269,0,0,0,0,0,,4.49921e+008,4.49921e+008,0,0,,-451.121,681.083,302.377,871.101,2.15581,0.354499,,-451.121,681.083,302.377,871.101,2.15581,0.354499,,0,0,0,0,0,0,,0,0,0,0,0,0,,-4551.04,-4551.04,-0,-0,-0,-0,-0
0.92,,-97.8412,434.669,312.21,544.045,1.7922,0.611221,,-97.8412,434.669,312.21,544.045,1.7922,0.611221,,0,0,0,0,0,0,,0,0,0,0,0,0,,-4487.22,-4487.22,0,0,0,0,0,,2.30244,2.30244,0,0,0,0,0,,5.32529e+008,5.32529e+008,0,0,,-430.369,-354.124,690.4,887.284,-2.45308,0.891643,,-430.369,-354.124,690.4,887.284,-2.45308,0.891643,,0,0,0,0,0,0,,0,0,0,0,0,0,,-4538.01,-4538.01,-0,-0,-0,-0,-0
0.94,,-33.3705,-263.835,-209.294,338.418,-1.69661,-0.666768,,-33.3705,-263.835,-209.294,338.418,-1.69661,-0.666768,,0,0,0,0,0,0,,0,0,0,0,0,0,,-4463.7,-4463.7,0,0,0,0,0,,1.58683,1.58683,0,0,0,0,0,,7.40191e+008,7.40191e+008,0,0,,791.028,255.192,-130.772,841.398,0.312067,-0.156055,,791.028,255.192,-130.772,841.398,0.312067,-0.156055,,0,0,0,0,0,0,,0,0,0,0,0,0,,-4442.93,-4442.93,-0,-0,-0,-0,-0
0.96,,500.258,-306.374,71.8783,591.007,-0.54951,0.121922,,500.258,-306.374,71.8783,591.007,-0.54951,0.121922,,0,0,0,0,0,0,,0,0,0,0,0,0,,-4432.59,-4432.59,0,0,0,0,0,,1.53131,1.53131,0,0,0,0,0,,4.14641e+008,4.14641e+008,0,0,,277.894,-409.175,685.232,845.099,-0.974197,0.94557,,277.894,-409.175,685.232,845.099,-0.974197,0.94557,,0,0,0,0,0,0,,0,0,0,0,0,0,,-4441.84,-4441.84,-0,-0,-0,-0,-0
0.98,,-186.367,-24.8369,584.416,613.915,-3.0091,1.25954,,-186.367,-24.8369,584.416,613.915,-3.0091,1.25954,,0,0,0,0,0,0,,0,0,0,0,0,0,,-4397.09,-4397.09,0,0,0,0,0,,2.00586,2.00586,0,0,0,0,0,,3.7761e+008,3.7761e+008,0,0,,-535.117,630.657,87.572,831.713,2.27442,0.105487,,-535.117,630.657,87.572,831.713,2.27442,0.105487,,0,0,0,0,0,0,,0,0,0,0,0,0,,-4412.51,-4412.51,-0,-0,-0,-0,-0
1,,-114.374,7.48722,-399.292,415.417,3.07622,-1.29126,,-114.374,7.48722,-399.292,415.417,3.07622,-1.29126,,0,0,0,0,0,0,,0,0,0,0,0,0,,-4360.18,-4360.18,0,0,0,0,0,,1.15851,1.15851,0,0,0,0,0,,5.97156e+008,5.97156e+008,0,0,,841.501,13.1811,-17.4936,841.786,0.0156625,-0.0207831,,841.501,13.1811,-17.4936,841.786,0.0156625,-0.0207831,,0,0,0,0,0,0,,0,0,0,0,0,0,,-4294.72,-4294.72,-0,-0,-0,-0,-0
1.02,,-388.733,-242.607,205.768,502.306,-2.58364,0.422066,,-388.733,-242.607,205.768,502.306,-2.58364,0.422066,,0,0,0,0,0,0,,0,0,0,0,0,0,,-4290.86,-4290.86,0,0,0,0,0,,2.5641,2.5641,0,0,0,0,0,,4.67412e+008,4.67412e+008,0,0,,-291.793,-744.945,-133.87,811.176,-1.94413,-0.16579,,-291.793,-744.945,-133.87,811.176,-1.94413,-0.16579,,0,0,0,0,0,0,,0,0,0,0,0,0,,-4331.58,-4331.58,-0,-0,-0,-0,-0
1.04,,-347.038,267.829,41.8609,440.364,2.48431,0.0952036,,-347.038,267.829,41.8609,440.364,2.48431,0.0952036,,0,0,0,0,0,0,,0,0,0,0,0,0,,-4246.5,-4246.5,0,0,0,0,0,,2.17469,2.17469,0,0,0,0,0,,4.88157e+008,4.88157e+008,0,0,,431.438,251.45,615.088,792.275,0.52769,0.888865,,431.438,251.45,615.088,792.275,0.52769,0.888865,,0,0,0,0,0,0,,0,0,0,0,0,0,,-4250.92,-4250.92,-0,-0,-0,-0,-0
1.06,,-256.722,171.605,190.047,362.592,2.55236,0.5517,,-256.722,171.605,190.047,362.592,2.55236,0.5517,,0,0,0,0,0,0,,0,0,0,0,0,0,,-4225.08,-4225.08,0,0,0,0,0,,0.742631,0.742631,0,0,0,0,0,,5.34493e+008,5.34493e+008,0,0,,-281.36,603.466,-450.034,803.658,2.00707,-0.594365,,-281.36,603.466,-450.034,803.658,2.00707,-0.594365,,0,0,0,0,0,0,,0,0,0,0,0,0,,-4242.91,-4242.91,-0,-0,-0,-0,-0
1.08,,-54.328,-100.494,-531.606,543.742,-2.0664,-1.35912,,-54.328,-100.494,-531.606,543.742,-2.0664,-1.35912,,0,0,0,0,0,0,,0,0,0,0,0,0,,-4167.66,-4167.66,0,0,0,0,0,,1.83435,1.83435,0,0,0,0,0,,3.59213e+008,3.59213e+008,0,0,,-7.40832,-724.657,358.714,808.615,-1.58102,0.459629,,-7.40832,-724.657,358.714,808.615,-1.58102,0.459629,,0,0,0,0,0,0,,0,0,0,0,0,0,,-4227.82,-4227.82,-0,-0,-0,-0,-0
1.1,,-144.528,-3.36014,31.4167,147.942,-3.11835,0.213988,,-144.528,-3.36014,31.4167,147.942,-3.11835,0.213988,,0,0,0,0,0,0,,0,0,0,0,0,0,,-4148.08,-4148.08,0,0,0,0,0,,1.54224,1.54224,0,0,0,0,0,,6.14077e+008,6.14077e+008,0,0,,-196.967,-242.401,-709.659,775.352,-2.25315,-1.15619,,-196.967,-242.401,-709.659,775.352,-2.25315,-1.15619,,0,0,0,0,0,0,,0,0,0,0,0,0,,-4148.43,-4148.43,-0,-0,-0,-0,-0
1.12,,-57.7538,387.971,-365.434,536.096,1.71857,-0.750025,,-57.7538,387.971,-365.434,536.096,1.71857,-0.750025,,0,0,0,0,0,0,,0,0,0,0,0,0,,-4116.64,-4116.64,0,0,0,0,0,,2.0128,2.0128,0,0,0,0,0,,3.2423e+008,3.2423e+008,0,0,,314.48,692.566,126.617,771.088,1.14456,0.164953,,314.48,692.566,126.617,771.088,1.14456,0.164953,,0,0,0,0,0,0,,0,0,0,0,0,0,,-4045.57,-4045.57,-0,-0,-0,-0,-0
1.14,,-349.48,351.937,-61.9633,499.835,2.35269,-0.124287,,-349.48,351.937,-61.9633,499.835,2.35269,-0.124287,,0,0,0,0,0,0,,0,0,0,0,0,0,,-4083.93,-4083.93,0,0,0,0,0,,1.4394,1.4394,0,0,0,0,0,,3.5198e+008,3.5198e+008,0,0,,-60.4331,506.875,609.029,794.663,1.68946,0.873215,,-60.4331,506.875,609.029,794.663,1.68946,0.873215,,0,0,0,0,0,0,,0,0,0,0,0,0,,-3984.07,-3984.07,-0,-0,-0,-0,-0
1.16,,366.817,-120.637,464.655,604.162,-0.317734,0.877415,,366.817,-120.637,464.655,604.162,-0.317734,0.877415,,0,0,0,0,0,0,,0,0,0,0,0,0,,-4035.06,-4035.06,0,0,0,0,0,,2.57398,2.57398,0,0,0,0,0,,2.20384e+008,2.20384e+008,0,0,,735.119,233.921,-37.9438,772.372,0.308077,-0.0491461,,735.119,233.921,-37.9438,772.372,0.308077,-0.0491461,,0,0,0,0,0,0,,0,0,0,0,0,0,,-4035.57,-4035.57,-0,-0,-0,-0,-0
1.18,,-246.968,73.921,504.496,566.545,2.85077,1.09839,,-246.968,73.921,504.496,566.545,2.85077,1.09839,,0,0,0,0,0,0,,0,0,0,0,0,0,,-3998.87,-3998.87,0,0,0,0,0,,2.24224,2.24224,0,0,0,0,0,,2.57392e+008,2.57392e+008,0,0,,-747.479,-35.41,-108.36,756.122,-3.09426,-0.143806,,-747.479,-35.41,-108.36,756.122,-3.09426,-0.143806,,0,0,0,0,0,0,,0,0,0,0,0,0,,-3970.12,-3970.12,-0,-0,-0,-0,-0
1.2,,59.1103,-178.064,-522.505,555.169,-1.25028,-1.22606,,59.1103,-178.064,-522.505,555.169,-1.25028,-1.22606,,0,0,0,0,0,0,,0,0,0,0,0,0,,-3981.92,-3981.92,0,0,0,0,0,,1.88603,1.88603,0,0,0,0,0,,2.44411e+008,2.44411e+008,0,0,,194.068,-286.378,-692.162,773.798,-0.975218,-1.10731,,194.068,-286.378,-692.162,773.798,-0.975218,-1.10731,,0,0,0,0,0,0,,0,0,0,0,0,0,,-3892.98,-3892.98,-0,-0,-0,-0,-0
1.22,,-38.1294,-213.98,-206.268,299.646,-1.74714,-0.759241,,-38.1294,-213.98,-206.268,299.646,-1.74714,-0.759241,,0,0,0,0,0,0,,0,0,0,0,0,0,,-3900.65,-3900.65,0,0,0,0,0,,2.28022,2.28022,0,0,0,0,0,,4.22555e+008,4.22555e+008,0,0,,-107.616,162.066,693.603,720.369,2.15697,1.29734,,-107.616,162.066,693.603,720.369,2.15697,1.29734,,0,0,0,0,0,0,,0,0,0,0,0,0,,-3789.32,-3789.32,-0,-0,-0,-0,-0
1.24,,33.4217,-129.281,-319.638,346.409,-1.31782,-1.17508,,33.4217,-129.281,-319.638,346.409,-1.31782,-1.17508,,0,0,0,0,0,0,,0,0,0,0,0,0,,-3877.73,-3877.73,0,0,0,0,0,,1.5164,1.5164,0,0,0,0,0,,3.78821e+008,3.78821e+008,0,0,,500.265,-456.445,-325.899,751.543,-0.739627,-0.448528,,500.265,-456.445,-325.899,751.543,-0.739627,-0.448528,,0,0,0,0,0,0,,0,0,0,0,0,0,,-3822.68,-3822.68,-0,-0,-0,-0,-0
1.26,,-385.896,233.128,219.714,501.536,2.59815,0.453464,,-385.896,233.128,219.714,501.536,2.59815,0.453464,,0,0,0,0,0,0,,0,0,0,0,0,0,,-3857.41,-3857.41,0,0,0,0,0,,2.23395,2.23395,0,0,0,0,0,,2.54304e+008,2.54304e+008,0,0,,-8.87433,-730.22,-130.196,741.789,-1.58295,-0.176431,,-8.87433,-730.22,-130.196,741.789,-1.58295,-0.176431,,0,0,0,0,0,0,,0,0,0,0,0,0,,-3874.36,-3874.36,-0,-0,-0,-0,-0
1.28,,-33.6897,112.788,149.905,190.598,1.86106,0.90512,,-33.6897,112.788,149.905,190.598,1.86106,0.90512,,0,0,0,0,0,0,,0,0,0,0,0,0,,-3779.82,-3779.82,0,0,0,0,0,,2.33571,2.33571,0,0,0,0,0,,4.0545e+008,4.0545e+008,0,0,,-35.6287,402.327,-592.867,717.375,1.65912,-0.972753,,-35.6287,402.327,-592.867,717.375,1.65912,-0.972753,,0,0,0,0,0,0,,0,0,0,0,0,0,,-3679.52,-3679.52,-0,-0,-0,-0,-0
1.3,,62.6456,275.045,-121.332,307.076,1.34685,-0.406199,,62.6456,275.045,-121.332,307.076,1.34685,-0.406199,,0,0,0,0,0,0,,0,0,0,0,0,0,,-3758.33,-3758.33,0,0,0,0,0,,2.4648,2.4648,0,0,0,0,0,,3.50202e+008,3.50202e+008,0,0,,530.999,394.403,-237.897,702.929,0.638849,-0.345255,,530.999,394.403,-237.897,702.929,0.638849,-0.345255,,0,0,0,0,0,0,,0,0,0,0,0,0,,-3773.7,-3773.7,-0,-0,-0,-0,-0
1.32,,20.5311,139.504,-178.546,227.512,1.42467,-0.902336,,20.5311,139.504,-178.546,227.512,1.42467,-0.902336,,0,0,0,0,0,0,,0,0,0,0,0,0,,-3694.5,-3694.5,0,0,0,0,0,,2.94307,2.94307,0,0,0,0,0,,3.66576e+008,3.66576e+008,0,0,,534.494,247.875,-300.334,661.306,0.434235,-0.47142,,534.494,247.875,-300.334,661.306,0.434235,-0.47142,,0,0,0,0,0,0,,0,0,0,0,0,0,,-3663.47,-3663.47,-0,-0,-0,-0,-0
1.34,,137.049,94.8695,-147.932,222.86,0.605493,-0.725875,,137.049,94.8695,-147.932,222.86,0.605493,-0.725875,,0,0,0,0,0,0,,0,0,0,0,0,0,,-3664.88,-3664.88,0,0,0,0,0,,2.06346,2.06346,0,0,0,0,0,,3.52619e+008,3.52619e+008,0,0,,-589.966,-123.948,-316.565,680.908,-2.93451,-0.483539,,-589.966,-123.948,-316.565,680.908,-2.93451,-0.483539,,0,0,0,0,0,0,,0,0,0,0,0,0,,-3710.44,-3710.44,-0,-0,-0,-0,-0
1.36,,-233.413,-112.093,-116.548,283.953,-2.69388,-0.422943,,-233.413,-112.093,-116.548,283.953,-2.69388,-0.422943,,0,0,0,0,0,0,,0,0,0,0,0,0,,-3637.44,-3637.44,0,0,0,0,0,,1.99691,1.99691,0,0,0,0,0,,3.19214e+008,3.19214e+008,0,0,,-255.024,459.102,-439.181,684.61,2.07784,-0.696459,,-255.024,459.102,-439.181,684.61,2.07784,-0.696459,,0,0,0,0,0,0,,0,0,0,0,0,0,,-3679.38,-3679.38,-0,-0,-0,-0,-0
1.38,,369.198,-81.5122,84.7385,387.469,-0.217296,0.22048,,369.198,-81.5122,84.7385,387.469,-0.217296,0.22048,,0,0,0,0,0,0,,0,0,0,0,0,0,,-3557.78,-3557.78,0,0,0,0,0,,1.45137,1.45137,0,0,0,0,0,,2.57705e+008,2.57705e+008,0,0,,162.927,-642.213,23.5329,662.976,-1.32234,0.0355033,,162.927,-642.213,23.5329,662.976,-1.32234,0.0355033,,0,0,0,0,0,0,,0,0,0,0,0,0,,-3578.77,-3578.77,-0,-0,-0,-0,-0
1.4,,-81.121,106.753,38.9796,139.629,2.2206,0.282926,,-81.121,106.753,38.9796,139.629,2.2206,0.282926,,0,0,0,0,0,0,,0,0,0,0,0,0,,-3502.4,-3502.4,0,0,0,0,0,,2.91161,2.91161,0,0,0,0,0,,3.22549e+008,3.22549e+008,0,0,,-601.674,119.694,277.501,673.309,2.94522,0.424808,,-601.674,119.694,277.501,673.309,2.94522,0.424808,,0,0,0,0,0,0,,0,0,0,0,0,0,,-3637.41,-3637.41,-0,-0,-0,-0,-0
1.42,,-132.044,112.128,49.5641,180.181,2.43758,0.278673,,-132.044,112.128,49.5641,180.181,2.43758,0.278673,,0,0,0,0,0,0,,0,0,0,0,0,0,,-3472.48,-3472.48,0,0,0,0,0,,2.31287,2.31287,0,0,0,0,0,,3.1731e+008,3.1731e+008,0,0,,-194.23,-520.714,400.685,685.14,-1.92782,0.624661,,-194.23,-520.714,400.685,685.14,-1.92782,0.624661,,0,0,0,0,0,0,,0,0,0,0,0,0,,-3544.42,-3544.42,-0,-0,-0,-0,-0
1.44,,-183.748,-219.522,-51.1618,290.811,-2.26772,-0.176849,,-183.748,-219.522,-51.1618,290.811,-2.26772,-0.176849,,0,0,0,0,0,0,,0,0,0,0,0,0,,-3446.51,-3446.51,0,0,0,0,0,,2.09741,2.09741,0,0,0,0,0,,2.56522e+008,2.56522e+008,0,0,,-112.987,-624.19,80.5233,639.424,-1.74987,0.126266,,-112.987,-624.19,80.5233,639.424,-1.74987,0.126266,,0,0,0,0,0,0,,0,0,0,0,0,0,,-3394.76,-3394.76,-0,-0,-0,-0,-0
1.46,,-197.701,-40.486,136.083,243.399,-2.9396,0.593292,,-197.701,-40.486,136.083,243.399,-2.9396,0.593292,,0,0,0,0,0,0,,0,0,0,0,0,0,,-3384.95,-3384.95,0,0,0,0,0,,2.73427,2.73427,0,0,0,0,0,,2.5621e+008,2.5621e+008,0,0,,253.95,-227.103,460.229,572.606,-0.729648,0.933563,,253.95,-227.103,460.229,572.606,-0.729648,0.933563,,0,0,0,0,0,0,,0,0,0,0,0,0,,-3293.39,-3293.39,-0,-0,-0,-0,-0
1.48,,-76.7068,-66.7053,-299.756,316.523,-2.42582,-1.24384,,-76.7068,-66.7053,-299.756,316.523,-2.42582,-1.24384,,0,0,0,0,0,0,,0,0,0,0,0,0,,-3331.94,-3331.94,0,0,0,0,0,,1.8522,1.8522,0,0,0,0,0,,2.2095e+008,2.2095e+008,0,0,,533.213,-236.303,-192.065,614.04,-0.417158,-0.318129,,533.213,-236.303,-192.065,614.04,-0.417158,-0.318129,,0,0,0,0,0,0,,0,0,0,0,0,0,,-3390.77,-3390.77,-0,-0,-0,-0,-0
1.5,,163.158,-145.111,138.446,258.544,-0.726922,0.56508,,163.158,-145.111,138.446,258.544,-0.726922,0.56508,,0,0,0,0,0,0,,0,0,0,0,0,0,,-3295.12,-3295.12,0,0,0,0,0,,3.28331,3.28331,0,0,0,0,0,,2.27446e+008,2.27446e+008,0,0,,-382.31,-350.371,-214.54,561.202,-2.39976,-0.392269,,-382.31,-350.371,-214.54,561.202,-2.39976,-0.392269,,0,0,0,0,0,0,,0,0,0,0,0,0,,-3127.54,-3127.54,-0,-0,-0,-0,-0
1.52,,10.1314,11.1732,-51.5149,53.6774,0.834261,-1.28597,,10.1314,11.1732,-51.5149,53.6774,0.834261,-1.28597,,0,0,0,0,0,0,,0,0,0,0,0,0,,-3231.29,-3231.29,0,0,0,0,0,,2.27401,2.27401,0,0,0,0,0,,2.49123e+008,2.49123e+008,0,0,,54.8776,-277.572,-547.59,616.37,-1.37561,-1.09387,,54.8776,-277.572,-547.59,616.37,-1.37561,-1.09387,,0,0,0,0,0,0,,0,0,0,0,0,0,,-3265.11,-3265.11,-0,-0,-0,-0,-0
1.54,,-82.7759,-123.191,-65.6479,162.288,-2.16244,-0.416448,,-82.7759,-123.191,-65.6479,162.288,-2.16244,-0.416448,,0,0,0,0,0,0,,0,0,0,0,0,0,,-3176.57,-3176.57,0,0,0,0,0,,1.64269,1.64269,0,0,0,0,0,,2.23295e+008,2.23295e+008,0,0,,122.8,390.831,-401.796,573.819,1.26636,-0.775696,,122.8,390.831,-401.796,573.819,1.26636,-0.775696,,0,0,0,0,0,0,,0,0,0,0,0,0,,-3136.35,-3136.35,-0,-0,-0,-0,-0
1.56,,116.609,-94.9889,-52.3735,159.259,-0.683576,-0.335093,,116.609,-94.9889,-52.3735,159.259,-0.683576,-0.335093,,0,0,0,0,0,0,,0,0,0,0,0,0,,-3119.6,-3119.6,0,0,0,0,0,,2.54983,2.54983,0,0,0,0,0,,2.15935e+008,2.15935e+008,0,0,,307.94,204.95,-510.699,630.591,0.58723,-0.943937,,307.94,204.95,-510.699,630.591,0.58723,-0.943937,,0,0,0,0,0,0,,0,0,0,0,0,0,,-3128.8,-3128.8,-0,-0,-0,-0,-0
1.58,,35.711,147.443,21.2003,153.18,1.33317,0.138846,,35.711,147.443,21.2003,153.18,1.33317,0.138846,,0,0,0,0,0,0,,0,0,0,0,0,0,,-3107.33,-3107.33,0,0,0,0,0,,3.78566,3.78566,0,0,0,0,0,,2.14048e+008,2.14048e+008,0,0,,157.173,400.468,-373.993,570.043,1.1968,-0.715612,,157.173,400.468,-373.993,570.043,1.1968,-0.715612,,0,0,0,0,0,0,,0,0,0,0,0,0,,-3008.85,-3008.85,-0,-0,-0,-0,-0
1.6,,86.8134,-5.05814,-178.429,198.492,-0.0581987,-1.11731,,86.8134,-5.05814,-178.429,198.492,-0.0581987,-1.11731,,0,0,0,0,0,0,,0,0,0,0,0,0,,-3000.75,-3000.75,0,0,0,0,0,,2.44823,2.44823,0,0,0,0,0,,1.77695e+008,1.77695e+008,0,0,,-128.68,249.271,414.691,500.663,2.04734,0.976038,,-128.68,249.271,414.691,500.663,2.04734,0.976038,,0,0,0,0,0,0,,0,0,0,0,0,0,,-2968.92,-2968.92,-0,-0,-0,-0,-0
1.62,,-7.55732,21.5636,57.9557,62.2974,1.90789,1.19525,,-7.55732,21.5636,57.9557,62.2974,1.90789,1.19525,,0,0,0,0,0,0,,0,0,0,0,0,0,,-2962.75,-2962.75,0,0,0,0,0,,3.16547,3.16547,0,0,0,0,0,,1.878e+008,1.878e+008,0,0,,-554.729,2.2187,129.238,569.589,3.13759,0.228891,,-554.729,2.2187,129.238,569.589,3.13759,0.228891,,0,0,0,0,0,0,,0,0,0,0,0,0,,-3039.08,-3039.08,-0,-0,-0,-0,-0
1.64,,56.5365,147.928,21.9897,159.883,1.20574,0.137974,,56.5365,147.928,21.9897,159.883,1.20574,0.137974,,0,0,0,0,0,0,,0,0,0,0,0,0,,-2911.27,-2911.27,0,0,0,0,0,,2.95233,2.95233,0,0,0,0,0,,1.71952e+008,1.71952e+008,0,0,,-169.819,-67.1274,426.731,464.16,-2.76516,1.16646,,-169.819,-67.1274,426.731,464.16,-2.76516,1.16646,,0,0,0,0,0,0,,0,0,0,0,0,0,,-2827.29,-2827.29,-0,-0,-0,-0,-0
1.66,,-0.244062,-0.414042,-68.6856,68.6873,-2.10343,-1.5638,,-0.244062,-0.414042,-68.6856,68.6873,-2.10343,-1.5638,,0,0,0,0,0,0,,0,0,0,0,0,0,,-2865.9,-2865.9,0,0,0,0,0,,2.78887,2.78887,0,0,0,0,0,,1.74075e+008,1.74075e+008,0,0,,220.473,388.17,-254.665,513.944,1.05425,-0.518423,,220.473,388.17,-254.665,513.944,1.05425,-0.518423,,0,0,0,0,0,0,,0,0,0,0,0,0,,-2956.64,-2956.64,-0,-0,-0,-0,-0
1.68,,37.5494,-30.6617,-52.1226,71.1819,-0.684763,-0.821613,,37.5494,-30.6617,-52.1226,71.1819,-0.684763,-0.821613,,0,0,0,0,0,0,,0,0,0,0,0,0,,-2812.55,-2812.55,0,0,0,0,0,,3.67759,3.67759,0,0,0,0,0,,1.60043e+008,1.60043e+008,0,0,,-25.0975,414.991,-93.9035,426.222,1.6312,-0.222138,,-25.0975,414.991,-93.9035,426.222,1.6312,-0.222138,,0,0,0,0,0,0,,0,0,0,0,0,0,,-2813.77,-2813.77,-0,-0,-0,-0,-0
1.7,,-7.01496,-16.0303,-46.552,49.732,-1.9833,-1.21125,,-7.01496,-16.0303,-46.552,49.732,-1.9833,-1.21125,,0,0,0,0,0,0,,0,0,0,0,0,0,,-2694.58,-2694.58,0,0,0,0,0,,3.95285,3.95285,0,0,0,0,0,,1.35145e+008,1.35145e+008,0,0,,-55.2683,-28.8618,308.293,314.535,-2.66033,1.37124,,-55.2683,-28.8618,308.293,314.535,-2.66033,1.37124,,0,0,0,0,0,0,,0,0,0,0,0,0,,-2557.4,-2557.4,-0,-0,-0,-0,-0
1.72,,-61.2806,101.958,-9.71856,119.353,2.11198,-0.0815171,,-61.2806,101.958,-9.71856,119.353,2.11198,-0.0815171,,0,0,0,0,0,0,,0,0,0,0,0,0,,-2642.11,-2642.11,0,0,0,0,0,,3.60967,3.60967,0,0,0,0,0,,1.16196e+008,1.16196e+008,0,0,,-392.085,-23.5213,145.16,418.755,-3.08167,0.353994,,-392.085,-23.5213,145.16,418.755,-3.08167,0.353994,,0,0,0,0,0,0,,0,0,0,0,0,0,,-2524.69,-2524.69,-0,-0,-0,-0,-0
1.74,,126.339,-22.4194,-39.9109,134.377,-0.175626,-0.301557,,126.339,-22.4194,-39.9109,134.377,-0.175626,-0.301557,,0,0,0,0,0,0,,0,0,0,0,0,0,,-2612.75,-2612.75,0,0,0,0,0,,3.23184,3.23184,0,0,0,0,0,,1.08541e+008,1.08541e+008,0,0,,247.966,332.501,208.372,464.18,0.930014,0.465537,,247.966,332.501,208.372,464.18,0.930014,0.465537,,0,0,0,0,0,0,,0,0,0,0,0,0,,-2566.29,-2566.29,-0,-0,-0,-0,-0
1.76,,-3.64157,86.0686,-18.567,88.1237,1.61308,-0.212284,,-3.64157,86.0686,-18.567,88.1237,1.61308,-0.212284,,0,0,0,0,0,0,,0,0,0,0,0,0,,-2514,-2514,0,0,0,0,0,,2.55334,2.55334,0,0,0,0,0,,9.7522e+007,9.7522e+007,0,0,,155.989,-3.16755,-334.875,369.437,-0.0203034,-1.13479,,155.989,-3.16755,-334.875,369.437,-0.0203034,-1.13479,,0,0,0,0,0,0,,0,0,0,0,0,0,,-2489.77,-2489.77,-0,-0,-0,-0,-0
1.78,,-9.10922,-107.221,44.4005,116.408,-1.65555,0.391334,,-9.10922,-107.221,44.4005,116.408,-1.65555,0.391334,,0,0,0,0,0,0,,0,0,0,0,0,0,,-2485.95,-2485.95,0,0,0,0,0,,3.08296,3.08296,0,0,0,0,0,,9.11882e+007,9.11882e+007,0,0,,71.1841,377.346,-112.733,400.207,1.38434,-0.285551,,71.1841,377.346,-112.733,400.207,1.38434,-0.285551,,0,0,0,0,0,0,,0,0,0,0,0,0,,-2511.86,-2511.86,-0,-0,-0,-0,-0
1.8,,37.0841,22.6765,-39.3512,58.6342,0.548825,-0.735732,,37.0841,22.6765,-39.3512,58.6342,0.548825,-0.735732,,0,0,0,0,0,0,,0,0,0,0,0,0,,-2373.01,-2373.01,0,0,0,0,0,,3.1475,3.1475,0,0,0,0,0,,7.20822e+007,7.20822e+007,0,0,,74.9136,-47.5257,-409.876,419.367,-0.565335,-1.35764,,74.9136,-47.5257,-409.876,419.367,-0.565335,-1.35764,,0,0,0,0,0,0,,0,0,0,0,0,0,,-2484.24,-2484.24,-0,-0,-0,-0,-0
1.82,,-131.66,23.8575,61.8132,147.392,2.96233,0.432761,,-131.66,23.8575,61.8132,147.392,2.96233,0.432761,,0,0,0,0,0,0,,0,0,0,0,0,0,,-2355.43,-2355.43,0,0,0,0,0,,3.55225,3.55225,0,0,0,0,0,,7.04281e+007,7.04281e+007,0,0,,-99.8142,-334.695,132.467,373.539,-1.86062,0.362515,,-99.8142,-334.695,132.467,373.539,-1.86062,0.362515,,0,0,0,0,0,0,,0,0,0,0,0,0,,-2276.93,-2276.93,-0,-0,-0,-0,-0
1.84,,-68.5737,-5.34745,-37.425,78.3044,-3.06377,-0.498311,,-68.5737,-5.34745,-37.425,78.3044,-3.06377,-0.498311,,0,0,0,0,0,0,,0,0,0,0,0,0,,-2270.15,-2270.15,0,0,0,0,0,,2.60693,2.60693,0,0,0,0,0,,6.11137e+007,6.11137e+007,0,0,,-65.4507,-176.727,-98.9311,212.846,-1.92548,-0.48341,,-65.4507,-176.727,-98.9311,212.846,-1.92548,-0.48341,,0,0,0,0,0,0,,0,0,0,0,0,0,,-2096.3,-2096.3,-0,-0,-0,-0,-0
1.86,,18.9837,7.27334,-7.19289,21.5644,0.365884,-0.340071,,18.9837,7.27334,-7.19289,21.5644,0.365884,-0.340071,,0,0,0,0,0,0,,0,0,0,0,0,0,,-2233.77,-2233.77,0,0,0,0,0,,2.5946,2.5946,0,0,0,0,0,,6.28945e+007,6.28945e+007,0,0,,143.022,-360.623,89.5765,398.156,-1.19323,0.226921,,143.022,-360.623,89.5765,398.156,-1.19323,0.226921,,0,0,0,0,0,0,,0,0,0,0,0,0,,-2383.79,-2383.79,-0,-0,-0,-0,-0
1.88,,-17.0275,-8.10391,75.9319,78.2385,-2.69739,1.32737,,-17.0275,-8.10391,75.9319,78.2385,-2.69739,1.32737,,0,0,0,0,0,0,,0,0,0,0,0,0,,-2122.87,-2122.87,0,0,0,0,0,,3.36628,3.36628,0,0,0,0,0,,4.19678e+007,4.19678e+007,0,0,,-174.599,11.1766,33.3673,178.11,3.07767,0.188454,,-174.599,11.1766,33.3673,178.11,3.07767,0.188454,,0,0,0,0,0,0,,0,0,0,0,0,0,,-2002.9,-2002.9,-0,-0,-0,-0,-0
1.9,,9.93476,14.0385,0.352091,17.2019,0.954936,0.0204696,,9.93476,14.0385,0.352091,17.2019,0.954936,0.0204696,,0,0,0,0,0,0,,0,0,0,0,0,0,,-2062.78,-2062.78,0,0,0,0,0,,3.65869,3.65869,0,0,0,0,0,,3.49287e+007,3.49287e+007,0,0,,-171.876,-79.7441,58.0137,198.157,-2.70719,0.297119,,-171.876,-79.7441,58.0137,198.157,-2.70719,0.297119,,0,0,0,0,0,0,,0,0,0,0,0,0,,-2209.12,-2209.12,-0,-0,-0,-0,-0
1.92,,-28.1888,40.0745,77.5141,91.7006,2.18381,1.00712,,-28.1888,40.0745,77.5141,91.7006,2.18381,1.00712,,0,0,0,0,0,0,,0,0,0,0,0,0,,-2025.31,-2025.31,0,0,0,0,0,,3.49808,3.49808,0,0,0,0,0,,2.38043e+007,2.38043e+007,0,0,,37.3176,93.6611,157.174,186.732,1.19164,1.00044,,37.3176,93.6611,157.174,186.732,1.19164,1.00044,,0,0,0,0,0,0,,0,0,0,0,0,0,,-1873.01,-1873.01,-0,-0,-0,-0,-0
1.94,,18.6686,16.3642,-2.92285,24.997,0.719714,-0.117196,,18.6686,16.3642,-2.92285,24.997,0.719714,-0.117196,,0,0,0,0,0,0,,0,0,0,0,0,0,,-1915.18,-1915.18,0,0,0,0,0,,1.90853,1.90853,0,0,0,0,0,,1.91258e+007,1.91258e+007,0,0,,92.384,-148.051,85.5181,194.338,-1.01292,0.455652,,92.384,-148.051,85.5181,194.338,-1.01292,0.455652,,0,0,0,0,0,0,,0,0,0,0,0,0,,-1819.87,-1819.87,-0,-0,-0,-0,-0
1.96,,-25.621,-7.43261,-3.57271,26.9155,-2.85924,-0.133131,,-25.621,-7.43261,-3.57271,26.9155,-2.85924,-0.133131,,0,0,0,0,0,0,,0,0,0,0,0,0,,-1919.92,-1919.92,0,0,0,0,0,,1.83509,1.83509,0,0,0,0,0,,2.54482e+007,2.54482e+007,0,0,,-64.4292,-128.574,237.412,277.573,-2.03533,1.02616,,-64.4292,-128.574,237.412,277.573,-2.03533,1.02616,,0,0,0,0,0,0,,0,0,0,0,0,0,,-1836.75,-1836.75,-0,-0,-0,-0,-0
1.98,,42.1663,3.17638,11.246,43.7557,0.0751877,0.259936,,42.1663,3.17638,11.246,43.7557,0.0751877,0.259936,,0,0,0,0,0,0,,0,0,0,0,0,0,,-1853.91,-1853.91,0,0,0,0,0,,1.51125,1.51125,0,0,0,0,0,,2.28352e+007,2.28352e+007,0,0,,-211.634,-95.5382,97.8288,251.966,-2.71755,0.398745,,-211.634,-95.5382,97.8288,251.966,-2.71755,0.398745,,0,0,0,0,0,0,,0,0,0,0,0,0,,-1950.41,-1950.41,-0,-0,-0,-0,-0
2,,-18.7318,-4.64633,37.1348,41.8505,-2.89845,1.0915,,-18.7318,-4.64633,37.1348,41.8505,-2.89845,1.0915,,0,0,0,0,0,0,,0,0,0,0,0,0,,-1844.92,-1844.92,0,0,0,0,0,,1.80179,1.80179,0,0,0,0,0,,1.96364e+007,1.96364e+007,0,0,,23.1483,-103.024,-87.7413,137.289,-1.34978,-0.693324,,23.1483,-103.024,-87.7413,137.289,-1.34978,-0.693324,,0,0,0,0,0,0,,0,0,0,0,0,0,,-1801.56,-1801.56,-0,-0,-0,-0,-0
2.02,,19.227,-12.1733,2.56936,22.9013,-0.564428,0.11243,,19.227,-12.1733,2.56936,22.9013,-0.564428,0.11243,,0,0,0,0,0,0,,0,0,0,0,0,0,,-1726.42,-1726.42,0,0,0,0,0,,3.21105,3.21105,0,0,0,0,0,,1.38728e+007,1.38728e+007,0,0,,84.4382,-119.775,54.4348,156.33,-0.95674,0.355656,,84.4382,-119.775,54.4348,156.33,-0.95674,0.355656,,0,0,0,0,0,0,,0,0,0,0,0,0,,-1853.2,-1853.2,-0,-0,-0,-0,-0
2.04,,-3.6908,27.028,-21.7305,34.8762,1.70651,-0.672669,,-3.6908,27.028,-21.7305,34.8762,1.70651,-0.672669,,0,0,0,0,0,0,,0,0,0,0,0,0,,-1734.92,-1734.92,0,0,0,0,0,,2.40034,2.40034,0,0,0,0,0,,1.10991e+007,1.10991e+007,0,0,,87.3432,184.993,43.6364,209.178,1.12968,0.210153,,87.3432,184.993,43.6364,209.178,1.12968,0.210153,,0,0,0,0,0,0,,0,0,0,0,0,0,,-1783.01,-1783.01,-0,-0,-0,-0,-0
2.06,,-26.6861,13.5435,-15.5974,33.7469,2.67195,-0.480461,,-26.6861,13.5435,-15.5974,33.7469,2.67195,-0.480461,,0,0,0,0,0,0,,0,0,0,0,0,0,,-1693.41,-1693.41,0,0,0,0,0,,1.03438,1.03438,0,0,0,0,0,,9.13643e+006,9.13643e+006,0,0,,-23.2938,121.321,-51.8884,133.991,1.76049,-0.397649,,-23.2938,121.321,-51.8884,133.991,1.76049,-0.397649,,0,0,0,0,0,0,,0,0,0,0,0,0,,-1745.74,-1745.74,-0,-0,-0,-0,-0
2.08,,4.23062,3.5582,10.1723,11.5773,0.699281,1.07301,,4.23062,3.5582,10.1723,11.5773,0.699281,1.07301,,0,0,0,0,0,0,,0,0,0,0,0,0,,-1625.61,-1625.61,0,0,0,0,0,,1.6661,1.6661,0,0,0,0,0,,1.02697e+007,1.02697e+007,0,0,,-87.2734,-32.7005,81.6025,123.875,-2.78309,0.719157,,-87.2734,-32.7005,81.6025,123.875,-2.78309,0.719157,,0,0,0,0,0,0,,0,0,0,0,0,0,,-1587.18,-1587.18,-0,-0,-0,-0,-0
2.1,,-9.60582,-11.3587,-1.60768,14.9625,-2.27278,-0.107655,,-9.60582,-11.3587,-1.60768,14.9625,-2.27278,-0.107655,,0,0,0,0,0,0,,0,0,0,0,0,0,,-1603.97,-1603.97,0,0,0,0,0,,1.39102,1.39102,0,0,0,0,0,,8.90719e+006,8.90719e+006,0,0,,79.4764,-1.904,53.0188,95.5569,-0.0239522,0.588171,,79.4764,-1.904,53.0188,95.5569,-0.0239522,0.588171,,0,0,0,0,0,0,,0,0,0,0,0,0,,-1458.22,-1458.22,-0,-0,-0,-0,-0
2.12,,-11.1421,-3.11176,4.04741,12.256,-2.86925,0.336556,,-11.1421,-3.11176,4.04741,12.256,-2.86925,0.336556,,0,0,0,0,0,0,,0,0,0,0,0,0,,-1570.85,-1570.85,0,0,0,0,0,,1.05407,1.05407,0,0,0,0,0,,7.26492e+006,7.26492e+006,0,0,,-51.6709,147.33,-70.3943,171.264,1.90811,-0.423581,,-51.6709,147.33,-70.3943,171.264,1.90811,-0.423581,,0,0,0,0,0,0,,0,0,0,0,0,0,,-1762.98,-1762.98,-0,-0,-0,-0,-0
2.14,,-1.13233,21.2877,-9.60745,23.3827,1.62394,-0.423417,,-1.13233,21.2877,-9.60745,23.3827,1.62394,-0.423417,,0,0,0,0,0,0,,0,0,0,0,0,0,,-1513.23,-1513.23,0,0,0,0,0,,1.10951,1.10951,0,0,0,0,0,,5.12897e+006,5.12897e+006,0,0,,-184.957,-14.2804,56.1519,193.82,-3.06454,0.293926,,-184.957,-14.2804,56.1519,193.82,-3.06454,0.293926,,0,0,0,0,0,0,,0,0,0,0,0,0,,-1549.07,-1549.07,-0,-0,-0,-0,-0
2.16,,-9.21419,-15.3984,5.95558,18.9072,-2.11003,0.320446,,-9.21419,-15.3984,5.95558,18.9072,-2.11003,0.320446,,0,0,0,0,0,0,,0,0,0,0,0,0,,-1547.63,-1547.63,0,0,0,0,0,,0.675892,0.675892,0,0,0,0,0,,6.08738e+006,6.08738e+006,0,0,,-26.6318,-32.8524,-8.98006,43.234,-2.252,-0.209232,,-26.6318,-32.8524,-8.98006,43.234,-2.252,-0.209232,,0,0,0,0,0,0,,0,0,0,0,0,0,,-1516.38,-1516.38,-0,-0,-0,-0,-0
2.18,,-1.58328,11.6096,19.2471,22.5331,1.70634,1.02395,,-1.58328,11.6096,19.2471,22.5331,1.70634,1.02395,,0,0,0,0,0,0,,0,0,0,0,0,0,,-1501.63,-1501.63,0,0,0,0,0,,2.03078,2.03078,0,0,0,0,0,,7.48683e+006,7.48683e+006,0,0,,-31.7277,-60.6806,-46.3177,82.6686,-2.05257,-0.594725,,-31.7277,-60.6806,-46.3177,82.6686,-2.05257,-0.594725,,0,0,0,0,0,0,,0,0,0,0,0,0,,-1690.32,-1690.32,-0,-0,-0,-0,-0
2.2,,0.770974,1.69955,1.27941,2.26269,1.14492,0.600962,,0.770974,1.69955,1.27941,2.26269,1.14492,0.600962,,0,0,0,0,0,0,,0,0,0,0,0,0,,-1468.29,-1468.29,0,0,0,0,0,,0.933878,0.933878,0,0,0,0,0,,5.05445e+006,5.05445e+006,0,0,,-8.56355,61.3839,-60.8855,86.8813,1.70941,-0.776504,,-8.56355,61.3839,-60.8855,86.8813,1.70941,-0.776504,,0,0,0,0,0,0,,0,0,0,0,0,0,,-1439.77,-1439.77,-0,-0,-0,-0,-0
2.22,,0.49929,28.0853,-18.6394,33.7114,1.55302,-0.585854,,0.49929,28.0853,-18.6394,33.7114,1.55302,-0.585854,,0,0,0,0,0,0,,0,0,0,0,0,0,,-1434.42,-1434.42,0,0,0,0,0,,0.945888,0.945888,0,0,0,0,0,,4.20152e+006,4.20152e+006,0,0,,126.701,-20.101,21.6547,130.101,-0.157338,0.167224,,126.701,-20.101,21.6547,130.101,-0.157338,0.167224,,0,0,0,0,0,0,,0,0,0,0,0,0,,-1286.48,-1286.48,-0,-0,-0,-0,-0
2.24,,7.23869,6.71897,-7.05018,12.1346,0.74818,-0.619955,,7.23869,6.71897,-7.05018,12.1346,0.74818,-0.619955,,0,0,0,0,0,0,,0,0,0,0,0,0,,-1427.76,-1427.76,0,0,0,0,0,,0.785315,0.785315,0,0,0,0,0,,4.88108e+006,4.88108e+006,0,0,,7.46997,-17.4564,-33.5112,38.5166,-1.16645,-1.0553,,7.46997,-17.4564,-33.5112,38.5166,-1.16645,-1.0553,,0,0,0,0,0,0,,0,0,0,0,0,0,,-1398.1,-1398.1,-0,-0,-0,-0,-0
2.26,,-14.2279,8.77512,-7.0941,18.1593,2.58894,-0.401347,,-14.2279,8.77512,-7.0941,18.1593,2.58894,-0.401347,,0,0,0,0,0,0,,0,0,0,0,0,0,,-1359.34,-1359.34,0,0,0,0,0,,1.27002,1.27002,0,0,0,0,0,,3.60247e+006,3.60247e+006,0,0,,-88.0472,-13.956,87.9848,125.253,-2.98439,0.77884,,-88.0472,-13.956,87.9848,125.253,-2.98439,0.77884,,0,0,0,0,0,0,,0,0,0,0,0,0,,-1284.79,-1284.79,-0,-0,-0,-0,-0
2.28,,-5.48348,6.24926,5.81172,10.1439,2.29102,0.610076,,-5.48348,6.24926,5.81172,10.1439,2.29102,0.610076,,0,0,0,0,0,0,,0,0,0,0,0,0,,-1377.22,-1377.22,0,0,0,0,0,,1.25432,1.25432,0,0,0,0,0,,3.4424e+006,3.4424e+006,0,0,,69.1596,-10.6097,72.4152,100.695,-0.152222,0.802579,,69.1596,-10.6097,72.4152,100.695,-0.152222,0.802579,,0,0,0,0,0,0,,0,0,0,0,0,0,,-1316.62,-1316.62,-0,-0,-0,-0,-0
2.3,,-8.88006,-16.4454,-8.20295,20.4107,-2.06591,-0.413585,,-8.88006,-16.4454,-8.20295,20.4107,-2.06591,-0.413585,,0,0,0,0,0,0,,0,0,0,0,0,0,,-1329.92,-1329.92,0,0,0,0,0,,1.33231,1.33231,0,0,0,0,0,,3.2066e+006,3.2066e+006,0,0,,32.2212,-13.2572,-36.7253,50.6232,-0.390331,-0.811709,,32.2212,-13.2572,-36.7253,50.6232,-0.390331,-0.811709,,0,0,0,0,0,0,,0,0,0,0,0,0,,-1446.86,-1446.86,-0,-0,-0,-0,-0
2.32,,10.2834,3.27554,2.37287,11.0503,0.308365,0.21642,,10.2834,3.27554,2.37287,11.0503,0.308365,0.21642,,0,0,0,0,0,0,,0,0,0,0,0,0,,-1327.42,-1327.42,0,0,0,0,0,,0.876154,0.876154,0,0,0,0,0,,4.72733e+006,4.72733e+006,0,0,,-9.73291,-14.9556,-60.5459,63.1205,-2.14773,-1.2842,,-9.73291,-14.9556,-60.5459,63.1205,-2.14773,-1.2842,,0,0,0,0,0,0,,0,0,0,0,0,0,,-1341.69,-1341.69,-0,-0,-0,-0,-0
2.34,,11.5658,-10.57,13.8668,20.9232,-0.740443,0.724482,,11.5658,-10.57,13.8668,20.9232,-0.740443,0.724482,,0,0,0,0,0,0,,0,0,0,0,0,0,,-1274.34,-1274.34,0,0,0,0,0,,1.51988,1.51988,0,0,0,0,0,,4.21727e+006,4.21727e+006,0,0,,-77.8155,-38.86,-38.8747,95.2712,-2.67844,-0.420309,,-77.8155,-38.86,-38.8747,95.2712,-2.67844,-0.420309,,0,0,0,0,0,0,,0,0,0,0,0,0,,-1404.88,-1404.88,-0,-0,-0,-0,-0
2.36,,-2.12232,-7.02158,-10.1117,12.4921,-1.86432,-0.943205,,-2.12232,-7.02158,-10.1117,12.4921,-1.86432,-0.943205,,0,0,0,0,0,0,,0,0,0,0,0,0,,-1283.85,-1283.85,0,0,0,0,0,,1.02731,1.02731,0,0,0,0,0,,3.01132e+006,3.01132e+006,0,0,,81.5574,58.4143,64.1797,119.092,0.621539,0.569141,,81.5574,58.4143,64.1797,119.092,0.621539,0.569141,,0,0,0,0,0,0,,0,0,0,0,0,0,,-1333.41,-1333.41,-0,-0,-0,-0,-0
2.38,,-3.80744,-13.8074,-2.5755,14.5525,-1.83986,-0.177917,,-3.80744,-13.8074,-2.5755,14.5525,-1.83986,-0.177917,,0,0,0,0,0,0,,0,0,0,0,0,0,,-1237.21,-1237.21,0,0,0,0,0,,0.798014,0.798014,0,0,0,0,0,,3.22824e+006,3.22824e+006,0,0,,-74.3572,23.348,-17.769,79.9366,2.83734,-0.224162,,-74.3572,23.348,-17.769,79.9366,2.83734,-0.224162,,0,0,0,0,0,0,,0,0,0,0,0,0,,-1237.5,-1237.5,-0,-0,-0,-0,-0
2.4,,9.02581,-22.7683,-2.15183,24.5864,-1.19338,-0.0876332,,9.02581,-22.7683,-2.15183,24.5864,-1.19338,-0.0876332,,0,0,0,0,0,0,,0,0,0,0,0,0,,-1207.93,-1207.93,0,0,0,0,0,,0.859874,0.859874,0,0,0,0,0,,2.15496e+006,2.15496e+006,0,0,,-16.3811,-11.539,12.5445,23.6401,-2.52792,0.559363,,-16.3811,-11.539,12.5445,23.6401,-2.52792,0.559363,,0,0,0,0,0,0,,0,0,0,0,0,0,,-1129.94,-1129.94,-0,-0,-0,-0,-0
2.42,,-3.64854,11.9478,3.40148,12.9473,1.86718,0.265838,,-3.64854,11.9478,3.40148,12.9473,1.86718,0.265838,,0,0,0,0,0,0,,0,0,0,0,0,0,,-1197.39,-1197.39,0,0,0,0,0,,1.06929,1.06929,0,0,0,0,0,,3.4334e+006,3.4334e+006,0,0,,-28.9248,-13.5175,-66.7202,73.9659,-2.70442,-1.12447,,-28.9248,-13.5175,-66.7202,73.9659,-2.70442,-1.12447,,0,0,0,0,0,0,,0,0,0,0,0,0,,-1147.43,-1147.43,-0,-0,-0,-0,-0
2.44,,-9.27543,2.45516,19.6772,21.8918,2.88283,1.11711,,-9.27543,2.45516,19.6772,21.8918,2.88283,1.11711,,0,0,0,0,0,0,,0,0,0,0,0,0,,-1198.25,-1198.25,0,0,0,0,0,,0.747464,0.747464,0,0,0,0,0,,1.50142e+006,1.50142e+006,0,0,,-36.7476,9.93774,-15.1664,40.9776,2.87748,-0.379133,,-36.7476,9.93774,-15.1664,40.9776,2.87748,-0.379133,,0,0,0,0,0,0,,0,0,0,0,0,0,,-1268.89,-1268.89,-0,-0,-0,-0,-0
2.46,,-15.8734,4.77562,-3.47481,16.9365,2.84935,-0.206634,,-15.8734,4.77562,-3.47481,16.9365,2.84935,-0.206634,,0,0,0,0,0,0,,0,0,0,0,0,0,,-1165.95,-1165.95,0,0,0,0,0,,0.690289,0.690289,0,0,0,0,0,,2.36011e+006,2.36011e+006,0,0,,-104.581,-48.9627,-1.41486,115.484,-2.70372,-0.0122519,,-104.581,-48.9627,-1.41486,115.484,-2.70372,-0.0122519,,0,0,0,0,0,0,,0,0,0,0,0,0,,-1257.6,-1257.6,-0,-0,-0,-0,-0
2.48,,-7.99111,-10.3836,9.78417,16.3526,-2.22672,0.641409,,-7.99111,-10.3836,9.78417,16.3526,-2.22672,0.641409,,0,0,0,0,0,0,,0,0,0,0,0,0,,-1170.66,-1170.66,0,0,0,0,0,,0.990582,0.990582,0,0,0,0,0,,2.51443e+006,2.51443e+006,0,0,,-61.3134,25.7157,159.207,172.532,2.74446,1.17519,,-61.3134,25.7157,159.207,172.532,2.74446,1.17519,,0,0,0,0,0,0,,0,0,0,0,0,0,,-1433.94,-1433.94,-0,-0,-0,-0,-0
2.5,,-9.57381,-0.874318,9.7798,13.7137,-3.05052,0.793965,,-9.57381,-0.874318,9.7798,13.7137,-3.05052,0.793965,,0,0,0,0,0,0,,0,0,0,0,0,0,,-1165.44,-1165.44,0,0,0,0,0,,0.474485,0.474485,0,0,0,0,0,,2.53285e+006,2.53285e+006,0,0,,14.5465,-36.7125,-103.167,110.467,-1.19355,-1.20523,,14.5465,-36.7125,-103.167,110.467,-1.19355,-1.20523,,0,0,0,0,0,0,,0,0,0,0,0,0,,-1158.4,-1158.4,-0,-0,-0,-0,-0
2.52,,-2.41796,3.58704,-5.37884,6.90256,2.16391,-0.893473,,-2.41796,3.58704,-5.37884,6.90256,2.16391,-0.893473,,0,0,0,0,0,0,,0,0,0,0,0,0,,-1154.4,-1154.4,0,0,0,0,0,,0.76371,0.76371,0,0,0,0,0,,2.41977e+006,2.41977e+006,0,0,,20.6025,36.1261,25.8232,48.953,1.05251,0.555666,,20.6025,36.1261,25.8232,48.953,1.05251,0.555666,,0,0,0,0,0,0,,0,0,0,0,0,0,,-1223.1,-1223.1,-0,-0,-0,-0,-0
2.54,,0.846722,-4.49466,4.9117,6.71146,-1.38459,0.821015,,0.846722,-4.49466,4.9117,6.71146,-1.38459,0.821015,,0,0,0,0,0,0,,0,0,0,0,0,0,,-1117.44,-1117.44,0,0,0,0,0,,1.21771,1.21771,0,0,0,0,0,,2.43216e+006,2.43216e+006,0,0,,-68.9734,-2.80516,36.2633,77.9758,-3.10094,0.4837,,-68.9734,-2.80516,36.2633,77.9758,-3.10094,0.4837,,0,0,0,0,0,0,,0,0,0,0,0,0,,-1092.75,-1092.75,-0,-0,-0,-0,-0
2.56,,3.72244,-4.4957,7.17422,9.24864,-0.879214,0.887832,,3.72244,-4.4957,7.17422,9.24864,-0.879214,0.887832,,0,0,0,0,0,0,,0,0,0,0,0,0,,-1103.91,-1103.91,0,0,0,0,0,,0.526497,0.526497,0,0,0,0,0,,1.88064e+006,1.88064e+006,0,0,,-55.6068,6.55154,77.694,95.7674,3.02431,0.946335,,-55.6068,6.55154,77.694,95.7674,3.02431,0.946335,,0,0,0,0,0,0,,0,0,0,0,0,0,,-1077.18,-1077.18,-0,-0,-0,-0,-0
2.58,,0.585343,-3.9275,-3.7632,5.47079,-1.42285,-0.758553,,0.585343,-3.9275,-3.7632,5.47079,-1.42285,-0.758553,,0,0,0,0,0,0,,0,0,0,0,0,0,,-1091.75,-1091.75,0,0,0,0,0,,1.12306,1.12306,0,0,0,0,0,,1.60843e+006,1.60843e+006,0,0,,-4.87393,-20.5178,-8.915,22.8957,-1.80402,-0.399952,,-4.87393,-20.5178,-8.915,22.8957,-1.80402,-0.399952,,0,0,0,0,0,0,,0,0,0,0,0,0,,-1072.19,-1072.19,-0,-0,-0,-0,-0
2.6,,-7.27225,-4.37806,1.0262,8.55021,-2.59969,0.120311,,-7.27225,-4.37806,1.0262,8.55021,-2.59969,0.120311,,0,0,0,0,0,0,,0,0,0,0,0,0,,-1074.47,-1074.47,0,0,0,0,0,,0.569493,0.569493,0,0,0,0,0,,1.9365e+006,1.9365e+006,0,0,,25.4296,58.9736,-53.0247,83.2836,1.16368,-0.69018,,25.4296,58.9736,-53.0247,83.2836,1.16368,-0.69018,,0,0,0,0,0,0,,0,0,0,0,0,0,,-1043.91,-1043.91,-0,-0,-0,-0,-0
2.62,,-0.0268634,2.42766,-0.24649,2.44029,1.58186,-0.101181,,-0.0268634,2.42766,-0.24649,2.44029,1.58186,-0.101181,,0,0,0,0,0,0,,0,0,0,0,0,0,,-1053.62,-1053.62,0,0,0,0,0,,1.05109,1.05109,0,0,0,0,0,,1.3194e+006,1.3194e+006,0,0,,-2.21682,24.966,75.2136,79.2799,1.65936,1.24913,,-2.21682,24.966,75.2136,79.2799,1.65936,1.24913,,0,0,0,0,0,0,,0,0,0,0,0,0,,-1055.04,-1055.04,-0,-0,-0,-0,-0
2.64,,25.9845,8.26735,0.837118,27.2809,0.308037,0.03069,,25.9845,8.26735,0.837118,27.2809,0.308037,0.03069,,0,0,0,0,0,0,,0,0,0,0,0,0,,-1043.58,-1043.58,0,0,0,0,0,,0.644477,0.644477,0,0,0,0,0,,1.46014e+006,1.46014e+006,0,0,,31.8244,-26.7195,-66.6944,78.5803,-0.698422,-1.0136,,31.8244,-26.7195,-66.6944,78.5803,-0.698422,-1.0136,,0,0,0,0,0,0,,0,0,0,0,0,0,,-1032.34,-1032.34,-0,-0,-0,-0,-0
2.66,,9.43136,-0.140322,3.51119,10.0647,-0.0148772,0.356355,,9.43136,-0.140322,3.51119,10.0647,-0.0148772,0.356355,,0,0,0,0,0,0,,0,0,0,0,0,0,,-1050.85,-1050.85,0,0,0,0,0,,0.75825,0.75825,0,0,0,0,0,,1.64804e+006,1.64804e+006,0,0,,-25.7104,-4.91148,11.2938,28.5078,-2.95284,0.407337,,-25.7104,-4.91148,11.2938,28.5078,-2.95284,0.407337,,0,0,0,0,0,0,,0,0,0,0,0,0,,-999.502,-999.502,-0,-0,-0,-0,-0
2.68,,-10.6749,-6.85284,0.0666723,12.6854,-2.57089,0.00525586,,-10.6749,-6.85284,0.0666723,12.6854,-2.57089,0.00525586,,0,0,0,0,0,0,,0,0,0,0,0,0,,-1007.04,-1007.04,0,0,0,0,0,,0.86176,0.86176,0,0,0,0,0,,1.57796e+006,1.57796e+006,0,0,,5.5858,-25.2359,42.6079,49.8346,-1.35297,1.02552,,5.5858,-25.2359,42.6079,49.8346,-1.35297,1.02552,,0,0,0,0,0,0,,0,0,0,0,0,0,,-955.645,-955.645,-0,-0,-0,-0,-0
2.7,,-1.21357,-6.15227,-5.70969,8.48079,-1.76555,-0.738596,,-1.21357,-6.15227,-5.70969,8.48079,-1.76555,-0.738596,,0,0,0,0,0,0,,0,0,0,0,0,0,,-1005.31,-1005.31,0,0,0,0,0,,0.565154,0.565154,0,0,0,0,0,,1.72511e+006,1.72511e+006,0,0,,58.597,-77.1028,81.5744,126.621,-0.920935,0.700031,,58.597,-77.1028,81.5744,126.621,-0.920935,0.700031,,0,0,0,0,0,0,,0,0,0,0,0,0,,-1075.46,-1075.46,-0,-0,-0,-0,-0
2.72,,-12.1024,3.15011,3.18014,12.9037,2.88695,0.249018,,-12.1024,3.15011,3.18014,12.9037,2.88695,0.249018,,0,0,0,0,0,0,,0,0,0,0,0,0,,-988.559,-988.559,0,0,0,0,0,,0.79557,0.79557,0,0,0,0,0,,1.36198e+006,1.36198e+006,0,0,,-30.9582,4.66409,28.6741,42.4543,2.99206,0.741522,,-30.9582,4.66409,28.6741,42.4543,2.99206,0.741522,,0,0,0,0,0,0,,0,0,0,0,0,0,,-853.49,-853.49,-0,-0,-0,-0,-0
2.74,,3.24159,-3.3021,-3.55318,5.83411,-0.794645,-0.654844,,3.24159,-3.3021,-3.55318,5.83411,-0.794645,-0.654844,,0,0,0,0,0,0,,0,0,0,0,0,0,,-967.469,-967.469,0,0,0,0,0,,0.540409,0.540409,0,0,0,0,0,,1.82842e+006,1.82842e+006,0,0,,-43.3117,-50.0805,-18.6469,68.7872,-2.28384,-0.274516,,-43.3117,-50.0805,-18.6469,68.7872,-2.28384,-0.274516,,0,0,0,0,0,0,,0,0,0,0,0,0,,-929.766,-929.766,-0,-0,-0,-0,-0
2.76,,-0.410896,7.34977,-0.135218,7.36249,1.62664,-0.0183669,,-0.410896,7.34977,-0.135218,7.36249,1.62664,-0.0183669,,0,0,0,0,0,0,,0,0,0,0,0,0,,-971.553,-971.553,0,0,0,0,0,,0.571168,0.571168,0,0,0,0,0,,2.00972e+006,2.00972e+006,0,0,,32.5729,38.576,52.2337,72.6461,0.869573,0.802384,,32.5729,38.576,52.2337,72.6461,0.869573,0.802384,,0,0,0,0,0,0,,0,0,0,0,0,0,,-1046.27,-1046.27,-0,-0,-0,-0,-0
2.78,,5.40356,4.70272,3.21972,7.8537,0.716162,0.422412,,5.40356,4.70272,3.21972,7.8537,0.716162,0.422412,,0,0,0,0,0,0,,0,0,0,0,0,0,,-955.662,-955.662,0,0,0,0,0,,0.64238,0.64238,0,0,0,0,0,,1.30917e+006,1.30917e+006,0,0,,54.0255,38.3703,-49.1879,82.5256,0.617556,-0.63855,,54.0255,38.3703,-49.1879,82.5256,0.617556,-0.63855,,0,0,0,0,0,0,,0,0,0,0,0,0,,-840.702,-840.702,-0,-0,-0,-0,-0
2.8,,5.67835,3.83093,9.42159,11.6484,0.593513,0.942158,,5.67835,3.83093,9.42159,11.6484,0.593513,0.942158,,0,0,0,0,0,0,,0,0,0,0,0,0,,-935.169,-935.169,0,0,0,0,0,,0.480897,0.480897,0,0,0,0,0,,1.50684e+006,1.50684e+006,0,0,,-11.6451,47.5088,-5.25803,49.197,1.81117,-0.107082,,-11.6451,47.5088,-5.25803,49.197,1.81117,-0.107082,,0,0,0,0,0,0,,0,0,0,0,0,0,,-834.232,-834.232,-0,-0,-0,-0,-0
2.82,,0.155028,5.56359,-1.63078,5.79974,1.54294,-0.285026,,0.155028,5.56359,-1.63078,5.79974,1.54294,-0.285026,,0,0,0,0,0,0,,0,0,0,0,0,0,,-904.916,-904.916,0,0,0,0,0,,0.629025,0.629025,0,0,0,0,0,,1.68596e+006,1.68596e+006,0,0,,-25.3871,-45.6772,22.2636,56.803,-2.07808,0.402743,,-25.3871,-45.6772,22.2636,56.803,-2.07808,0.402743,,0,0,0,0,0,0,,0,0,0,0,0,0,,-881.348,-881.348,-0,-0,-0,-0,-0
2.84,,-3.67258,-4.34017,4.44823,7.21884,-2.27307,0.663905,,-3.67258,-4.34017,4.44823,7.21884,-2.27307,0.663905,,0,0,0,0,0,0,,0,0,0,0,0,0,,-925.575,-925.575,0,0,0,0,0,,0.498623,0.498623,0,0,0,0,0,,1.33088e+006,1.33088e+006,0,0,,-24.5796,1.98211,23.4438,34.0249,3.06113,0.760133,,-24.5796,1.98211,23.4438,34.0249,3.06113,0.760133,,0,0,0,0,0,0,,0,0,0,0,0,0,,-884.928,-884.928,-0,-0,-0,-0,-0
2.86,,-16.3208,1.84138,8.0098,18.2734,3.02924,0.453742,,-16.3208,1.84138,8.0098,18.2734,3.02924,0.453742,,0,0,0,0,0,0,,0,0,0,0,0,0,,-898.295,-898.295,0,0,0,0,0,,0.680619,0.680619,0,0,0,0,0,,1.24892e+006,1.24892e+006,0,0,,44.7749,24.1926,-44.122,67.356,0.495378,-0.714258,,44.7749,24.1926,-44.122,67.356,0.495378,-0.714258,,0,0,0,0,0,0,,0,0,0,0,0,0,,-891.313,-891.313,-0,-0,-0,-0,-0
2.88,,12.1119,1.44505,0.506068,12.2083,0.118747,0.0414645,,12.1119,1.44505,0.506068,12.2083,0.118747,0.0414645,,0,0,0,0,0,0,,0,0,0,0,0,0,,-905.378,-905.378,0,0,0,0,0,,0.493991,0.493991,0,0,0,0,0,,1.1858e+006,1.1858e+006,0,0,,-20.2627,33.1708,3.44037,39.022,2.11916,0.0882794,,-20.2627,33.1708,3.44037,39.022,2.11916,0.0882794,,0,0,0,0,0,0,,0,0,0,0,0,0,,-967.806,-967.806,-0,-0,-0,-0,-0
2.9,,-3.88246,-1.1892,8.70144,9.60222,-2.84436,1.13419,,-3.88246,-1.1892,8.70144,9.60222,-2.84436,1.13419,,0,0,0,0,0,0,,0,0,0,0,0,0,,-907.33,-907.33,0,0,0,0,0,,0.689795,0.689795,0,0,0,0,0,,1.13463e+006,1.13463e+006,0,0,,7.25482,-29.5932,-32.9827,44.9027,-1.33039,-0.824986,,7.25482,-29.5932,-32.9827,44.9027,-1.33039,-0.824986,,0,0,0,0,0,0,,0,0,0,0,0,0,,-866.053,-866.053,-0,-0,-0,-0,-0
2.92,,-2.14466,-7.00781,-1.47177,7.47496,-1.86778,-0.198188,,-2.14466,-7.00781,-1.47177,7.47496,-1.86778,-0.198188,,0,0,0,0,0,0,,0,0,0,0,0,0,,-879.738,-879.738,0,0,0,0,0,,0.414053,0.414053,0,0,0,0,0,,1.47128e+006,1.47128e+006,0,0,,4.44446,12.0265,0.287761,12.8247,1.21681,0.02244,,4.44446,12.0265,0.287761,12.8247,1.21681,0.02244,,0,0,0,0,0,0,,0,0,0,0,0,0,,-882.667,-882.667,-0,-0,-0,-0,-0
2.94,,-5.29557,-2.30419,6.45365,8.66037,-2.73118,0.840825,,-5.29557,-2.30419,6.45365,8.66037,-2.73118,0.840825,,0,0,0,0,0,0,,0,0,0,0,0,0,,-873.1,-873.1,0,0,0,0,0,,0.567279,0.567279,0,0,0,0,0,,1.15089e+006,1.15089e+006,0,0,,-16.9078,43.5812,-48.1464,67.1064,1.94088,-0.800154,,-16.9078,43.5812,-48.1464,67.1064,1.94088,-0.800154,,0,0,0,0,0,0,,0,0,0,0,0,0,,-891.938,-891.938,-0,-0,-0,-0,-0
2.96,,-7.01812,-17.458,-2.27739,18.9532,-1.95303,-0.12045,,-7.01812,-17.458,-2.27739,18.9532,-1.95303,-0.12045,,0,0,0,0,0,0,,0,0,0,0,0,0,,-840.69,-840.69,0,0,0,0,0,,0.714788,0.714788,0,0,0,0,0,,807220,807220,0,0,,-6.2566,18.0567,-5.68483,19.9376,1.90435,-0.289144,,-6.2566,18.0567,-5.68483,19.9376,1.90435,-0.289144,,0,0,0,0,0,0,,0,0,0,0,0,0,,-787.375,-787.375,-0,-0,-0,-0,-0
2.98,,-2.58231,-1.61177,6.9541,7.59116,-2.5836,1.15819,,-2.58231,-1.61177,6.9541,7.59116,-2.5836,1.15819,,0,0,0,0,0,0,,0,0,0,0,0,0,,-824.361,-824.361,0,0,0,0,0,,0.723258,0.723258,0,0,0,0,0,,1.39825e+006,1.39825e+006,0,0,,-27.3077,-3.01836,37.3201,46.3423,-3.03151,0.936205,,-27.3077,-3.01836,37.3201,46.3423,-3.03151,0.936205,,0,0,0,0,0,0,,0,0,0,0,0,0,,-756.867,-756.867,-0,-0,-0,-0,-0
3,,2.3334,-5.03249,3.37504,6.4932,-1.13664,0.546595,,2.3334,-5.03249,3.37504,6.4932,-1.13664,0.546595,,0,0,0,0,0,0,,0,0,0,0,0,0,,-845.046,-845.046,0,0,0,0,0,,0.386593,0.386593,0,0,0,0,0,,1.07007e+006,1.07007e+006,0,0,,24.3804,35.5852,15.7353,45.9164,0.970121,0.349784,,24.3804,35.5852,15.7353,45.9164,0.970121,0.349784,,0,0,0,0,0,0,,0,0,0,0,0,0,,-853.507,-853.507,-0,-0,-0,-0,-0
3.02,,-7.75692,2.04126,-5.73621,9.86107,2.88427,-0.62082,,-7.75692,2.04126,-5.73621,9.86107,2.88427,-0.62082,,0,0,0,0,0,0,,0,0,0,0,0,0,,-839.195,-839.195,0,0,0,0,0,,0.568919,0.568919,0,0,0,0,0,,1.07752e+006,1.07752e+006,0,0,,-4.40666,-24.431,19.0348,31.2829,-1.74925,0.654136,,-4.40666,-24.431,19.0348,31.2829,-1.74925,0.654136,,0,0,0,0,0,0,,0,0,0,0,0,0,,-805.751,-805.751,-0,-0,-0,-0,-0
3.04,,3.39064,-8.97589,9.05318,13.1918,-1.20962,0.756354,,3.39064,-8.97589,9.05318,13.1918,-1.20962,0.756354,,0,0,0,0,0,0,,0,0,0,0,0,0,,-815.926,-815.926,0,0,0,0,0,,0.749467,0.749467,0,0,0,0,0,,1.08989e+006,1.08989e+006,0,0,,-27.724,91.0989,-4.72524,95.3413,1.86622,-0.0495816,,-27.724,91.0989,-4.72524,95.3413,1.86622,-0.0495816,,0,0,0,0,0,0,,0,0,0,0,0,0,,-852.146,-852.146,-0,-0,-0,-0,-0
3.06,,0.257892,-10.1566,-4.32348,11.0415,-1.54541,-0.402331,,0.257892,-10.1566,-4.32348,11.0415,-1.54541,-0.402331,,0,0,0,0,0,0,,0,0,0,0,0,0,,-795.447,-795.447,0,0,0,0,0,,0.574761,0.574761,0,0,0,0,0,,843001,843001,0,0,,-29.3242,-16.7828,-7.51654,34.6131,-2.62178,-0.218903,,-29.3242,-16.7828,-7.51654,34.6131,-2.62178,-0.218903,,0,0,0,0,0,0,,0,0,0,0,0,0,,-648.275,-648.275,-0,-0,-0,-0,-0
3.08,,-2.32061,5.77474,9.01333,10.9532,1.9529,0.966485,,-2.32061,5.77474,9.01333,10.9532,1.9529,0.966485,,0,0,0,0,0,0,,0,0,0,0,0,0,,-801.834,-801.834,0,0,0,0,0,,0.3679,0.3679,0,0,0,0,0,,831795,831795,0,0,,2.15651,-51.5034,-0.716629,51.5535,-1.52895,-0.0139011,,2.15651,-51.5034,-0.716629,51.5535,-1.52895,-0.0139011,,0,0,0,0,0,0,,0,0,0,0,0,0,,-886.128,-886.128,-0,-0,-0,-0,-0
3.1,,7.89101,4.13654,2.48926,9.2507,0.482826,0.272447,,7.89101,4.13654,2.48926,9.2507,0.482826,0.272447,,0,0,0,0,0,0,,0,0,0,0,0,0,,-794.81,-794.81,0,0,0,0,0,,0.511248,0.511248,0,0,0,0,0,,1.13486e+006,1.13486e+006,0,0,,72.5608,-30.9369,23.0653,82.1838,-0.40302,0.284476,,72.5608,-30.9369,23.0653,82.1838,-0.40302,0.284476,,0,0,0,0,0,0,,0,0,0,0,0,0,,-849.266,-849.266,-0,-0,-0,-0,-0
3.12,,15.3815,-6.63145,-13.0435,21.2297,-0.407054,-0.661626,,15.3815,-6.63145,-13.0435,21.2297,-0.407054,-0.661626,,0,0,0,0,0,0,,0,0,0,0,0,0,,-752.525,-752.525,0,0,0,0,0,,0.555124,0.555124,0,0,0,0,0,,915822,915822,0,0,,-8.79571,19.2501,10.3277,23.5498,1.99939,0.45398,,-8.79571,19.2501,10.3277,23.5498,1.99939,0.45398,,0,0,0,0,0,0,,0,0,0,0,0,0,,-826.015,-826.015,-0,-0,-0,-0,-0
3.14,,-4.03146,-1.19781,-11.1492,11.916,-2.85278,-1.21009,,-4.03146,-1.19781,-11.1492,11.916,-2.85278,-1.21009,,0,0,0,0,0,0,,0,0,0,0,0,0,,-784.43,-784.43,0,0,0,0,0,,0.445578,0.445578,0,0,0,0,0,,1.00791e+006,1.00791e+006,0,0,,21.0367,-12.9902,-16.2292,29.5749,-0.553188,-0.580868,,21.0367,-12.9902,-16.2292,29.5749,-0.553188,-0.580868,,0,0,0,0,0,0,,0,0,0,0,0,0,,-776.498,-776.498,-0,-0,-0,-0,-0
3.16,,1.46619,5.73448,1.96881,6.2378,1.32048,0.321116,,1.46619,5.73448,1.96881,6.2378,1.32048,0.321116,,0,0,0,0,0,0,,0,0,0,0,0,0,,-742.108,-742.108,0,0,0,0,0,,0.351195,0.351195,0,0,0,0,0,,1.06685e+006,1.06685e+006,0,0,,19.239,30.4252,3.23926,36.1431,1.00694,0.0897435,,19.239,30.4252,3.23926,36.1431,1.00694,0.0897435,,0,0,0,0,0,0,,0,0,0,0,0,0,,-767.245,-767.245,-0,-0,-0,-0,-0
3.18,,-3.41423,-1.37785,8.71144,9.45752,-2.75802,1.17093,,-3.41423,-1.37785,8.71144,9.45752,-2.75802,1.17093,,0,0,0,0,0,0,,0,0,0,0,0,0,,-758.465,-758.465,0,0,0,0,0,,0.401509,0.401509,0,0,0,0,0,,1.24454e+006,1.24454e+006,0,0,,55.2372,-22.1618,-13.5882,61.0486,-0.381551,-0.22446,,55.2372,-22.1618,-13.5882,61.0486,-0.381551,-0.22446,,0,0,0,0,0,0,,0,0,0,0,0,0,,-813.493,-813.493,-0,-0,-0,-0,-0
3.2,,-5.12746,3.15692,-1.1349,6.1274,2.58972,-0.186292,,-5.12746,3.15692,-1.1349,6.1274,2.58972,-0.186292,,0,0,0,0,0,0,,0,0,0,0,0,0,,-741.419,-741.419,0,0,0,0,0,,0.418643,0.418643,0,0,0,0,0,,796461,796461,0,0,,54.2655,24.7094,44.5348,74.4221,0.427288,0.641514,,54.2655,24.7094,44.5348,74.4221,0.427288,0.641514,,0,0,0,0,0,0,,0,0,0,0,0,0,,-810.978,-810.978,-0,-0,-0,-0,-0
3.22,,-2.96386,-8.05605,-6.77631,10.9363,-1.92333,-0.668254,,-2.96386,-8.05605,-6.77631,10.9363,-1.92333,-0.668254,,0,0,0,0,0,0,,0,0,0,0,0,0,,-735.661,-735.661,0,0,0,0,0,,0.32177,0.32177,0,0,0,0,0,,888503,888503,0,0,,36.5288,19.7882,-23.1917,47.5792,0.49646,-0.509149,,36.5288,19.7882,-23.1917,47.5792,0.49646,-0.509149,,0,0,0,0,0,0,,0,0,0,0,0,0,,-782.453,-782.453,-0,-0,-0,-0,-0
3.24,,0.424188,-11.8132,4.75004,12.7395,-1.5349,0.382089,,0.424188,-11.8132,4.75004,12.7395,-1.5349,0.382089,,0,0,0,0,0,0,,0,0,0,0,0,0,,-726.672,-726.672,0,0,0,0,0,,0.415287,0.415287,0,0,0,0,0,,745649,745649,0,0,,1.15115,-29.1492,8.67775,30.4353,-1.53133,0.289133,,1.15115,-29.1492,8.67775,30.4353,-1.53133,0.289133,,0,0,0,0,0,0,,0,0,0,0,0,0,,-817.237,-817.237,-0,-0,-0,-0,-0
3.26,,-4.34977,-0.345087,-6.5419,7.86359,-3.06242,-0.982564,,-4.34977,-0.345087,-6.5419,7.86359,-3.06242,-0.982564,,0,0,0,0,0,0,,0,0,0,0,0,0,,-721.611,-721.611,0,0,0,0,0,,0.307031,0.307031,0,0,0,0,0,,831860,831860,0,0,,52.8038,-8.42526,-49.5872,72.9254,-0.158224,-0.747723,,52.8038,-8.42526,-49.5872,72.9254,-0.158224,-0.747723,,0,0,0,0,0,0,,0,0,0,0,0,0,,-623.404,-623.404,-0,-0,-0,-0,-0
3.28,,-1.72981,-0.217212,-2.20471,2.81073,-3.01668,-0.901716,,-1.72981,-0.217212,-2.20471,2.81073,-3.01668,-0.901716,,0,0,0,0,0,0,,0,0,0,0,0,0,,-754.635,-754.635,0,0,0,0,0,,0.658357,0.658357,0,0,0,0,0,,942815,942815,0,0,,-9.69957,20.9592,-4.20911,23.4752,2.00423,-0.180275,,-9.69957,20.9592,-4.20911,23.4752,2.00423,-0.180275,,0,0,0,0,0,0,,0,0,0,0,0,0,,-771.096,-771.096,-0,-0,-0,-0,-0
3.3,,2.06924,12.6259,10.2962,16.4228,1.40835,0.677625,,2.06924,12.6259,10.2962,16.4228,1.40835,0.677625,,0,0,0,0,0,0,,0,0,0,0,0,0,,-720.358,-720.358,0,0,0,0,0,,0.386058,0.386058,0,0,0,0,0,,990087,990087,0,0,,-38.9285,1.2023,-15.86,42.0525,3.11072,-0.386714,,-38.9285,1.2023,-15.86,42.0525,3.11072,-0.386714,,0,0,0,0,0,0,,0,0,0,0,0,0,,-676.984,-676.984,-0,-0,-0,-0,-0
3.32,,-7.20416,2.45781,0.784166,7.65217,2.81281,0.102657,,-7.20416,2.45781,0.784166,7.65217,2.81281,0.102657,,0,0,0,0,0,0,,0,0,0,0,0,0,,-706.947,-706.947,0,0,0,0,0,,0.354101,0.354101,0,0,0,0,0,,843952,843952,0,0,,10.3098,-40.3057,-14.2644,43.9808,-1.32038,-0.330305,,10.3098,-40.3057,-14.2644,43.9808,-1.32038,-0.330305,,0,0,0,0,0,0,,0,0,0,0,0,0,,-730.051,-730.051,-0,-0,-0,-0,-0
3.34,,6.11129,7.42328,8.82094,13.0484,0.882032,0.742341,,6.11129,7.42328,8.82094,13.0484,0.882032,0.742341,,0,0,0,0,0,0,,0,0,0,0,0,0,,-718.296,-718.296,0,0,0,0,0,,0.299596,0.299596,0,0,0,0,0,,843283,843283,0,0,,-25.7576,29.0209,12.6432,40.8107,2.29669,0.314984,,-25.7576,29.0209,12.6432,40.8107,2.29669,0.314984,,0,0,0,0,0,0,,0,0,0,0,0,0,,-750.348,-750.348,-0,-0,-0,-0,-0
3.36,,0.539709,1.324,-0.814057,1.64528,1.18372,-0.517586,,0.539709,1.324,-0.814057,1.64528,1.18372,-0.517586,,0,0,0,0,0,0,,0,0,0,0,0,0,,-678.989,-678.989,0,0,0,0,0,,0.442626,0.442626,0,0,0,0,0,,662067,662067,0,0,,-4.32567,-46.8501,-4.15423,47.2324,-1.66287,-0.0880668,,-4.32567,-46.8501,-4.15423,47.2324,-1.66287,-0.0880668,,0,0,0,0,0,0,,0,0,0,0,0,0,,-740.441,-740.441,-0,-0,-0,-0,-0
3.38,,-2.77077,7.60612,-5.93522,10.0378,1.92014,-0.632655,,-2.77077,7.60612,-5.93522,10.0378,1.92014,-0.632655,,0,0,0,0,0,0,,0,0,0,0,0,0,,-688.504,-688.504,0,0,0,0,0,,0.405353,0.405353,0,0,0,0,0,,867935,867935,0,0,,18.755,26.1219,6.30427,32.7696,0.948105,0.193588,,18.755,26.1219,6.30427,32.7696,0.948105,0.193588,,0,0,0,0,0,0,,0,0,0,0,0,0,,-676.449,-676.449,-0,-0,-0,-0,-0
3.4,,-0.118685,1.91962,-0.901963,2.12428,1.63255,-0.438517,,-0.118685,1.91962,-0.901963,2.12428,1.63255,-0.438517,,0,0,0,0,0,0,,0,0,0,0,0,0,,-690.262,-690.262,0,0,0,0,0,,0.361313,0.361313,0,0,0,0,0,,862358,862358,0,0,,8.46873,-70.0285,34.5041,78.5255,-1.45045,0.45493,,8.46873,-70.0285,34.5041,78.5255,-1.45045,0.45493,,0,0,0,0,0,0,,0,0,0,0,0,0,,-718.646,-718.646,-0,-0,-0,-0,-0
3.42,,1.71422,-3.12354,2.09489,4.13323,-1.06887,0.531515,,1.71422,-3.12354,2.09489,4.13323,-1.06887,0.531515,,0,0,0,0,0,0,,0,0,0,0,0,0,,-660.789,-660.789,0,0,0,0,0,,0.336026,0.336026,0,0,0,0,0,,794558,794558,0,0,,-14.5601,29.0065,-11.9828,34.5971,2.03601,-0.35368,,-14.5601,29.0065,-11.9828,34.5971,2.03601,-0.35368,,0,0,0,0,0,0,,0,0,0,0,0,0,,-656.922,-656.922,-0,-0,-0,-0,-0
3.44,,-4.65704,1.29925,-1.83336,5.17081,2.86952,-0.362444,,-4.65704,1.29925,-1.83336,5.17081,2.86952,-0.362444,,0,0,0,0,0,0,,0,0,0,0,0,0,,-657.139,-657.139,0,0,0,0,0,,0.332076,0.332076,0,0,0,0,0,,683495,683495,0,0,,-40.7544,10.6793,5.38596,42.4733,2.88531,0.12715,,-40.7544,10.6793,5.38596,42.4733,2.88531,0.12715,,0,0,0,0,0,0,,0,0,0,0,0,0,,-572.174,-572.174,-0,-0,-0,-0,-0
3.46,,8.34914,-6.09618,-8.46975,13.3644,-0.63068,-0.686395,,8.34914,-6.09618,-8.46975,13.3644,-0.63068,-0.686395,,0,0,0,0,0,0,,0,0,0,0,0,0,,-647.556,-647.556,0,0,0,0,0,,0.35791,0.35791,0,0,0,0,0,,537561,537561,0,0,,-19.5749,3.34185,-15.3133,25.0767,2.9725,-0.65689,,-19.5749,3.34185,-15.3133,25.0767,2.9725,-0.65689,,0,0,0,0,0,0,,0,0,0,0,0,0,,-677.21,-677.21,-0,-0,-0,-0,-0
3.48,,1.47147,2.55234,2.9374,4.16028,1.04782,0.783915,,1.47147,2.55234,2.9374,4.16028,1.04782,0.783915,,0,0,0,0,0,0,,0,0,0,0,0,0,,-652.21,-652.21,0,0,0,0,0,,0.390911,0.390911,0,0,0,0,0,,781549,781549,0,0,,-38.4148,33.364,-24.3842,56.422,2.42645,-0.446904,,-38.4148,33.364,-24.3842,56.422,2.42645,-0.446904,,0,0,0,0,0,0,,0,0,0,0,0,0,,-640.998,-640.998,-0,-0,-0,-0,-0
3.5,,-8.41474,-3.72359,-2.06335,9.43029,-2.72499,-0.220585,,-8.41474,-3.72359,-2.06335,9.43029,-2.72499,-0.220585,,0,0,0,0,0,0,,0,0,0,0,0,0,,-635.407,-635.407,0,0,0,0,0,,0.249655,0.249655,0,0,0,0,0,,661171,661171,0,0,,-5.33299,-21.5839,45.0514,50.2388,-1.81303,1.11236,,-5.33299,-21.5839,45.0514,50.2388,-1.81303,1.11236,,0,0,0,0,0,0,,0,0,0,0,0,0,,-593.44,-593.44,-0,-0,-0,-0,-0
3.52,,-4.26151,-0.648853,4.15779,5.98905,-2.99049,0.767353,,-4.26151,-0.648853,4.15779,5.98905,-2.99049,0.767353,,0,0,0,0,0,0,,0,0,0,0,0,0,,-638.797,-638.797,0,0,0,0,0,,0.368569,0.368569,0,0,0,0,0,,442762,442762,0,0,,-50.1434,6.63094,-11.3486,51.8374,3.01012,-0.220715,,-50.1434,6.63094,-11.3486,51.8374,3.01012,-0.220715,,0,0,0,0,0,0,,0,0,0,0,0,0,,-663.808,-663.808,-0,-0,-0,-0,-0
3.54,,1.45737,12.4757,-2.11878,12.738,1.45451,-0.167112,,1.45737,12.4757,-2.11878,12.738,1.45451,-0.167112,,0,0,0,0,0,0,,0,0,0,0,0,0,,-623.494,-623.494,0,0,0,0,0,,0.360034,0.360034,0,0,0,0,0,,839195,839195,0,0,,18.3725,31.3878,35.6121,50.9015,1.04123,0.774876,,18.3725,31.3878,35.6121,50.9015,1.04123,0.774876,,0,0,0,0,0,0,,0,0,0,0,0,0,,-631.494,-631.494,-0,-0,-0,-0,-0
3.56,,-5.73284,11.1155,0.21939,12.5087,2.04697,0.0175398,,-5.73284,11.1155,0.21939,12.5087,2.04697,0.0175398,,0,0,0,0,0,0,,0,0,0,0,0,0,,-623.509,-623.509,0,0,0,0,0,,0.305031,0.305031,0,0,0,0,0,,520057,520057,0,0,,-14.6325,6.43645,3.99572,16.4774,2.72719,0.24494,,-14.6325,6.43645,3.99572,16.4774,2.72719,0.24494,,0,0,0,0,0,0,,0,0,0,0,0,0,,-660.061,-660.061,-0,-0,-0,-0,-0
3.58,,-4.75742,8.71941,-1.2009,10.0052,2.07026,-0.120318,,-4.75742,8.71941,-1.2009,10.0052,2.07026,-0.120318,,0,0,0,0,0,0,,0,0,0,0,0,0,,-612.523,-612.523,0,0,0,0,0,,0.247199,0.247199,0,0,0,0,0,,668818,668818,0,0,,7.24425,5.33733,-35.8552,36.967,0.634979,-1.32492,,7.24425,5.33733,-35.8552,36.967,0.634979,-1.32492,,0,0,0,0,0,0,,0,0,0,0,0,0,,-629.199,-629.199,-0,-0,-0,-0,-0
3.6,,-4.49104,1.53839,-4.10893,6.27849,2.81157,-0.71345,,-4.49104,1.53839,-4.10893,6.27849,2.81157,-0.71345,,0,0,0,0,0,0,,0,0,0,0,0,0,,-618.042,-618.042,0,0,0,0,0,,0.192363,0.192363,0,0,0,0,0,,917235,917235,0,0,,56.1257,-36.3127,18.427,69.3417,-0.574255,0.268973,,56.1257,-36.3127,18.427,69.3417,-0.574255,0.268973,,0,0,0,0,0,0,,0,0,0,0,0,0,,-554.429,-554.429,-0,-0,-0,-0,-0
3.62,,1.20707,1.32446,-0.713703,1.92888,0.831736,-0.379019,,1.20707,1.32446,-0.713703,1.92888,0.831736,-0.379019,,0,0,0,0,0,0,,0,0,0,0,0,0,,-570.882,-570.882,0,0,0,0,0,,0.358257,0.358257,0,0,0,0,0,,550837,550837,0,0,,-23.8857,-10.3985,5.83208,26.6958,-2.73099,0.22024,,-23.8857,-10.3985,5.83208,26.6958,-2.73099,0.22024,,0,0,0,0,0,0,,0,0,0,0,0,0,,-489.946,-489.946,-0,-0,-0,-0,-0
3.64,,0.0184772,0.432173,-6.13251,6.14775,1.52807,-1.50038,,0.0184772,0.432173,-6.13251,6.14775,1.52807,-1.50038,,0,0,0,0,0,0,,0,0,0,0,0,0,,-608.236,-608.236,0,0,0,0,0,,0.448342,0.448342,0,0,0,0,0,,510417,510417,0,0,,10.1184,21.2881,-24.0068,33.6436,1.1271,-0.794569,,10.1184,21.2881,-24.0068,33.6436,1.1271,-0.794569,,0,0,0,0,0,0,,0,0,0,0,0,0,,-613.604,-613.604,-0,-0,-0,-0,-0
3.66,,3.52576,-1.84014,9.16139,9.9874,-0.481023,1.16123,,3.52576,-1.84014,9.16139,9.9874,-0.481023,1.16123,,0,0,0,0,0,0,,0,0,0,0,0,0,,-592.424,-592.424,0,0,0,0,0,,0.185566,0.185566,0,0,0,0,0,,677726,677726,0,0,,17.1043,14.5216,11.0452,25.0086,0.703917,0.457444,,17.1043,14.5216,11.0452,25.0086,0.703917,0.457444,,0,0,0,0,0,0,,0,0,0,0,0,0,,-551.328,-551.328,-0,-0,-0,-0,-0
3.68,,-0.00873488,-4.75425,7.43719,8.82693,-1.57263,1.00201,,-0.00873488,-4.75425,7.43719,8.82693,-1.57263,1.00201,,0,0,0,0,0,0,,0,0,0,0,0,0,,-580.339,-580.339,0,0,0,0,0,,0.345775,0.345775,0,0,0,0,0,,631026,631026,0,0,,-29.4228,-8.15672,41.3313,51.3858,-2.87116,0.93455,,-29.4228,-8.15672,41.3313,51.3858,-2.87116,0.93455,,0,0,0,0,0,0,,0,0,0,0,0,0,,-692.894,-692.894,-0,-0,-0,-0,-0
3.7,,7.07446,6.22093,1.16947,9.49293,0.721289,0.123507,,7.07446,6.22093,1.16947,9.49293,0.721289,0.123507,,0,0,0,0,0,0,,0,0,0,0,0,0,,-593.092,-593.092,0,0,0,0,0,,0.253308,0.253308,0,0,0,0,0,,508851,508851,0,0,,28.2885,51.1385,-11.6094,59.5832,1.06552,-0.196098,,28.2885,51.1385,-11.6094,59.5832,1.06552,-0.196098,,0,0,0,0,0,0,,0,0,0,0,0,0,,-570.121,-570.121,-0,-0,-0,-0,-0
3.72,,-2.76126,-2.97577,4.21041,5.8487,-2.31882,0.803641,,-2.76126,-2.97577,4.21041,5.8487,-2.31882,0.803641,,0,0,0,0,0,0,,0,0,0,0,0,0,,-552.928,-552.928,0,0,0,0,0,,0.35702,0.35702,0,0,0,0,0,,668914,668914,0,0,,-83.4409,-0.5082,1.63527,83.4584,-3.1355,0.0195951,,-83.4409,-0.5082,1.63527,83.4584,-3.1355,0.0195951,,0,0,0,0,0,0,,0,0,0,0,0,0,,-613.036,-613.036,-0,-0,-0,-0,-0
3.74,,-0.0645626,-4.50019,2.29014,5.04981,-1.58514,0.470699,,-0.0645626,-4.50019,2.29014,5.04981,-1.58514,0.470699,,0,0,0,0,0,0,,0,0,0,0,0,0,,-597.832,-597.832,0,0,0,0,0,,0.236169,0.236169,0,0,0,0,0,,703531,703531,0,0,,-30.4704,-4.63163,61.7053,68.9742,-2.99074,1.10757,,-30.4704,-4.63163,61.7053,68.9742,-2.99074,1.10757,,0,0,0,0,0,0,,0,0,0,0,0,0,,-601.498,-601.498,-0,-0,-0,-0,-0
3.76,,-1.58879,-1.01901,9.91542,10.0935,-2.5713,1.38269,,-1.58879,-1.01901,9.91542,10.0935,-2.5713,1.38269,,0,0,0,0,0,0,,0,0,0,0,0,0,,-603.072,-603.072,0,0,0,0,0,,0.253639,0.253639,0,0,0,0,0,,408562,408562,0,0,,-29.6399,16.0244,-13.4764,36.2894,2.64597,-0.380474,,-29.6399,16.0244,-13.4764,36.2894,2.64597,-0.380474,,0,0,0,0,0,0,,0,0,0,0,0,0,,-670.231,-670.231,-0,-0,-0,-0,-0
3.78,,-2.14249,-1.99606,-1.31589,3.21031,-2.39156,-0.42234,,-2.14249,-1.99606,-1.31589,3.21031,-2.39156,-0.42234,,0,0,0,0,0,0,,0,0,0,0,0,0,,-551.17,-551.17,0,0,0,0,0,,0.362067,0.362067,0,0,0,0,0,,626643,626643,0,0,,70.4264,13.7815,-14.4355,73.1996,0.193245,-0.198508,,70.4264,13.7815,-14.4355,73.1996,0.193245,-0.198508,,0,0,0,0,0,0,,0,0,0,0,0,0,,-685.978,-685.978,-0,-0,-0,-0,-0
3.8,,0.676554,1.00292,5.09456,5.23623,0.977332,1.33765,,0.676554,1.00292,5.09456,5.23623,0.977332,1.33765,,0,0,0,0,0,0,,0,0,0,0,0,0,,-575.384,-575.384,0,0,0,0,0,,0.248695,0.248695,0,0,0,0,0,,527653,527653,0,0,,7.29461,-5.22188,39.5351,40.5402,-0.621288,1.34766,,7.29461,-5.22188,39.5351,40.5402,-0.621288,1.34766,,0,0,0,0,0,0,,0,0,0,0,0,0,,-550.399,-550.399,-0,-0,-0,-0,-0
3.82,,1.80447,-0.677043,2.36257,3.04897,-0.358949,0.886516,,1.80447,-0.677043,2.36257,3.04897,-0.358949,0.886516,,0,0,0,0,0,0,,0,0,0,0,0,0,,-535.331,-535.331,0,0,0,0,0,,0.327606,0.327606,0,0,0,0,0,,541540,541540,0,0,,-3.36559,11.7913,-29.0699,31.5503,1.84883,-1.17162,,-3.36559,11.7913,-29.0699,31.5503,1.84883,-1.17162,,0,0,0,0,0,0,,0,0,0,0,0,0,,-479.552,-479.552,-0,-0,-0,-0,-0
3.84,,7.52091,-8.35856,-9.10909,14.4708,-0.8381,-0.680883,,7.52091,-8.35856,-9.10909,14.4708,-0.8381,-0.680883,,0,0,0,0,0,0,,0,0,0,0,0,0,,-551.376,-551.376,0,0,0,0,0,,0.550533,0.550533,0,0,0,0,0,,585936,585936,0,0,,5.5122,15.6739,20.3298,26.2556,1.23263,0.885612,,5.5122,15.6739,20.3298,26.2556,1.23263,0.885612,,0,0,0,0,0,0,,0,0,0,0,0,0,,-780.779,-780.779,-0,-0,-0,-0,-0
3.86,,4.77152,-4.4373,2.20752,6.87969,-0.749121,0.326653,,4.77152,-4.4373,2.20752,6.87969,-0.749121,0.326653,,0,0,0,0,0,0,,0,0,0,0,0,0,,-546.538,-546.538,0,0,0,0,0,,0.309875,0.309875,0,0,0,0,0,,733755,733755,0,0,,49.6239,48.1414,-19.7307,71.8987,0.770236,-0.27799,,49.6239,48.1414,-19.7307,71.8987,0.770236,-0.27799,,0,0,0,0,0,0,,0,0,0,0,0,0,,-532.994,-532.994,-0,-0,-0,-0,-0
3.88,,-0.646529,-0.698028,-0.0365701,0.952145,-2.31791,-0.0384176,,-0.646529,-0.698028,-0.0365701,0.952145,-2.31791,-0.0384176,,0,0,0,0,0,0,,0,0,0,0,0,0,,-545.925,-545.925,0,0,0,0,0,,0.333266,0.333266,0,0,0,0,0,,383823,383823,0,0,,-27.4396,11.8506,32.2329,43.9583,2.73391,0.823106,,-27.4396,11.8506,32.2329,43.9583,2.73391,0.823106,,0,0,0,0,0,0,,0,0,0,0,0,0,,-607.778,-607.778,-0,-0,-0,-0,-0
3.9,,-4.10136,4.13465,8.15747,10.023,2.35215,0.950789,,-4.10136,4.13465,8.15747,10.023,2.35215,0.950789,,0,0,0,0,0,0,,0,0,0,0,0,0,,-539.242,-539.242,0,0,0,0,0,,0.176349,0.176349,0,0,0,0,0,,657477,657477,0,0,,-18.8277,50.1158,-0.649257,53.5397,1.93017,-0.0121269,,-18.8277,50.1158,-0.649257,53.5397,1.93017,-0.0121269,,0,0,0,0,0,0,,0,0,0,0,0,0,,-600.571,-600.571,-0,-0,-0,-0,-0
3.92,,11.6016,2.04075,2.01224,11.9503,0.174121,0.169189,,11.6016,2.04075,2.01224,11.9503,0.174121,0.169189,,0,0,0,0,0,0,,0,0,0,0,0,0,,-542.681,-542.681,0,0,0,0,0,,0.224742,0.224742,0,0,0,0,0,,556965,556965,0,0,,-3.66332,69.5081,46.8599,83.9085,1.62345,0.592533,,-3.66332,69.5081,46.8599,83.9085,1.62345,0.592533,,0,0,0,0,0,0,,0,0,0,0,0,0,,-488.31,-488.31,-0,-0,-0,-0,-0
3.94,,6.33291,0.8689,-5.02197,8.12902,0.136353,-0.665921,,6.33291,0.8689,-5.02197,8.12902,0.136353,-0.665921,,0,0,0,0,0,0,,0,0,0,0,0,0,,-516.444,-516.444,0,0,0,0,0,,0.22321,0.22321,0,0,0,0,0,,568046,568046,0,0,,5.36642,-44.3218,-25.2157,51.2743,-1.4503,-0.514134,,5.36642,-44.3218,-25.2157,51.2743,-1.4503,-0.514134,,0,0,0,0,0,0,,0,0,0,0,0,0,,-621.179,-621.179,-0,-0,-0,-0,-0
3.96,,-8.26913,0.740117,8.65003,11.9896,3.05233,0.805915,,-8.26913,0.740117,8.65003,11.9896,3.05233,0.805915,,0,0,0,0,0,0,,0,0,0,0,0,0,,-517.395,-517.395,0,0,0,0,0,,0.134162,0.134162,0,0,0,0,0,,596164,596164,0,0,,11.9937,13.8161,3.68901,18.6639,0.855888,0.198965,,11.9937,13.8161,3.68901,18.6639,0.855888,0.198965,,0,0,0,0,0,0,,0,0,0,0,0,0,,-461.683,-461.683,-0,-0,-0,-0,-0
3.98,,-7.71178,5.55596,0.940963,9.55121,2.51727,0.0986777,,-7.71178,5.55596,0.940963,9.55121,2.51727,0.0986777,,0,0,0,0,0,0,,0,0,0,0,0,0,,-514.211,-514.211,0,0,0,0,0,,0.284457,0.284457,0,0,0,0,0,,424359,424359,0,0,,18.618,-15.714,-53.3534,58.6527,-0.701013,-1.14244,,18.618,-15.714,-53.3534,58.6527,-0.701013,-1.14244,,0,0,0,0,0,0,,0,0,0,0,0,0,,-602.762,-602.762,-0,-0,-0,-0,-0
4,,-0.768339,3.02709,-0.149319,3.12665,1.81937,-0.0477751,,-0.768339,3.02709,-0.149319,3.12665,1.81937,-0.0477751,,0,0,0,0,0,0,,0,0,0,0,0,0,,-515.939,-515.939,0,0,0,0,0,,0.19434,0.19434,0,0,0,0,0,,611126,611126,0,0,,-8.92403,-50.438,-23.4907,56.3511,-1.74591,-0.429991,,-8.92403,-50.438,-23.4907,56.3511,-1.74591,-0.429991,,0,0,0,0,0,0,,0,0,0,0,0,0,,-488.599,-488.599,-0,-0,-0,-0,-0
4.02,,-1.45977,0.928786,-5.19738,5.47781,2.57494,-1.24944,,-1.45977,0.928786,-5.19738,5.47781,2.57494,-1.24944,,0,0,0,0,0,0,,0,0,0,0,0,0,,-516.439,-516.439,0,0,0,0,0,,0.26755,0.26755,0,0,0,0,0,,504728,504728,0,0,,-5.18352,-6.10703,-7.22538,10.7875,-2.27458,-0.733926,,-5.18352,-6.10703,-7.22538,10.7875,-2.27458,-0.733926,,0,0,0,0,0,0,,0,0,0,0,0,0,,-459.553,-459.553,-0,-0,-0,-0,-0
4.04,,2.00583,2.74572,7.87153,8.57457,0.939873,1.16303,,2.00583,2.74572,7.87153,8.57457,0.939873,1.16303,,0,0,0,0,0,0,,0,0,0,0,0,0,,-479.567,-479.567,0,0,0,0,0,,0.332618,0.332618,0,0,0,0,0,,494814,494814,0,0,,48.8217,39.354,23.1159,66.8329,0.678435,0.353173,,48.8217,39.354,23.1159,66.8329,0.678435,0.353173,,0,0,0,0,0,0,,0,0,0,0,0,0,,-517.309,-517.309,-0,-0,-0,-0,-0
4.06,,-7.67076,1.28375,-2.96408,8.32312,2.97577,-0.364118,,-7.67076,1.28375,-2.96408,8.32312,2.97577,-0.364118,,0,0,0,0,0,0,,0,0,0,0,0,0,,-486.799,-486.799,0,0,0,0,0,,0.287328,0.287328,0,0,0,0,0,,429484,429484,0,0,,15.7483,36.3131,18.3794,43.64,1.1616,0.434723,,15.7483,36.3131,18.3794,43.64,1.1616,0.434723,,0,0,0,0,0,0,,0,0,0,0,0,0,,-480.053,-480.053,-0,-0,-0,-0,-0
4.08,,6.25748,-0.051402,0.586336,6.2851,-0.0082143,0.0934256,,6.25748,-0.051402,0.586336,6.2851,-0.0082143,0.0934256,,0,0,0,0,0,0,,0,0,0,0,0,0,,-492.158,-492.158,0,0,0,0,0,,0.280167,0.280167,0,0,0,0,0,,524461,524461,0,0,,8.40356,19.9126,-3.79266,21.9435,1.17145,-0.17371,,8.40356,19.9126,-3.79266,21.9435,1.17145,-0.17371,,0,0,0,0,0,0,,0,0,0,0,0,0,,-518.557,-518.557,-0,-0,-0,-0,-0
4.1,,1.80025,-5.9781,-2.27606,6.64523,-1.27829,-0.349588,,1.80025,-5.9781,-2.27606,6.64523,-1.27829,-0.349588,,0,0,0,0,0,0,,0,0,0,0,0,0,,-490.272,-490.272,0,0,0,0,0,,0.334965,0.334965,0,0,0,0,0,,329305,329305,0,0,,1.9124,-1.75054,3.66555,4.48976,-0.741237,0.955192,,1.9124,-1.75054,3.66555,4.48976,-0.741237,0.955192,,0,0,0,0,0,0,,0,0,0,0,0,0,,-482.587,-482.587,-0,-0,-0,-0,-0
4.12,,3.14764,0.528319,7.96951,8.58486,0.166296,1.18987,,3.14764,0.528319,7.96951,8.58486,0.166296,1.18987,,0,0,0,0,0,0,,0,0,0,0,0,0,,-479.915,-479.915,0,0,0,0,0,,0.25475,0.25475,0,0,0,0,0,,479308,479308,0,0,,-48.0648,-0.963973,26.4378,54.8645,-3.12154,0.502792,,-48.0648,-0.963973,26.4378,54.8645,-3.12154,0.502792,,0,0,0,0,0,0,,0,0,0,0,0,0,,-489.32,-489.32,-0,-0,-0,-0,-0
4.14,,-5.35022,-1.667,-0.991938,5.69101,-2.83955,-0.175194,,-5.35022,-1.667,-0.991938,5.69101,-2.83955,-0.175194,,0,0,0,0,0,0,,0,0,0,0,0,0,,-467.399,-467.399,0,0,0,0,0,,0.12456,0.12456,0,0,0,0,0,,379896,379896,0,0,,4.15955,-9.13028,-16.553,19.3563,-1.14331,-1.02589,,4.15955,-9.13028,-16.553,19.3563,-1.14331,-1.02589,,0,0,0,0,0,0,,0,0,0,0,0,0,,-480.995,-480.995,-0,-0,-0,-0,-0
4.16,,-6.35631,6.10111,-10.595,13.7797,2.37668,-0.877094,,-6.35631,6.10111,-10.595,13.7797,2.37668,-0.877094,,0,0,0,0,0,0,,0,0,0,0,0,0,,-443.536,-443.536,0,0,0,0,0,,0.195174,0.195174,0,0,0,0,0,,551138,551138,0,0,,61.8171,43.0741,-3.08245,75.4071,0.608575,-0.0408888,,61.8171,43.0741,-3.08245,75.4071,0.608575,-0.0408888,,0,0,0,0,0,0,,0,0,0,0,0,0,,-610.72,-610.72,-0,-0,-0,-0,-0
4.18,,14.0288,1.13825,-2.97652,14.3862,0.0809594,-0.208406,,14.0288,1.13825,-2.97652,14.3862,0.0809594,-0.208406,,0,0,0,0,0,0,,0,0,0,0,0,0,,-427.266,-427.266,0,0,0,0,0,,0.242805,0.242805,0,0,0,0,0,,377091,377091,0,0,,13.7331,17.2859,11.2481,24.7774,0.89944,0.471211,,13.7331,17.2859,11.2481,24.7774,0.89944,0.471211,,0,0,0,0,0,0,,0,0,0,0,0,0,,-593.351,-593.351,-0,-0,-0,-0,-0
4.2,,2.18404,-6.71457,6.91881,9.88561,-1.25632,0.775239,,2.18404,-6.71457,6.91881,9.88561,-1.25632,0.775239,,0,0,0,0,0,0,,0,0,0,0,0,0,,-458.651,-458.651,0,0,0,0,0,,0.202447,0.202447,0,0,0,0,0,,425563,425563,0,0,,10.8594,5.93096,2.03945,12.5404,0.499888,0.163355,,10.8594,5.93096,2.03945,12.5404,0.499888,0.163355,,0,0,0,0,0,0,,0,0,0,0,0,0,,-518.447,-518.447,-0,-0,-0,-0,-0
4.22,,3.7393,-2.42662,1.02936,4.57498,-0.575636,0.226941,,3.7393,-2.42662,1.02936,4.57498,-0.575636,0.226941,,0,0,0,0,0,0,,0,0,0,0,0,0,,-476.67,-476.67,0,0,0,0,0,,0.21961,0.21961,0,0,0,0,0,,423317,423317,0,0,,-16.9914,-14.3238,53.3005,57.7479,-2.44117,1.17577,,-16.9914,-14.3238,53.3005,57.7479,-2.44117,1.17577,,0,0,0,0,0,0,,0,0,0,0,0,0,,-565.272,-565.272,-0,-0,-0,-0,-0
4.24,,-4.89291,0.314571,-3.2258,5.86901,3.07739,-0.581924,,-4.89291,0.314571,-3.2258,5.86901,3.07739,-0.581924,,0,0,0,0,0,0,,0,0,0,0,0,0,,-435.65,-435.65,0,0,0,0,0,,0.181937,0.181937,0,0,0,0,0,,371467,371467,0,0,,-5.15314,-0.0717703,10.7851,11.9532,-3.12767,1.12503,,-5.15314,-0.0717703,10.7851,11.9532,-3.12767,1.12503,,0,0,0,0,0,0,,0,0,0,0,0,0,,-538.009,-538.009,-0,-0,-0,-0,-0
4.26,,4.38809,2.34319,-9.81476,11.0034,0.490468,-1.10169,,4.38809,2.34319,-9.81476,11.0034,0.490468,-1.10169,,0,0,0,0,0,0,,0,0,0,0,0,0,,-441.404,-441.404,0,0,0,0,0,,0.141859,0.141859,0,0,0,0,0,,399589,399589,0,0,,-9.37505,38.0328,-18.2669,43.2211,1.81248,-0.436353,,-9.37505,38.0328,-18.2669,43.2211,1.81248,-0.436353,,0,0,0,0,0,0,,0,0,0,0,0,0,,-507.653,-507.653,-0,-0,-0,-0,-0
4.28,,3.04152,-6.82861,11.1552,13.4283,-1.15177,0.980404,,3.04152,-6.82861,11.1552,13.4283,-1.15177,0.980404,,0,0,0,0,0,0,,0,0,0,0,0,0,,-438.341,-438.341,0,0,0,0,0,,0.289581,0.289581,0,0,0,0,0,,347466,347466,0,0,,-19.033,-26.0718,0.993035,32.2952,-2.20139,0.0307536,,-19.033,-26.0718,0.993035,32.2952,-2.20139,0.0307536,,0,0,0,0,0,0,,0,0,0,0,0,0,,-338.09,-338.09,-0,-0,-0,-0,-0
4.3,,4.41514,-4.99891,9.42133,11.5431,-0.84733,0.954776,,4.41514,-4.99891,9.42133,11.5431,-0.84733,0.954776,,0,0,0,0,0,0,,0,0,0,0,0,0,,-463.583,-463.583,0,0,0,0,0,,0.266412,0.266412,0,0,0,0,0,,384654,384654,0,0,,21.8198,-15.7106,-14.4655,30.5315,-0.624034,-0.493588,,21.8198,-15.7106,-14.4655,30.5315,-0.624034,-0.493588,,0,0,0,0,0,0,,0,0,0,0,0,0,,-414.646,-414.646,-0,-0,-0,-0,-0
4.32,,-2.45162,-0.628216,9.23623,9.57669,-2.89074,1.30335,,-2.45162,-0.628216,9.23623,9.57669,-2.89074,1.30335,,0,0,0,0,0,0,,0,0,0,0,0,0,,-444.2,-444.2,0,0,0,0,0,,0.198305,0.198305,0,0,0,0,0,,382404,382404,0,0,,34.1732,10.6041,-13.688,38.3094,0.300884,-0.365375,,34.1732,10.6041,-13.688,38.3094,0.300884,-0.365375,,0,0,0,0,0,0,,0,0,0,0,0,0,,-390.757,-390.757,-0,-0,-0,-0,-0
4.34,,2.2716,4.40921,9.63496,10.8367,1.09507,1.09539,,2.2716,4.40921,9.63496,10.8367,1.09507,1.09539,,0,0,0,0,0,0,,0,0,0,0,0,0,,-441.225,-441.225,0,0,0,0,0,,0.289947,0.289947,0,0,0,0,0,,492316,492316,0,0,,57.5103,-19.4896,9.49013,61.4601,-0.326742,0.155032,,57.5103,-19.4896,9.49013,61.4601,-0.326742,0.155032,,0,0,0,0,0,0,,0,0,0,0,0,0,,-388.019,-388.019,-0,-0,-0,-0,-0
4.36,,1.90547,-1.95926,-11.3638,11.6878,-0.799316,-1.33477,,1.90547,-1.95926,-11.3638,11.6878,-0.799316,-1.33477,,0,0,0,0,0,0,,0,0,0,0,0,0,,-459.233,-459.233,0,0,0,0,0,,0.276208,0.276208,0,0,0,0,0,,355545,355545,0,0,,2.41711,15.0362,-34.4928,37.7052,1.41141,-1.15502,,2.41711,15.0362,-34.4928,37.7052,1.41141,-1.15502,,0,0,0,0,0,0,,0,0,0,0,0,0,,-426.196,-426.196,-0,-0,-0,-0,-0
4.38,,3.56348,2.08133,4.82319,6.34771,0.528626,0.863053,,3.56348,2.08133,4.82319,6.34771,0.528626,0.863053,,0,0,0,0,0,0,,0,0,0,0,0,0,,-417.116,-417.116,0,0,0,0,0,,0.182572,0.182572,0,0,0,0,0,,341647,341647,0,0,,-1.97801,-0.31906,-7.68313,7.94008,-2.98167,-1.3157,,-1.97801,-0.31906,-7.68313,7.94008,-2.98167,-1.3157,,0,0,0,0,0,0,,0,0,0,0,0,0,,-384.03,-384.03,-0,-0,-0,-0,-0
4.4,,2.1327,8.58475,-0.256378,8.84941,1.3273,-0.0289752,,2.1327,8.58475,-0.256378,8.84941,1.3273,-0.0289752,,0,0,0,0,0,0,,0,0,0,0,0,0,,-398.95,-398.95,0,0,0,0,0,,0.243335,0.243335,0,0,0,0,0,,417636,417636,0,0,,12.2284,3.77825,-7.15601,14.6635,0.299669,-0.509815,,12.2284,3.77825,-7.15601,14.6635,0.299669,-0.509815,,0,0,0,0,0,0,,0,0,0,0,0,0,,-383.663,-383.663,-0,-0,-0,-0,-0
4.42,,2.84349,2.93296,-6.82737,7.95618,0.800886,-1.0316,,2.84349,2.93296,-6.82737,7.95618,0.800886,-1.0316,,0,0,0,0,0,0,,0,0,0,0,0,0,,-417.466,-417.466,0,0,0,0,0,,0.199318,0.199318,0,0,0,0,0,,606220,606220,0,0,,-9.68494,-21.4202,-15.7772,28.3115,-1.99543,-0.591094,,-9.68494,-21.4202,-15.7772,28.3115,-1.99543,-0.591094,,0,0,0,0,0,0,,0,0,0,0,0,0,,-439.779,-439.779,-0,-0,-0,-0,-0
4.44,,-0.00871314,-6.18615,4.01624,7.37555,-1.5722,0.575834,,-0.00871314,-6.18615,4.01624,7.37555,-1.5722,0.575834,,0,0,0,0,0,0,,0,0,0,0,0,0,,-397.706,-397.706,0,0,0,0,0,,0.175402,0.175402,0,0,0,0,0,,351542,351542,0,0,,38.3209,58.3587,-2.58344,69.8635,0.989765,-0.0369869,,38.3209,58.3587,-2.58344,69.8635,0.989765,-0.0369869,,0,0,0,0,0,0,,0,0,0,0,0,0,,-380.279,-380.279,-0,-0,-0,-0,-0
4.46,,0.100507,-2.53671,-1.2515,2.83041,-1.5312,-0.458008,,0.100507,-2.53671,-1.2515,2.83041,-1.5312,-0.458008,,0,0,0,0,0,0,,0,0,0,0,0,0,,-391.766,-391.766,0,0,0,0,0,,0.224079,0.224079,0,0,0,0,0,,391422,391422,0,0,,5.12319,38.4089,6.06135,39.2203,1.43819,0.155168,,5.12319,38.4089,6.06135,39.2203,1.43819,0.155168,,0,0,0,0,0,0,,0,0,0,0,0,0,,-299.594,-299.594,-0,-0,-0,-0,-0
4.48,,8.7519,10.0764,-10.1362,16.7593,0.855627,-0.649533,,8.7519,10.0764,-10.1362,16.7593,0.855627,-0.649533,,0,0,0,0,0,0,,0,0,0,0,0,0,,-398.383,-398.383,0,0,0,0,0,,0.25482,0.25482,0,0,0,0,0,,417271,417271,0,0,,-9.34671,24.6394,2.9671,26.5191,1.93337,0.11212,,-9.34671,24.6394,2.9671,26.5191,1.93337,0.11212,,0,0,0,0,0,0,,0,0,0,0,0,0,,-358.678,-358.678,-0,-0,-0,-0,-0
4.5,,-1.22546,-2.64582,-9.79004,10.215,-2.00455,-1.28133,,-1.22546,-2.64582,-9.79004,10.215,-2.00455,-1.28133,,0,0,0,0,0,0,,0,0,0,0,0,0,,-404.034,-404.034,0,0,0,0,0,,0.14126,0.14126,0,0,0,0,0,,457592,457592,0,0,,45.7667,55.6523,14.4968,73.4978,0.882565,0.198543,,45.7667,55.6523,14.4968,73.4978,0.882565,0.198543,,0,0,0,0,0,0,,0,0,0,0,0,0,,-381.183,-381.183,-0,-0,-0,-0,-0
4.52,,-4.24465,5.15774,-1.52926,6.85259,2.25939,-0.225061,,-4.24465,5.15774,-1.52926,6.85259,2.25939,-0.225061,,0,0,0,0,0,0,,0,0,0,0,0,0,,-411.999,-411.999,0,0,0,0,0,,0.200682,0.200682,0,0,0,0,0,,355985,355985,0,0,,36.5445,6.27402,2.59576,37.1699,0.170024,0.0698918,,36.5445,6.27402,2.59576,37.1699,0.170024,0.0698918,,0,0,0,0,0,0,,0,0,0,0,0,0,,-348.999,-348.999,-0,-0,-0,-0,-0
4.54,,-0.930427,1.24321,-0.765786,1.73138,2.21328,-0.458159,,-0.930427,1.24321,-0.765786,1.73138,2.21328,-0.458159,,0,0,0,0,0,0,,0,0,0,0,0,0,,-408.307,-408.307,0,0,0,0,0,,0.149574,0.149574,0,0,0,0,0,,349573,349573,0,0,,-16.4419,-8.53126,1.08531,18.5553,-2.66296,0.058524,,-16.4419,-8.53126,1.08531,18.5553,-2.66296,0.058524,,0,0,0,0,0,0,,0,0,0,0,0,0,,-406.708,-406.708,-0,-0,-0,-0,-0
4.56,,0.410357,3.65133,-3.89717,5.35617,1.45888,-0.814824,,0.410357,3.65133,-3.89717,5.35617,1.45888,-0.814824,,0,0,0,0,0,0,,0,0,0,0,0,0,,-405.401,-405.401,0,0,0,0,0,,0.161655,0.161655,0,0,0,0,0,,440548,440548,0,0,,-9.04438,23.2074,-43.8437,50.4247,1.94241,-1.05416,,-9.04438,23.2074,-43.8437,50.4247,1.94241,-1.05416,,0,0,0,0,0,0,,0,0,0,0,0,0,,-424.588,-424.588,-0,-0,-0,-0,-0
4.58,,7.48267,-10.107,-2.60986,12.8434,-0.933501,-0.204632,,7.48267,-10.107,-2.60986,12.8434,-0.933501,-0.204632,,0,0,0,0,0,0,,0,0,0,0,0,0,,-403.152,-403.152,0,0,0,0,0,,0.111406,0.111406,0,0,0,0,0,,366147,366147,0,0,,22.1934,-23.3414,-6.07884,32.7768,-0.810604,-0.186542,,22.1934,-23.3414,-6.07884,32.7768,-0.810604,-0.186542,,0,0,0,0,0,0,,0,0,0,0,0,0,,-402.234,-402.234,-0,-0,-0,-0,-0
4.6,,-4.34593,5.14413,3.7708,7.71804,2.27228,0.51045,,-4.34593,5.14413,3.7708,7.71804,2.27228,0.51045,,0,0,0,0,0,0,,0,0,0,0,0,0,,-397.379,-397.379,0,0,0,0,0,,0.126355,0.126355,0,0,0,0,0,,280373,280373,0,0,,-15.5906,24.2694,-25.8329,38.7222,2.14181,-0.730354,,-15.5906,24.2694,-25.8329,38.7222,2.14181,-0.730354,,0,0,0,0,0,0,,0,0,0,0,0,0,,-417.976,-417.976,-0,-0,-0,-0,-0
4.62,,-0.576303,-2.64282,-3.21098,4.19846,-1.7855,-0.870732,,-0.576303,-2.64282,-3.21098,4.19846,-1.7855,-0.870732,,0,0,0,0,0,0,,0,0,0,0,0,0,,-371.347,-371.347,0,0,0,0,0,,0.285982,0.285982,0,0,0,0,0,,337963,337963,0,0,,-9.56016,-11.0019,35.7354,38.5935,-2.28619,1.18353,,-9.56016,-11.0019,35.7354,38.5935,-2.28619,1.18353,,0,0,0,0,0,0,,0,0,0,0,0,0,,-434.865,-434.865,-0,-0,-0,-0,-0
4.64,,-1.07148,4.02127,-1.78185,4.527,1.8312,-0.404551,,-1.07148,4.02127,-1.78185,4.527,1.8312,-0.404551,,0,0,0,0,0,0,,0,0,0,0,0,0,,-387.03,-387.03,0,0,0,0,0,,0.253922,0.253922,0,0,0,0,0,,277362,277362,0,0,,-19.7473,37.8409,-1.71112,42.7179,2.05177,-0.0400671,,-19.7473,37.8409,-1.71112,42.7179,2.05177,-0.0400671,,0,0,0,0,0,0,,0,0,0,0,0,0,,-423.914,-423.914,-0,-0,-0,-0,-0
4.66,,-3.94135,2.93806,-3.05136,5.78595,2.50101,-0.555507,,-3.94135,2.93806,-3.05136,5.78595,2.50101,-0.555507,,0,0,0,0,0,0,,0,0,0,0,0,0,,-375.494,-375.494,0,0,0,0,0,,0.13308,0.13308,0,0,0,0,0,,354100,354100,0,0,,-0.018076,25.6448,17.7091,31.1651,1.5715,0.604358,,-0.018076,25.6448,17.7091,31.1651,1.5715,0.604358,,0,0,0,0,0,0,,0,0,0,0,0,0,,-376.264,-376.264,-0,-0,-0,-0,-0
4.68,,0.389839,4.45681,5.74209,7.2792,1.48355,0.908911,,0.389839,4.45681,5.74209,7.2792,1.48355,0.908911,,0,0,0,0,0,0,,0,0,0,0,0,0,,-372.338,-372.338,0,0,0,0,0,,0.193534,0.193534,0,0,0,0,0,,461067,461067,0,0,,-4.8352,22.4234,26.751,35.2392,1.78318,0.861969,,-4.8352,22.4234,26.751,35.2392,1.78318,0.861969,,0,0,0,0,0,0,,0,0,0,0,0,0,,-464.754,-464.754,-0,-0,-0,-0,-0
4.7,,3.26434,3.13848,1.64884,4.81919,0.765744,0.349193,,3.26434,3.13848,1.64884,4.81919,0.765744,0.349193,,0,0,0,0,0,0,,0,0,0,0,0,0,,-384.095,-384.095,0,0,0,0,0,,0.155915,0.155915,0,0,0,0,0,,480118,480118,0,0,,-13.9799,22.8951,8.81023,28.2355,2.11898,0.317326,,-13.9799,22.8951,8.81023,28.2355,2.11898,0.317326,,0,0,0,0,0,0,,0,0,0,0,0,0,,-389.901,-389.901,-0,-0,-0,-0,-0
4.72,,10.1923,1.18905,4.58622,11.2397,0.116136,0.420304,,10.1923,1.18905,4.58622,11.2397,0.116136,0.420304,,0,0,0,0,0,0,,0,0,0,0,0,0,,-366.316,-366.316,0,0,0,0,0,,0.172558,0.172558,0,0,0,0,0,,438669,438669,0,0,,10.2577,18.3598,8.81663,22.8043,1.06129,0.396966,,10.2577,18.3598,8.81663,22.8043,1.06129,0.396966,,0,0,0,0,0,0,,0,0,0,0,0,0,,-344.989,-344.989,-0,-0,-0,-0,-0
4.74,,-5.7508,3.26241,-3.32036,7.39864,2.62557,-0.4654,,-5.7508,3.26241,-3.32036,7.39864,2.62557,-0.4654,,0,0,0,0,0,0,,0,0,0,0,0,0,,-361.948,-361.948,0,0,0,0,0,,0.172568,0.172568,0,0,0,0,0,,272624,272624,0,0,,-23.2989,-39.4428,7.64415,46.4436,-2.10435,0.165342,,-23.2989,-39.4428,7.64415,46.4436,-2.10435,0.165342,,0,0,0,0,0,0,,0,0,0,0,0,0,,-315.245,-315.245,-0,-0,-0,-0,-0
4.76,,-2.75326,0.15965,-1.25641,3.03059,3.08367,-0.427477,,-2.75326,0.15965,-1.25641,3.03059,3.08367,-0.427477,,0,0,0,0,0,0,,0,0,0,0,0,0,,-338.954,-338.954,0,0,0,0,0,,0.14393,0.14393,0,0,0,0,0,,355721,355721,0,0,,-19.3894,-1.06404,15.5498,24.8772,-3.08677,0.675211,,-19.3894,-1.06404,15.5498,24.8772,-3.08677,0.675211,,0,0,0,0,0,0,,0,0,0,0,0,0,,-294.222,-294.222,-0,-0,-0,-0,-0
4.78,,0.0292319,-4.50134,5.13175,6.82626,-1.5643,0.850737,,0.0292319,-4.50134,5.13175,6.82626,-1.5643,0.850737,,0,0,0,0,0,0,,0,0,0,0,0,0,,-357.858,-357.858,0,0,0,0,0,,0.159642,0.159642,0,0,0,0,0,,324243,324243,0,0,,-8.69312,-32.3658,-36.2366,49.3579,-1.83319,-0.824428,,-8.69312,-32.3658,-36.2366,49.3579,-1.83319,-0.824428,,0,0,0,0,0,0,,0,0,0,0,0,0,,-389.767,-389.767,-0,-0,-0,-0,-0
4.8,,3.32463,-1.84314,-1.80306,4.20729,-0.506207,-0.442893,,3.32463,-1.84314,-1.80306,4.20729,-0.506207,-0.442893,,0,0,0,0,0,0,,0,0,0,0,0,0,,-339.461,-339.461,0,0,0,0,0,,0.111368,0.111368,0,0,0,0,0,,343009,343009,0,0,,26.8143,1.95523,18.7605,32.7839,0.0727886,0.609243,,26.8143,1.95523,18.7605,32.7839,0.0727886,0.609243,,0,0,0,0,0,0,,0,0,0,0,0,0,,-353.778,-353.778,-0,-0,-0,-0,-0
