B_x,B_y,B_z,,<M>_x,<M>_y,<M>_z,<M>_norm,<M>_theta,<M>_phi,,<ML>_x,<ML>_y,<ML>_z,<ML>_norm,<ML>_theta,<ML>_phi,,<MR>_x,<MR>_y,<MR>_z,<MR>_norm,<MR>_theta,<MR>_phi,,<Mm>_x,<Mm>_y,<Mm>_z,<Mm>_norm,<Mm>_theta,<Mm>_phi,,<U>,<UL>,<UR>,<Um>,<UmL>,<UmR>,<ULR>,,c,cL,cR,cm,cmL,cmR,cLR,,x,xL,xR,xm,,M_x,M_y,M_z,M_norm,M_theta,M_phi,,ML_x,ML_y,ML_z,ML_norm,ML_theta,ML_phi,,MR_x,MR_y,MR_z,MR_norm,MR_theta,MR_phi,,Mm_x,Mm_y,Mm_z,Mm_norm,Mm_theta,Mm_phi,,U,UL,UR,Um,UmL,UmR,ULR,,width = 11,height = 10,depth = 10,molPosL = 11,molPosR = 10,t_eq = 55000,simCount = 55000,freq = 1100,kT = 0.2,JL = 1,JR = 0,Jm = 0,JmL = 0,JmR = 0,JLR = 0,AL = 0.5,AR = 0,Am = 0,bL = 0,bR = 0,bm = 0,bmL = 0,bmR = 0,bLR = 0,,msd_version = 2.1
0,1.5,0,,-0.162581,1057.05,2.97534,1057.06,1.57095,0.00281474,,-0.162581,1057.05,2.97534,1057.06,1.57095,0.00281474,,0,0,0,0,0,0,,0,0,0,0,0,0,,-4402.84,-4402.84,0,0,0,0,0,,5.47369,5.47369,0,0,0,0,0,,370884,370884,0,0,,-8.34457,1051.49,6.58138,1051.54,1.57873,0.00625883,,-8.34457,1051.49,6.58138,1051.54,1.57873,0.00625883,,0,0,0,0,0,0,,0,0,0,0,0,0,,-4376.88,-4376.88,-0,-0,-0,-0,-0
0,1.45,0,,5.17351,1044.48,-13.1934,1044.57,1.56584,-0.0126308,,5.17351,1044.48,-13.1934,1044.57,1.56584,-0.0126308,,0,0,0,0,0,0,,0,0,0,0,0,0,,-4291.94,-4291.94,0,0,0,0,0,,0.765971,0.765971,0,0,0,0,0,,210539,210539,0,0,,4.76688,1042.98,-13.1503,1043.07,1.56623,-0.0126076,,4.76688,1042.98,-13.1503,1043.07,1.56623,-0.0126076,,0,0,0,0,0,0,,0,0,0,0,0,0,,-4286.46,-4286.46,-0,-0,-0,-0,-0
0,1.4,0,,-1.63156,1043.24,-8.98793,1043.28,1.57236,-0.00861515,,-1.63156,1043.24,-8.98793,1043.28,1.57236,-0.00861515,,0,0,0,0,0,0,,0,0,0,0,0,0,,-4230.77,-4230.77,0,0,0,0,0,,0.882918,0.882918,0,0,0,0,0,,539674,539674,0,0,,11.442,1042.79,-12.7278,1042.93,1.55982,-0.0122042,,11.442,1042.79,-12.7278,1042.93,1.55982,-0.0122042,,0,0,0,0,0,0,,0,0,0,0,0,0,,-4228.05,-4228.05,-0,-0,-0,-0,-0
0,1.35,0,,6.65907,1039.11,-28.1507,1039.51,1.56439,-0.0270839,,6.65907,1039.11,-28.1507,1039.51,1.56439,-0.0270839,,0,0,0,0,0,0,,0,0,0,0,0,0,,-4166.33,-4166.33,0,0,0,0,0,,0.623124,0.623124,0,0,0,0,0,,462503,462503,0,0,,22.219,1037.28,-30.8591,1037.98,1.54938,-0.0297344,,22.219,1037.28,-30.8591,1037.98,1.54938,-0.0297344,,0,0,0,0,0,0,,0,0,0,0,0,0,,-4163.01,-4163.01,-0,-0,-0,-0,-0
0,1.3,0,,12.0563,1035.13,10.1692,1035.25,1.55915,0.00982304,,12.0563,1035.13,10.1692,1035.25,1.55915,0.00982304,,0,0,0,0,0,0,,0,0,0,0,0,0,,-4111.82,-4111.82,0,0,0,0,0,,0.538009,0.538009,0,0,0,0,0,,414552,414552,0,0,,9.55393,1033.14,15.0539,1033.3,1.56155,0.0145693,,9.55393,1033.14,15.0539,1033.3,1.56155,0.0145693,,0,0,0,0,0,0,,0,0,0,0,0,0,,-4113.44,-4113.44,-0,-0,-0,-0,-0
0,1.25,0,,-9.23861,1032.16,-6.06801,1032.22,1.57975,-0.00587862,,-9.23861,1032.16,-6.06801,1032.22,1.57975,-0.00587862,,0,0,0,0,0,0,,0,0,0,0,0,0,,-4047.8,-4047.8,0,0,0,0,0,,0.779538,0.779538,0,0,0,0,0,,686071,686071,0,0,,2.25756,1033.96,3.52254,1033.97,1.56861,0.00340682,,2.25756,1033.96,3.52254,1033.97,1.56861,0.00340682,,0,0,0,0,0,0,,0,0,0,0,0,0,,-4055.66,-4055.66,-0,-0,-0,-0,-0
0,1.2,0,,17.9984,1034.45,-4.20936,1034.61,1.5534,-0.00406855,,17.9984,1034.45,-4.20936,1034.61,1.5534,-0.00406855,,0,0,0,0,0,0,,0,0,0,0,0,0,,-4004.36,-4004.36,0,0,0,0,0,,0.169815,0.169815,0,0,0,0,0,,1.42693e+006,1.42693e+006,0,0,,50.7443,1036.41,0.182364,1037.65,1.52187,0.000175747,,50.7443,1036.41,0.182364,1037.65,1.52187,0.000175747,,0,0,0,0,0,0,,0,0,0,0,0,0,,-4007.6,-4007.6,-0,-0,-0,-0,-0
0,1.15,0,,79.0832,1029.01,3.7352,1032.05,1.49409,0.00361921,,79.0832,1029.01,3.7352,1032.05,1.49409,0.00361921,,0,0,0,0,0,0,,0,0,0,0,0,0,,-3940.61,-3940.61,0,0,0,0,0,,0.219473,0.219473,0,0,0,0,0,,329360,329360,0,0,,78.9921,1027.42,8.83738,1030.49,1.49406,0.008576,,78.9921,1027.42,8.83738,1030.49,1.49406,0.008576,,0,0,0,0,0,0,,0,0,0,0,0,0,,-3939.04,-3939.04,-0,-0,-0,-0,-0
0,1.1,0,,54.3919,1030.34,24.4434,1032.06,1.51805,0.0236863,,54.3919,1030.34,24.4434,1032.06,1.51805,0.0236863,,0,0,0,0,0,0,,0,0,0,0,0,0,,-3880.26,-3880.26,0,0,0,0,0,,0.377564,0.377564,0,0,0,0,0,,321525,321525,0,0,,45.5238,1030.82,25.694,1032.15,1.52666,0.0248962,,45.5238,1030.82,25.694,1032.15,1.52666,0.0248962,,0,0,0,0,0,0,,0,0,0,0,0,0,,-3886.66,-3886.66,-0,-0,-0,-0,-0
0,1.05,0,,10.2126,1030.78,-8.95339,1030.87,1.56089,-0.00868537,,10.2126,1030.78,-8.95339,1030.87,1.56089,-0.00868537,,0,0,0,0,0,0,,0,0,0,0,0,0,,-3827.59,-3827.59,0,0,0,0,0,,0.45341,0.45341,0,0,0,0,0,,397954,397954,0,0,,7.93957,1032.23,-4.39049,1032.27,1.5631,-0.00425327,,7.93957,1032.23,-4.39049,1032.27,1.5631,-0.00425327,,0,0,0,0,0,0,,0,0,0,0,0,0,,-3826.18,-3826.18,-0,-0,-0,-0,-0
0,1,0,,-22.793,1032.77,-24.7602,1033.32,1.59286,-0.0239642,,-22.793,1032.77,-24.7602,1033.32,1.59286,-0.0239642,,0,0,0,0,0,0,,0,0,0,0,0,0,,-3780.51,-3780.51,0,0,0,0,0,,2.31767,2.31767,0,0,0,0,0,,554904,554904,0,0,,-33.3421,1028.97,-10.4155,1029.56,1.60319,-0.0101167,,-33.3421,1028.97,-10.4155,1029.56,1.60319,-0.0101167,,0,0,0,0,0,0,,0,0,0,0,0,0,,-3769.25,-3769.25,-0,-0,-0,-0,-0
0,0.95,0,,-15.7923,1026.68,-0.158842,1026.8,1.58618,-0.000154696,,-15.7923,1026.68,-0.158842,1026.8,1.58618,-0.000154696,,0,0,0,0,0,0,,0,0,0,0,0,0,,-3724.36,-3724.36,0,0,0,0,0,,0.426369,0.426369,0,0,0,0,0,,337931,337931,0,0,,-12.0351,1027.65,-3.29391,1027.72,1.58251,-0.00320506,,-12.0351,1027.65,-3.29391,1027.72,1.58251,-0.00320506,,0,0,0,0,0,0,,0,0,0,0,0,0,,-3720.53,-3720.53,-0,-0,-0,-0,-0
0,0.9,0,,-1.40258,1028.78,-1.48737,1028.78,1.57216,-0.00144576,,-1.40258,1028.78,-1.48737,1028.78,1.57216,-0.00144576,,0,0,0,0,0,0,,0,0,0,0,0,0,,-3679.59,-3679.59,0,0,0,0,0,,0.24757,0.24757,0,0,0,0,0,,570295,570295,0,0,,13.0667,1025.87,9.73176,1026,1.55806,0.00948529,,13.0667,1025.87,9.73176,1026,1.55806,0.00948529,,0,0,0,0,0,0,,0,0,0,0,0,0,,-3674.72,-3674.72,-0,-0,-0,-0,-0
0,0.85,0,,16.1627,1023.9,5.12295,1024.04,1.55501,0.00500271,,16.1627,1023.9,5.12295,1024.04,1.55501,0.00500271,,0,0,0,0,0,0,,0,0,0,0,0,0,,-3618.77,-3618.77,0,0,0,0,0,,2.04489,2.04489,0,0,0,0,0,,1.03584e+006,1.03584e+006,0,0,,39.4402,1023.17,1.32768,1023.93,1.53227,0.00129665,,39.4402,1023.17,1.32768,1023.93,1.53227,0.00129665,,0,0,0,0,0,0,,0,0,0,0,0,0,,-3615.44,-3615.44,-0,-0,-0,-0,-0
0,0.8,0,,56.9738,1017.46,-9.99364,1019.11,1.51486,-0.00980644,,56.9738,1017.46,-9.99364,1019.11,1.51486,-0.00980644,,0,0,0,0,0,0,,0,0,0,0,0,0,,-3563.94,-3563.94,0,0,0,0,0,,0.366786,0.366786,0,0,0,0,0,,999086,999086,0,0,,76.4513,1017.51,-11.0771,1020.44,1.4958,-0.0108554,,76.4513,1017.51,-11.0771,1020.44,1.4958,-0.0108554,,0,0,0,0,0,0,,0,0,0,0,0,0,,-3562.87,-3562.87,-0,-0,-0,-0,-0
0,0.75,0,,47.7996,1019.46,-17.5216,1020.73,1.52394,-0.0171666,,47.7996,1019.46,-17.5216,1020.73,1.52394,-0.0171666,,0,0,0,0,0,0,,0,0,0,0,0,0,,-3505.55,-3505.55,0,0,0,0,0,,0.238689,0.238689,0,0,0,0,0,,843084,843084,0,0,,22.2964,1021.06,-0.674268,1021.31,1.54896,-0.000660202,,22.2964,1021.06,-0.674268,1021.31,1.54896,-0.000660202,,0,0,0,0,0,0,,0,0,0,0,0,0,,-3504.32,-3504.32,-0,-0,-0,-0,-0
0,0.7,0,,31.4017,1017.71,-3.73907,1018.2,1.53995,-0.00367224,,31.4017,1017.71,-3.73907,1018.2,1.53995,-0.00367224,,0,0,0,0,0,0,,0,0,0,0,0,0,,-3460.06,-3460.06,0,0,0,0,0,,0.239258,0.239258,0,0,0,0,0,,260512,260512,0,0,,31.498,1018.01,-4.72287,1018.51,1.53987,-0.00463704,,31.498,1018.01,-4.72287,1018.51,1.53987,-0.00463704,,0,0,0,0,0,0,,0,0,0,0,0,0,,-3458.86,-3458.86,-0,-0,-0,-0,-0
0,0.65,0,,34.9898,1009.47,-19.5923,1010.27,1.53615,-0.0193944,,34.9898,1009.47,-19.5923,1010.27,1.53615,-0.0193944,,0,0,0,0,0,0,,0,0,0,0,0,0,,-3396.5,-3396.5,0,0,0,0,0,,1.01077,1.01077,0,0,0,0,0,,335745,335745,0,0,,21.4492,1007.35,-26.6868,1007.93,1.54951,-0.0264799,,21.4492,1007.35,-26.6868,1007.93,1.54951,-0.0264799,,0,0,0,0,0,0,,0,0,0,0,0,0,,-3387,-3387,-0,-0,-0,-0,-0
0,0.6,0,,55.2564,1007.06,-30.5625,1009.04,1.51598,-0.0302933,,55.2564,1007.06,-30.5625,1009.04,1.51598,-0.0302933,,0,0,0,0,0,0,,0,0,0,0,0,0,,-3351.38,-3351.38,0,0,0,0,0,,0.940118,0.940118,0,0,0,0,0,,503614,503614,0,0,,77.1112,1005.88,-20.2676,1009.04,1.49429,-0.0200874,,77.1112,1005.88,-20.2676,1009.04,1.49429,-0.0200874,,0,0,0,0,0,0,,0,0,0,0,0,0,,-3360.92,-3360.92,-0,-0,-0,-0,-0
0,0.55,0,,105.884,995.264,-19.6958,1001.07,1.46481,-0.0196759,,105.884,995.264,-19.6958,1001.07,1.46481,-0.0196759,,0,0,0,0,0,0,,0,0,0,0,0,0,,-3303.55,-3303.55,0,0,0,0,0,,0.366086,0.366086,0,0,0,0,0,,438944,438944,0,0,,110.187,987.893,-18.9147,994.199,1.45972,-0.0190262,,110.187,987.893,-18.9147,994.199,1.45972,-0.0190262,,0,0,0,0,0,0,,0,0,0,0,0,0,,-3296.13,-3296.13,-0,-0,-0,-0,-0
0,0.5,0,,145.773,976.615,-42.3792,988.344,1.42263,-0.0428922,,145.773,976.615,-42.3792,988.344,1.42263,-0.0428922,,0,0,0,0,0,0,,0,0,0,0,0,0,,-3240.32,-3240.32,0,0,0,0,0,,1.55932,1.55932,0,0,0,0,0,,621620,621620,0,0,,161.17,972.637,-51.5532,987.247,1.40658,-0.0522429,,161.17,972.637,-51.5532,987.247,1.40658,-0.0522429,,0,0,0,0,0,0,,0,0,0,0,0,0,,-3256.17,-3256.17,-0,-0,-0,-0,-0
0,0.45,0,,189.384,954.328,-38.1634,973.686,1.37489,-0.0392048,,189.384,954.328,-38.1634,973.686,1.37489,-0.0392048,,0,0,0,0,0,0,,0,0,0,0,0,0,,-3188.13,-3188.13,0,0,0,0,0,,1.55419,1.55419,0,0,0,0,0,,1.54015e+006,1.54015e+006,0,0,,207.767,953.706,-34.2116,976.674,1.3563,-0.0350359,,207.767,953.706,-34.2116,976.674,1.3563,-0.0350359,,0,0,0,0,0,0,,0,0,0,0,0,0,,-3200.21,-3200.21,-0,-0,-0,-0,-0
0,0.4,0,,284.661,921.523,-23.723,964.779,1.27119,-0.0245916,,284.661,921.523,-23.723,964.779,1.27119,-0.0245916,,0,0,0,0,0,0,,0,0,0,0,0,0,,-3150.63,-3150.63,0,0,0,0,0,,0.90767,0.90767,0,0,0,0,0,,1.36477e+006,1.36477e+006,0,0,,293.158,918.491,-4.50396,964.151,1.26184,-0.00467144,,293.158,918.491,-4.50396,964.151,1.26184,-0.00467144,,0,0,0,0,0,0,,0,0,0,0,0,0,,-3159.61,-3159.61,-0,-0,-0,-0,-0
0,0.35,0,,401.676,869.64,3.92551,957.931,1.1381,0.00409792,,401.676,869.64,3.92551,957.931,1.1381,0.00409792,,0,0,0,0,0,0,,0,0,0,0,0,0,,-3120.27,-3120.27,0,0,0,0,0,,0.482955,0.482955,0,0,0,0,0,,3.81949e+006,3.81949e+006,0,0,,439.351,851.004,11.1443,957.79,1.09421,0.0116357,,439.351,851.004,11.1443,957.79,1.09421,0.0116357,,0,0,0,0,0,0,,0,0,0,0,0,0,,-3132.48,-3132.48,-0,-0,-0,-0,-0
0,0.3,0,,568.057,746.977,-0.712844,938.437,0.920625,-0.000759607,,568.057,746.977,-0.712844,938.437,0.920625,-0.000759607,,0,0,0,0,0,0,,0,0,0,0,0,0,,-3131.39,-3131.39,0,0,0,0,0,,1.13526,1.13526,0,0,0,0,0,,5.42663e+006,5.42663e+006,0,0,,607.754,717.119,-5.32387,940.028,0.867759,-0.00566355,,607.754,717.119,-5.32387,940.028,0.867759,-0.00566355,,0,0,0,0,0,0,,0,0,0,0,0,0,,-3137.21,-3137.21,-0,-0,-0,-0,-0
0,0.25,0,,743.702,628.934,-5.35131,974.001,0.701981,-0.00549418,,743.702,628.934,-5.35131,974.001,0.701981,-0.00549418,,0,0,0,0,0,0,,0,0,0,0,0,0,,-3145.86,-3145.86,0,0,0,0,0,,1.67337,1.67337,0,0,0,0,0,,7.52863e+006,7.52863e+006,0,0,,805.729,588.843,-10.3272,998.019,0.631113,-0.0103479,,805.729,588.843,-10.3272,998.019,0.631113,-0.0103479,,0,0,0,0,0,0,,0,0,0,0,0,0,,-3170.79,-3170.79,-0,-0,-0,-0,-0
0,0.2,0,,919.087,449.738,-14.8167,1023.33,0.455076,-0.0144794,,919.087,449.738,-14.8167,1023.33,0.455076,-0.0144794,,0,0,0,0,0,0,,0,0,0,0,0,0,,-3197.8,-3197.8,0,0,0,0,0,,4.4174,4.4174,0,0,0,0,0,,6.52743e+006,6.52743e+006,0,0,,944.014,408.859,-7.73998,1028.78,0.408717,-0.00752352,,944.014,408.859,-7.73998,1028.78,0.408717,-0.00752352,,0,0,0,0,0,0,,0,0,0,0,0,0,,-3217.36,-3217.36,-0,-0,-0,-0,-0
0,0.15,0,,987.533,308.806,-12.1458,1034.76,0.303071,-0.0117381,,987.533,308.806,-12.1458,1034.76,0.303071,-0.0117381,,0,0,0,0,0,0,,0,0,0,0,0,0,,-3219.12,-3219.12,0,0,0,0,0,,1.19555,1.19555,0,0,0,0,0,,806482,806482,0,0,,995.264,291.463,-8.74925,1037.1,0.284884,-0.00843636,,995.264,291.463,-8.74925,1037.1,0.284884,-0.00843636,,0,0,0,0,0,0,,0,0,0,0,0,0,,-3228.61,-3228.61,-0,-0,-0,-0,-0
0,0.1,0,,1017.73,188.141,-4.52023,1034.99,0.182799,-0.00436745,,1017.73,188.141,-4.52023,1034.99,0.182799,-0.00436745,,0,0,0,0,0,0,,0,0,0,0,0,0,,-3206.51,-3206.51,0,0,0,0,0,,1.27297,1.27297,0,0,0,0,0,,1.36667e+006,1.36667e+006,0,0,,1020.34,178.473,-19.8796,1036.03,0.173163,-0.0191895,,1020.34,178.473,-19.8796,1036.03,0.173163,-0.0191895,,0,0,0,0,0,0,,0,0,0,0,0,0,,-3208.44,-3208.44,-0,-0,-0,-0,-0
0,0.05,0,,1030.18,139.017,-10.3119,1039.57,0.134134,-0.00991952,,1030.18,139.017,-10.3119,1039.57,0.134134,-0.00991952,,0,0,0,0,0,0,,0,0,0,0,0,0,,-3224.38,-3224.38,0,0,0,0,0,,0.519078,0.519078,0,0,0,0,0,,1.29139e+006,1.29139e+006,0,0,,1032.35,118.083,-15.0181,1039.19,0.113888,-0.0144523,,1032.35,118.083,-15.0181,1039.19,0.113888,-0.0144523,,0,0,0,0,0,0,,0,0,0,0,0,0,,-3230.21,-3230.21,-0,-0,-0,-0,-0
0,-7.63278e-016,0,,1038.46,52.8434,-11.1038,1039.86,0.0508424,-0.0106783,,1038.46,52.8434,-11.1038,1039.86,0.0508424,-0.0106783,,0,0,0,0,0,0,,0,0,0,0,0,0,,-3222.51,-3222.51,0,0,0,0,0,,0.528816,0.528816,0,0,0,0,0,,1.54573e+006,1.54573e+006,0,0,,1041.95,47.011,3.3923,1043.02,0.0450876,0.0032524,,1041.95,47.011,3.3923,1043.02,0.0450876,0.0032524,,0,0,0,0,0,0,,0,0,0,0,0,0,,-3229.72,-3229.72,-0,-0,-0,-0,-0
0,-0.05,0,,1039.2,5.09653,3.48009,1039.22,0.00490423,0.00334876,,1039.2,5.09653,3.48009,1039.22,0.00490423,0.00334876,,0,0,0,0,0,0,,0,0,0,0,0,0,,-3224.24,-3224.24,0,0,0,0,0,,0.594986,0.594986,0,0,0,0,0,,495329,495329,0,0,,1037.2,-9.86748,1.47996,1037.25,-0.00951329,0.00142682,,1037.2,-9.86748,1.47996,1037.25,-0.00951329,0.00142682,,0,0,0,0,0,0,,0,0,0,0,0,0,,-3213.72,-3213.72,-0,-0,-0,-0,-0
0,-0.1,0,,1037.03,-53.8607,26.7001,1038.78,-0.0518906,0.0257063,,1037.03,-53.8607,26.7001,1038.78,-0.0518906,0.0257063,,0,0,0,0,0,0,,0,0,0,0,0,0,,-3226.98,-3226.98,0,0,0,0,0,,0.386858,0.386858,0,0,0,0,0,,891938,891938,0,0,,1035.78,-67.5576,16.3742,1038.11,-0.0651315,0.0157737,,1035.78,-67.5576,16.3742,1038.11,-0.0651315,0.0157737,,0,0,0,0,0,0,,0,0,0,0,0,0,,-3222.45,-3222.45,-0,-0,-0,-0,-0
0,-0.15,0,,1031.94,-107.604,1.6811,1037.53,-0.103898,0.00162029,,1031.94,-107.604,1.6811,1037.53,-0.103898,0.00162029,,0,0,0,0,0,0,,0,0,0,0,0,0,,-3231.02,-3231.02,0,0,0,0,0,,0.451901,0.451901,0,0,0,0,0,,287315,287315,0,0,,1032.73,-100.493,-3.82345,1037.62,-0.0970026,-0.00368484,,1032.73,-100.493,-3.82345,1037.62,-0.0970026,-0.00368484,,0,0,0,0,0,0,,0,0,0,0,0,0,,-3231.92,-3231.92,-0,-0,-0,-0,-0
0,-0.2,0,,1026.39,-162.581,-1.4059,1039.19,-0.157095,-0.00135288,,1026.39,-162.581,-1.4059,1039.19,-0.157095,-0.00135288,,0,0,0,0,0,0,,0,0,0,0,0,0,,-3240.59,-3240.59,0,0,0,0,0,,0.789879,0.789879,0,0,0,0,0,,114101,114101,0,0,,1026.12,-161.375,-13.1504,1038.81,-0.15599,-0.0126594,,1026.12,-161.375,-13.1504,1038.81,-0.15599,-0.0126594,,0,0,0,0,0,0,,0,0,0,0,0,0,,-3241.62,-3241.62,-0,-0,-0,-0,-0
0,-0.25,0,,1019.04,-206.17,-33.1303,1040.22,-0.199623,-0.0318549,,1019.04,-206.17,-33.1303,1040.22,-0.199623,-0.0318549,,0,0,0,0,0,0,,0,0,0,0,0,0,,-3259.37,-3259.37,0,0,0,0,0,,0.651761,0.651761,0,0,0,0,0,,741081,741081,0,0,,1015.35,-219.555,-23.501,1039.08,-0.212957,-0.0226191,,1015.35,-219.555,-23.501,1039.08,-0.212957,-0.0226191,,0,0,0,0,0,0,,0,0,0,0,0,0,,-3259,-3259,-0,-0,-0,-0,-0
0,-0.3,0,,1001,-267.854,-0.417749,1036.22,-0.26146,-0.000403146,,1001,-267.854,-0.417749,1036.22,-0.26146,-0.000403146,,0,0,0,0,0,0,,0,0,0,0,0,0,,-3268.03,-3268.03,0,0,0,0,0,,0.622591,0.622591,0,0,0,0,0,,580483,580483,0,0,,998.012,-279.136,-8.64052,1036.35,-0.272723,-0.00833756,,998.012,-279.136,-8.64052,1036.35,-0.272723,-0.00833756,,0,0,0,0,0,0,,0,0,0,0,0,0,,-3262.45,-3262.45,-0,-0,-0,-0,-0
0,-0.35,0,,981.303,-349.827,-6.6435,1041.82,-0.342447,-0.0063769,,981.303,-349.827,-6.6435,1041.82,-0.342447,-0.0063769,,0,0,0,0,0,0,,0,0,0,0,0,0,,-3297.53,-3297.53,0,0,0,0,0,,0.947243,0.947243,0,0,0,0,0,,611015,611015,0,0,,975.671,-363.73,-10.1339,1041.31,-0.35684,-0.00973195,,975.671,-363.73,-10.1339,1041.31,-0.35684,-0.00973195,,0,0,0,0,0,0,,0,0,0,0,0,0,,-3299.79,-3299.79,-0,-0,-0,-0,-0
0,-0.4,0,,962.39,-390.512,20.5436,1038.81,-0.385473,0.0197775,,962.39,-390.512,20.5436,1038.81,-0.385473,0.0197775,,0,0,0,0,0,0,,0,0,0,0,0,0,,-3308.86,-3308.86,0,0,0,0,0,,1.38206,1.38206,0,0,0,0,0,,257965,257965,0,0,,960.917,-391.607,29.2779,1038.06,-0.386985,0.0282081,,960.917,-391.607,29.2779,1038.06,-0.386985,0.0282081,,0,0,0,0,0,0,,0,0,0,0,0,0,,-3314.57,-3314.57,-0,-0,-0,-0,-0
0,-0.45,0,,941.566,-431.7,39.1914,1036.56,-0.429893,0.0378183,,941.566,-431.7,39.1914,1036.56,-0.429893,0.0378183,,0,0,0,0,0,0,,0,0,0,0,0,0,,-3330.84,-3330.84,0,0,0,0,0,,0.117403,0.117403,0,0,0,0,0,,1.34554e+006,1.34554e+006,0,0,,928.189,-463.115,37.4317,1037.98,-0.462803,0.0360698,,928.189,-463.115,37.4317,1037.98,-0.462803,0.0360698,,0,0,0,0,0,0,,0,0,0,0,0,0,,-3330.98,-3330.98,-0,-0,-0,-0,-0
0,-0.5,0,,915.108,-482.126,19.4481,1034.53,-0.484897,0.0188002,,915.108,-482.126,19.4481,1034.53,-0.484897,0.0188002,,0,0,0,0,0,0,,0,0,0,0,0,0,,-3348.42,-3348.42,0,0,0,0,0,,0.987256,0.987256,0,0,0,0,0,,448412,448412,0,0,,906.095,-493.341,23.9118,1031.97,-0.498587,0.0231731,,906.095,-493.341,23.9118,1031.97,-0.498587,0.0231731,,0,0,0,0,0,0,,0,0,0,0,0,0,,-3353.26,-3353.26,-0,-0,-0,-0,-0
0,-0.55,0,,862.851,-566.371,21.889,1032.36,-0.580857,0.0212045,,862.851,-566.371,21.889,1032.36,-0.580857,0.0212045,,0,0,0,0,0,0,,0,0,0,0,0,0,,-3383.41,-3383.41,0,0,0,0,0,,0.540134,0.540134,0,0,0,0,0,,1.12616e+006,1.12616e+006,0,0,,852.526,-585.172,12.0717,1034.1,-0.601539,0.0116738,,852.526,-585.172,12.0717,1034.1,-0.601539,0.0116738,,0,0,0,0,0,0,,0,0,0,0,0,0,,-3393.44,-3393.44,-0,-0,-0,-0,-0
0,-0.6,0,,822.774,-627.607,-4.67244,1034.83,-0.651639,-0.0045152,,822.774,-627.607,-4.67244,1034.83,-0.651639,-0.0045152,,0,0,0,0,0,0,,0,0,0,0,0,0,,-3420.57,-3420.57,0,0,0,0,0,,1.9879,1.9879,0,0,0,0,0,,594037,594037,0,0,,812.449,-635.022,-12.4449,1031.25,-0.66343,-0.0120681,,812.449,-635.022,-12.4449,1031.25,-0.66343,-0.0120681,,0,0,0,0,0,0,,0,0,0,0,0,0,,-3395.4,-3395.4,-0,-0,-0,-0,-0
0,-0.65,0,,768.735,-691.507,-24.1389,1034.27,-0.73256,-0.0233411,,768.735,-691.507,-24.1389,1034.27,-0.73256,-0.0233411,,0,0,0,0,0,0,,0,0,0,0,0,0,,-3456.58,-3456.58,0,0,0,0,0,,1.10829,1.10829,0,0,0,0,0,,1.66401e+006,1.66401e+006,0,0,,756.509,-707.27,-31.8135,1036.12,-0.751773,-0.0307092,,756.509,-707.27,-31.8135,1036.12,-0.751773,-0.0307092,,0,0,0,0,0,0,,0,0,0,0,0,0,,-3467.79,-3467.79,-0,-0,-0,-0,-0
0,-0.7,0,,737.845,-720.951,-41.0973,1032.41,-0.773818,-0.0398176,,737.845,-720.951,-41.0973,1032.41,-0.773818,-0.0398176,,0,0,0,0,0,0,,0,0,0,0,0,0,,-3487.52,-3487.52,0,0,0,0,0,,0.237249,0.237249,0,0,0,0,0,,436071,436071,0,0,,726.835,-732.791,-30.8258,1032.58,-0.789479,-0.0298576,,726.835,-732.791,-30.8258,1032.58,-0.789479,-0.0298576,,0,0,0,0,0,0,,0,0,0,0,0,0,,-3493.45,-3493.45,-0,-0,-0,-0,-0
0,-0.75,0,,657.507,-797.033,10.0208,1033.28,-0.88103,0.00969818,,657.507,-797.033,10.0208,1033.28,-0.88103,0.00969818,,0,0,0,0,0,0,,0,0,0,0,0,0,,-3535.14,-3535.14,0,0,0,0,0,,0.790595,0.790595,0,0,0,0,0,,2.96775e+006,2.96775e+006,0,0,,639.559,-813.94,20.4525,1035.35,-0.904801,0.0197555,,639.559,-813.94,20.4525,1035.35,-0.904801,0.0197555,,0,0,0,0,0,0,,0,0,0,0,0,0,,-3543.81,-3543.81,-0,-0,-0,-0,-0
0,-0.8,0,,602.682,-839.786,34.1246,1034.23,-0.948316,0.0330011,,602.682,-839.786,34.1246,1034.23,-0.948316,0.0330011,,0,0,0,0,0,0,,0,0,0,0,0,0,,-3573.84,-3573.84,0,0,0,0,0,,0.714452,0.714452,0,0,0,0,0,,718091,718091,0,0,,592.449,-849.351,23.9475,1035.84,-0.961729,0.023121,,592.449,-849.351,23.9475,1035.84,-0.961729,0.023121,,0,0,0,0,0,0,,0,0,0,0,0,0,,-3578.72,-3578.72,-0,-0,-0,-0,-0
0,-0.85,0,,525.533,-890.769,7.58264,1034.27,-1.03778,0.00733147,,525.533,-890.769,7.58264,1034.27,-1.03778,0.00733147,,0,0,0,0,0,0,,0,0,0,0,0,0,,-3630.9,-3630.9,0,0,0,0,0,,0.793389,0.793389,0,0,0,0,0,,422165,422165,0,0,,513.426,-898.426,10.1604,1034.83,-1.05162,0.00981857,,513.426,-898.426,10.1604,1034.83,-1.05162,0.00981857,,0,0,0,0,0,0,,0,0,0,0,0,0,,-3639.48,-3639.48,-0,-0,-0,-0,-0
0,-0.9,0,,453.495,-921.651,-2.79387,1027.18,-1.11353,-0.00271994,,453.495,-921.651,-2.79387,1027.18,-1.11353,-0.00271994,,0,0,0,0,0,0,,0,0,0,0,0,0,,-3664.96,-3664.96,0,0,0,0,0,,0.615668,0.615668,0,0,0,0,0,,429850,429850,0,0,,447.042,-924.815,-5.73843,1027.21,-1.12053,-0.00558645,,447.042,-924.815,-5.73843,1027.21,-1.12053,-0.00558645,,0,0,0,0,0,0,,0,0,0,0,0,0,,-3662.26,-3662.26,-0,-0,-0,-0,-0
0,-0.95,0,,385.55,-955.246,8.01936,1030.15,-1.18718,0.00778474,,385.55,-955.246,8.01936,1030.15,-1.18718,0.00778474,,0,0,0,0,0,0,,0,0,0,0,0,0,,-3731.42,-3731.42,0,0,0,0,0,,0.456158,0.456158,0,0,0,0,0,,808916,808916,0,0,,362.74,-965.063,11.3123,1031.05,-1.21126,0.0109719,,362.74,-965.063,11.3123,1031.05,-1.21126,0.0109719,,0,0,0,0,0,0,,0,0,0,0,0,0,,-3737.4,-3737.4,-0,-0,-0,-0,-0
0,-1,0,,271.687,-990.708,18.5419,1027.45,-1.30314,0.0180474,,271.687,-990.708,18.5419,1027.45,-1.30314,0.0180474,,0,0,0,0,0,0,,0,0,0,0,0,0,,-3778.4,-3778.4,0,0,0,0,0,,0.475178,0.475178,0,0,0,0,0,,978331,978331,0,0,,256.158,-996.567,10.8809,1029.02,-1.3192,0.0105742,,256.158,-996.567,10.8809,1029.02,-1.3192,0.0105742,,0,0,0,0,0,0,,0,0,0,0,0,0,,-3782.75,-3782.75,-0,-0,-0,-0,-0
0,-1.05,0,,195.376,-1007.35,-1.1746,1026.12,-1.37922,-0.00114469,,195.376,-1007.35,-1.1746,1026.12,-1.37922,-0.00114469,,0,0,0,0,0,0,,0,0,0,0,0,0,,-3828.2,-3828.2,0,0,0,0,0,,0.725542,0.725542,0,0,0,0,0,,1.16438e+006,1.16438e+006,0,0,,184.7,-1013.15,3.6073,1029.86,-1.39047,0.00350274,,184.7,-1013.15,3.6073,1029.86,-1.39047,0.00350274,,0,0,0,0,0,0,,0,0,0,0,0,0,,-3829.4,-3829.4,-0,-0,-0,-0,-0
0,-1.1,0,,152.59,-1016.2,-3.55109,1027.6,-1.42175,-0.00345572,,152.59,-1016.2,-3.55109,1027.6,-1.42175,-0.00345572,,0,0,0,0,0,0,,0,0,0,0,0,0,,-3877.33,-3877.33,0,0,0,0,0,,1.10169,1.10169,0,0,0,0,0,,404047,404047,0,0,,132.467,-1019.64,-3.75218,1028.21,-1.4416,-0.00364924,,132.467,-1019.64,-3.75218,1028.21,-1.4416,-0.00364924,,0,0,0,0,0,0,,0,0,0,0,0,0,,-3875.24,-3875.24,-0,-0,-0,-0,-0
0,-1.15,0,,110.338,-1024.46,1.75834,1030.38,-1.46351,0.00170649,,110.338,-1024.46,1.75834,1030.38,-1.46351,0.00170649,,0,0,0,0,0,0,,0,0,0,0,0,0,,-3935.53,-3935.53,0,0,0,0,0,,0.365164,0.365164,0,0,0,0,0,,353582,353582,0,0,,110.77,-1026.28,9.79276,1032.29,-1.46328,0.00948661,,110.77,-1026.28,9.79276,1032.29,-1.46328,0.00948661,,0,0,0,0,0,0,,0,0,0,0,0,0,,-3937.39,-3937.39,-0,-0,-0,-0,-0
0,-1.2,0,,70.1281,-1031.16,1.5495,1033.54,-1.50289,0.00149921,,70.1281,-1031.16,1.5495,1033.54,-1.50289,0.00149921,,0,0,0,0,0,0,,0,0,0,0,0,0,,-3995.1,-3995.1,0,0,0,0,0,,0.335117,0.335117,0,0,0,0,0,,413805,413805,0,0,,58.9408,-1034.54,8.97316,1036.25,-1.51388,0.00865934,,58.9408,-1034.54,8.97316,1036.25,-1.51388,0.00865934,,0,0,0,0,0,0,,0,0,0,0,0,0,,-4000.18,-4000.18,-0,-0,-0,-0,-0
0,-1.25,0,,31.8164,-1034.8,14.0836,1035.38,-1.54006,0.0136027,,31.8164,-1034.8,14.0836,1035.38,-1.54006,0.0136027,,0,0,0,0,0,0,,0,0,0,0,0,0,,-4058.6,-4058.6,0,0,0,0,0,,0.697303,0.697303,0,0,0,0,0,,1.00488e+006,1.00488e+006,0,0,,18.1858,-1034.05,-1.6575,1034.21,-1.55321,-0.00160268,,18.1858,-1034.05,-1.6575,1034.21,-1.55321,-0.00160268,,0,0,0,0,0,0,,0,0,0,0,0,0,,-4061.09,-4061.09,-0,-0,-0,-0,-0
0,-1.3,0,,-13.0452,-1034.71,-7.66614,1034.82,-1.5834,-0.00740823,,-13.0452,-1034.71,-7.66614,1034.82,-1.5834,-0.00740823,,0,0,0,0,0,0,,0,0,0,0,0,0,,-4106.96,-4106.96,0,0,0,0,0,,0.929643,0.929643,0,0,0,0,0,,342291,342291,0,0,,-14.2429,-1035.63,-6.79007,1035.75,-1.58455,-0.00655577,,-14.2429,-1035.63,-6.79007,1035.75,-1.58455,-0.00655577,,0,0,0,0,0,0,,0,0,0,0,0,0,,-4100.44,-4100.44,-0,-0,-0,-0,-0
0,-1.35,0,,-39.3913,-1036.92,4.85876,1037.68,-1.60877,0.00468237,,-39.3913,-1036.92,4.85876,1037.68,-1.60877,0.00468237,,0,0,0,0,0,0,,0,0,0,0,0,0,,-4166.06,-4166.06,0,0,0,0,0,,0.742314,0.742314,0,0,0,0,0,,639215,639215,0,0,,-35.1612,-1039.52,-1.51986,1040.12,-1.60461,-0.00146124,,-35.1612,-1039.52,-1.51986,1040.12,-1.60461,-0.00146124,,0,0,0,0,0,0,,0,0,0,0,0,0,,-4170.26,-4170.26,-0,-0,-0,-0,-0
0,-1.4,0,,1.093,-1037.87,4.00408,1037.88,-1.56974,0.00385796,,1.093,-1037.87,4.00408,1037.88,-1.56974,0.00385796,,0,0,0,0,0,0,,0,0,0,0,0,0,,-4215.16,-4215.16,0,0,0,0,0,,0.346901,0.346901,0,0,0,0,0,,393738,393738,0,0,,6.37421,-1037.78,9.89629,1037.84,-1.56465,0.00953558,,6.37421,-1037.78,9.89629,1037.84,-1.56465,0.00953558,,0,0,0,0,0,0,,0,0,0,0,0,0,,-4213.72,-4213.72,-0,-0,-0,-0,-0
0,-1.45,0,,23.8135,-1039.81,6.98613,1040.1,-1.5479,0.00671683,,23.8135,-1039.81,6.98613,1040.1,-1.5479,0.00671683,,0,0,0,0,0,0,,0,0,0,0,0,0,,-4278.16,-4278.16,0,0,0,0,0,,0.573032,0.573032,0,0,0,0,0,,490467,490467,0,0,,23.5612,-1036.97,12.29,1037.31,-1.54808,0.0118481,,23.5612,-1036.97,12.29,1037.31,-1.54808,0.0118481,,0,0,0,0,0,0,,0,0,0,0,0,0,,-4271.14,-4271.14,-0,-0,-0,-0,-0
0,-1.5,0,,4.87204,-1041.4,1.9329,1041.42,-1.56612,0.00185603,,4.87204,-1041.4,1.9329,1041.42,-1.56612,0.00185603,,0,0,0,0,0,0,,0,0,0,0,0,0,,-4336.39,-4336.39,0,0,0,0,0,,0.559961,0.559961,0,0,0,0,0,,641341,641341,0,0,,-12.9718,-1039.62,14.5056,1039.8,-1.58327,0.0139508,,-12.9718,-1039.62,14.5056,1039.8,-1.58327,0.0139508,,0,0,0,0,0,0,,0,0,0,0,0,0,,-4336.85,-4336.85,-0,-0,-0,-0,-0
0,-1.45,0,,13.5262,-1040.49,-13.4648,1040.66,-1.5578,-0.012939,,13.5262,-1040.49,-13.4648,1040.66,-1.5578,-0.012939,,0,0,0,0,0,0,,0,0,0,0,0,0,,-4276.76,-4276.76,0,0,0,0,0,,2.21546,2.21546,0,0,0,0,0,,1.0206e+006,1.0206e+006,0,0,,10.1226,-1041.69,-23.5856,1042.01,-1.56108,-0.0226366,,10.1226,-1041.69,-23.5856,1042.01,-1.56108,-0.0226366,,0,0,0,0,0,0,,0,0,0,0,0,0,,-4289.9,-4289.9,-0,-0,-0,-0,-0
0,-1.4,0,,41.1017,-1039.54,-16.0653,1040.47,-1.53128,-0.015441,,41.1017,-1039.54,-16.0653,1040.47,-1.53128,-0.015441,,0,0,0,0,0,0,,0,0,0,0,0,0,,-4224.5,-4224.5,0,0,0,0,0,,0.830274,0.830274,0,0,0,0,0,,727845,727845,0,0,,30.0046,-1036.96,-3.87498,1037.4,-1.54187,-0.00373529,,30.0046,-1036.96,-3.87498,1037.4,-1.54187,-0.00373529,,0,0,0,0,0,0,,0,0,0,0,0,0,,-4212.12,-4212.12,-0,-0,-0,-0,-0
0,-1.35,0,,3.91471,-1038.44,15.4259,1038.56,-1.56703,0.0148537,,3.91471,-1038.44,15.4259,1038.56,-1.56703,0.0148537,,0,0,0,0,0,0,,0,0,0,0,0,0,,-4164.32,-4164.32,0,0,0,0,0,,0.661093,0.661093,0,0,0,0,0,,300216,300216,0,0,,12.6765,-1034.44,5.35228,1034.53,-1.55854,0.00517364,,12.6765,-1034.44,5.35228,1034.53,-1.55854,0.00517364,,0,0,0,0,0,0,,0,0,0,0,0,0,,-4155.55,-4155.55,-0,-0,-0,-0,-0
0,-1.3,0,,21.0878,-1037.68,2.45407,1037.9,-1.55048,0.00236447,,21.0878,-1037.68,2.45407,1037.9,-1.55048,0.00236447,,0,0,0,0,0,0,,0,0,0,0,0,0,,-4116.63,-4116.63,0,0,0,0,0,,0.565105,0.565105,0,0,0,0,0,,1.07423e+006,1.07423e+006,0,0,,50.1815,-1036.99,1.54755,1038.21,-1.52244,0.0014906,,50.1815,-1036.99,1.54755,1038.21,-1.52244,0.0014906,,0,0,0,0,0,0,,0,0,0,0,0,0,,-4117.68,-4117.68,-0,-0,-0,-0,-0
0,-1.25,0,,34.9235,-1036.43,1.19214,1037.02,-1.53711,0.00114959,,34.9235,-1036.43,1.19214,1037.02,-1.53711,0.00114959,,0,0,0,0,0,0,,0,0,0,0,0,0,,-4054.67,-4054.67,0,0,0,0,0,,0.309851,0.309851,0,0,0,0,0,,385934,385934,0,0,,36.3334,-1037.62,9.99225,1038.31,-1.53579,0.00962376,,36.3334,-1037.62,9.99225,1038.31,-1.53579,0.00962376,,0,0,0,0,0,0,,0,0,0,0,0,0,,-4056.38,-4056.38,-0,-0,-0,-0,-0
0,-1.2,0,,23.0044,-1034.77,29.4944,1035.45,-1.54857,0.0284885,,23.0044,-1034.77,29.4944,1035.45,-1.54857,0.0284885,,0,0,0,0,0,0,,0,0,0,0,0,0,,-4004.22,-4004.22,0,0,0,0,0,,0.377575,0.377575,0,0,0,0,0,,230882,230882,0,0,,22.2319,-1032.11,28.0571,1032.73,-1.54926,0.0271711,,22.2319,-1032.11,28.0571,1032.73,-1.54926,0.0271711,,0,0,0,0,0,0,,0,0,0,0,0,0,,-4004.67,-4004.67,-0,-0,-0,-0,-0
0,-1.15,0,,0.69155,-1033.27,-23.0433,1033.53,-1.57013,-0.0222976,,0.69155,-1033.27,-23.0433,1033.53,-1.57013,-0.0222976,,0,0,0,0,0,0,,0,0,0,0,0,0,,-3950.17,-3950.17,0,0,0,0,0,,0.57595,0.57595,0,0,0,0,0,,539824,539824,0,0,,2.81774,-1031.8,-32.8556,1032.33,-1.56807,-0.031832,,2.81774,-1031.8,-32.8556,1032.33,-1.56807,-0.031832,,0,0,0,0,0,0,,0,0,0,0,0,0,,-3951.69,-3951.69,-0,-0,-0,-0,-0
0,-1.1,0,,-7.94774,-1033.64,-20.7916,1033.88,-1.57849,-0.0201117,,-7.94774,-1033.64,-20.7916,1033.88,-1.57849,-0.0201117,,0,0,0,0,0,0,,0,0,0,0,0,0,,-3896.4,-3896.4,0,0,0,0,0,,0.307064,0.307064,0,0,0,0,0,,430011,430011,0,0,,-15.8821,-1032.46,-20.0381,1032.78,-1.58618,-0.0194034,,-15.8821,-1032.46,-20.0381,1032.78,-1.58618,-0.0194034,,0,0,0,0,0,0,,0,0,0,0,0,0,,-3885.76,-3885.76,-0,-0,-0,-0,-0
0,-1.05,0,,-55.3802,-1031.27,-9.72021,1032.8,-1.62445,-0.00941165,,-55.3802,-1031.27,-9.72021,1032.8,-1.62445,-0.00941165,,0,0,0,0,0,0,,0,0,0,0,0,0,,-3835.73,-3835.73,0,0,0,0,0,,0.328102,0.328102,0,0,0,0,0,,855858,855858,0,0,,-55.2522,-1030.53,-6.26133,1032.03,-1.62436,-0.00606703,,-55.2522,-1030.53,-6.26133,1032.03,-1.62436,-0.00606703,,0,0,0,0,0,0,,0,0,0,0,0,0,,-3837.15,-3837.15,-0,-0,-0,-0,-0
0,-1,0,,-36.4,-1030.23,1.22924,1030.87,-1.60611,0.00119243,,-36.4,-1030.23,1.22924,1030.87,-1.60611,0.00119243,,0,0,0,0,0,0,,0,0,0,0,0,0,,-3789.87,-3789.87,0,0,0,0,0,,0.246577,0.246577,0,0,0,0,0,,918306,918306,0,0,,-62.9513,-1026.5,12.1673,1028.5,-1.63205,0.0118305,,-62.9513,-1026.5,12.1673,1028.5,-1.63205,0.0118305,,0,0,0,0,0,0,,0,0,0,0,0,0,,-3782.29,-3782.29,-0,-0,-0,-0,-0
0,-0.95,0,,-82.8695,-1022.82,9.50183,1026.21,-1.65164,0.00925925,,-82.8695,-1022.82,9.50183,1026.21,-1.65164,0.00925925,,0,0,0,0,0,0,,0,0,0,0,0,0,,-3720.57,-3720.57,0,0,0,0,0,,0.704392,0.704392,0,0,0,0,0,,488155,488155,0,0,,-88.8918,-1022.26,9.27803,1026.16,-1.65753,0.00904164,,-88.8918,-1022.26,9.27803,1026.16,-1.65753,0.00904164,,0,0,0,0,0,0,,0,0,0,0,0,0,,-3718.88,-3718.88,-0,-0,-0,-0,-0
0,-0.9,0,,-143.866,-1018.53,-15.0273,1028.75,-1.71112,-0.0146079,,-143.866,-1018.53,-15.0273,1028.75,-1.71112,-0.0146079,,0,0,0,0,0,0,,0,0,0,0,0,0,,-3673.19,-3673.19,0,0,0,0,0,,0.209442,0.209442,0,0,0,0,0,,846806,846806,0,0,,-160.209,-1014.47,-1.54461,1027.05,-1.72743,-0.00150393,,-160.209,-1014.47,-1.54461,1027.05,-1.72743,-0.00150393,,0,0,0,0,0,0,,0,0,0,0,0,0,,-3669.53,-3669.53,-0,-0,-0,-0,-0
0,-0.85,0,,-191.745,-1003.6,2.48154,1021.76,-1.75958,0.0024287,,-191.745,-1003.6,2.48154,1021.76,-1.75958,0.0024287,,0,0,0,0,0,0,,0,0,0,0,0,0,,-3612.71,-3612.71,0,0,0,0,0,,1.55116,1.55116,0,0,0,0,0,,467083,467083,0,0,,-207.844,-1006.07,-3.43528,1027.32,-1.77452,-0.00334394,,-207.844,-1006.07,-3.43528,1027.32,-1.77452,-0.00334394,,0,0,0,0,0,0,,0,0,0,0,0,0,,-3625.54,-3625.54,-0,-0,-0,-0,-0
0,-0.8,0,,-203.656,-999.64,11.0566,1020.23,-1.77177,0.0108376,,-203.656,-999.64,11.0566,1020.23,-1.77177,0.0108376,,0,0,0,0,0,0,,0,0,0,0,0,0,,-3557.33,-3557.33,0,0,0,0,0,,0.526527,0.526527,0,0,0,0,0,,204684,204684,0,0,,-205.293,-995.8,3.91011,1016.75,-1.77411,0.00384571,,-205.293,-995.8,3.91011,1016.75,-1.77411,0.00384571,,0,0,0,0,0,0,,0,0,0,0,0,0,,-3551.22,-3551.22,-0,-0,-0,-0,-0
0,-0.75,0,,-221.602,-994.928,-27.1694,1019.67,-1.78995,-0.0266485,,-221.602,-994.928,-27.1694,1019.67,-1.78995,-0.0266485,,0,0,0,0,0,0,,0,0,0,0,0,0,,-3510.11,-3510.11,0,0,0,0,0,,0.384145,0.384145,0,0,0,0,0,,263015,263015,0,0,,-225.963,-996.257,-18.0743,1021.72,-1.79383,-0.017691,,-225.963,-996.257,-18.0743,1021.72,-1.79383,-0.017691,,0,0,0,0,0,0,,0,0,0,0,0,0,,-3508.09,-3508.09,-0,-0,-0,-0,-0
0,-0.7,0,,-198.681,-1001.66,-19.5465,1021.37,-1.76661,-0.0191387,,-198.681,-1001.66,-19.5465,1021.37,-1.76661,-0.0191387,,0,0,0,0,0,0,,0,0,0,0,0,0,,-3460.39,-3460.39,0,0,0,0,0,,0.244609,0.244609,0,0,0,0,0,,1.08305e+006,1.08305e+006,0,0,,-206.278,-1000.17,-28.8911,1021.63,-1.77419,-0.0282832,,-206.278,-1000.17,-28.8911,1021.63,-1.77419,-0.0282832,,0,0,0,0,0,0,,0,0,0,0,0,0,,-3458.54,-3458.54,-0,-0,-0,-0,-0
0,-0.65,0,,-237.636,-990.764,-28.8657,1019.27,-1.8062,-0.0283237,,-237.636,-990.764,-28.8657,1019.27,-1.8062,-0.0283237,,0,0,0,0,0,0,,0,0,0,0,0,0,,-3418.51,-3418.51,0,0,0,0,0,,0.319923,0.319923,0,0,0,0,0,,316345,316345,0,0,,-252.205,-985.16,-26.4189,1017.27,-1.82142,-0.0259732,,-252.205,-985.16,-26.4189,1017.27,-1.82142,-0.0259732,,0,0,0,0,0,0,,0,0,0,0,0,0,,-3413.44,-3413.44,-0,-0,-0,-0,-0
0,-0.6,0,,-305.85,-966.007,-2.80117,1013.27,-1.87742,-0.00276448,,-305.85,-966.007,-2.80117,1013.27,-1.87742,-0.00276448,,0,0,0,0,0,0,,0,0,0,0,0,0,,-3359.6,-3359.6,0,0,0,0,0,,1.02,1.02,0,0,0,0,0,,1.63351e+006,1.63351e+006,0,0,,-324.526,-953.229,4.18136,1006.97,-1.89894,0.00415245,,-324.526,-953.229,4.18136,1006.97,-1.89894,0.00415245,,0,0,0,0,0,0,,0,0,0,0,0,0,,-3357.34,-3357.34,-0,-0,-0,-0,-0
0,-0.55,0,,-404.132,-921.4,-4.33748,1006.14,-1.98414,-0.00431102,,-404.132,-921.4,-4.33748,1006.14,-1.98414,-0.00431102,,0,0,0,0,0,0,,0,0,0,0,0,0,,-3322.58,-3322.58,0,0,0,0,0,,0.440187,0.440187,0,0,0,0,0,,3.00769e+006,3.00769e+006,0,0,,-438.67,-905.553,-4.3695,1006.22,-2.0219,-0.0043425,,-438.67,-905.553,-4.3695,1006.22,-2.0219,-0.0043425,,0,0,0,0,0,0,,0,0,0,0,0,0,,-3318.4,-3318.4,-0,-0,-0,-0,-0
0,-0.5,0,,-507.495,-871.555,-25.5693,1008.87,-2.09809,-0.0253473,,-507.495,-871.555,-25.5693,1008.87,-2.09809,-0.0253473,,0,0,0,0,0,0,,0,0,0,0,0,0,,-3289.97,-3289.97,0,0,0,0,0,,0.913058,0.913058,0,0,0,0,0,,3.54257e+006,3.54257e+006,0,0,,-555.112,-842.936,-27.4039,1009.67,-2.15316,-0.0271447,,-555.112,-842.936,-27.4039,1009.67,-2.15316,-0.0271447,,0,0,0,0,0,0,,0,0,0,0,0,0,,-3292.86,-3292.86,-0,-0,-0,-0,-0
0,-0.45,0,,-668.893,-767.917,-12.5954,1018.47,-2.28738,-0.0123673,,-668.893,-767.917,-12.5954,1018.47,-2.28738,-0.0123673,,0,0,0,0,0,0,,0,0,0,0,0,0,,-3274.71,-3274.71,0,0,0,0,0,,0.942914,0.942914,0,0,0,0,0,,2.89402e+006,2.89402e+006,0,0,,-689.657,-756.957,-33.803,1024.57,-2.30971,-0.0329982,,-689.657,-756.957,-33.803,1024.57,-2.30971,-0.0329982,,0,0,0,0,0,0,,0,0,0,0,0,0,,-3283.46,-3283.46,-0,-0,-0,-0,-0
0,-0.4,0,,-804.358,-641.369,-30.6455,1029.22,-2.46846,-0.0297799,,-804.358,-641.369,-30.6455,1029.22,-2.46846,-0.0297799,,0,0,0,0,0,0,,0,0,0,0,0,0,,-3280.8,-3280.8,0,0,0,0,0,,0.299703,0.299703,0,0,0,0,0,,3.39582e+006,3.39582e+006,0,0,,-833.743,-603.289,-50.8729,1030.38,-2.51521,-0.0493932,,-833.743,-603.289,-50.8729,1030.38,-2.51521,-0.0493932,,0,0,0,0,0,0,,0,0,0,0,0,0,,-3286.19,-3286.19,-0,-0,-0,-0,-0
0,-0.35,0,,-888.416,-532.011,-38.4618,1036.24,-2.60203,-0.0371252,,-888.416,-532.011,-38.4618,1036.24,-2.60203,-0.0371252,,0,0,0,0,0,0,,0,0,0,0,0,0,,-3280.08,-3280.08,0,0,0,0,0,,0.342972,0.342972,0,0,0,0,0,,978599,978599,0,0,,-896.605,-521.753,-43.0965,1038.26,-2.61457,-0.0415203,,-896.605,-521.753,-43.0965,1038.26,-2.61457,-0.0415203,,0,0,0,0,0,0,,0,0,0,0,0,0,,-3287.36,-3287.36,-0,-0,-0,-0,-0
0,-0.3,0,,-940.724,-434.876,-34.8643,1036.96,-2.70858,-0.0336279,,-940.724,-434.876,-34.8643,1036.96,-2.70858,-0.0336279,,0,0,0,0,0,0,,0,0,0,0,0,0,,-3270.03,-3270.03,0,0,0,0,0,,0.406179,0.406179,0,0,0,0,0,,1.27808e+006,1.27808e+006,0,0,,-953.382,-415.673,-32.665,1040.57,-2.73044,-0.0313966,,-953.382,-415.673,-32.665,1040.57,-2.73044,-0.0313966,,0,0,0,0,0,0,,0,0,0,0,0,0,,-3277.36,-3277.36,-0,-0,-0,-0,-0
0,-0.25,0,,-971.437,-369.047,-11.1844,1039.24,-2.77853,-0.0107624,,-971.437,-369.047,-11.1844,1039.24,-2.77853,-0.0107624,,0,0,0,0,0,0,,0,0,0,0,0,0,,-3258.47,-3258.47,0,0,0,0,0,,1.01441,1.01441,0,0,0,0,0,,714885,714885,0,0,,-975.91,-357.614,2.82486,1039.37,-2.79035,0.00271785,,-975.91,-357.614,2.82486,1039.37,-2.79035,0.00271785,,0,0,0,0,0,0,,0,0,0,0,0,0,,-3261.26,-3261.26,-0,-0,-0,-0,-0
0,-0.2,0,,-991.493,-303.074,7.12055,1036.8,-2.84494,0.00686784,,-991.493,-303.074,7.12055,1036.8,-2.84494,0.00686784,,0,0,0,0,0,0,,0,0,0,0,0,0,,-3238.72,-3238.72,0,0,0,0,0,,0.821199,0.821199,0,0,0,0,0,,1.10697e+006,1.10697e+006,0,0,,-991.713,-295.682,14.6304,1034.96,-2.85183,0.0141367,,-991.713,-295.682,14.6304,1034.96,-2.85183,0.0141367,,0,0,0,0,0,0,,0,0,0,0,0,0,,-3228.5,-3228.5,-0,-0,-0,-0,-0
0,-0.15,0,,-1007.63,-243.328,24.7916,1036.89,-2.90464,0.0239119,,-1007.63,-243.328,24.7916,1036.89,-2.90464,0.0239119,,0,0,0,0,0,0,,0,0,0,0,0,0,,-3228.81,-3228.81,0,0,0,0,0,,0.329677,0.329677,0,0,0,0,0,,1.93568e+006,1.93568e+006,0,0,,-1014.04,-215.387,7.23153,1036.69,-2.9323,0.00697565,,-1014.04,-215.387,7.23153,1036.69,-2.9323,0.00697565,,0,0,0,0,0,0,,0,0,0,0,0,0,,-3231.23,-3231.23,-0,-0,-0,-0,-0
0,-0.1,0,,-1024.27,-170.604,23.4937,1038.65,-2.97655,0.0226215,,-1024.27,-170.604,23.4937,1038.65,-2.97655,0.0226215,,0,0,0,0,0,0,,0,0,0,0,0,0,,-3230.26,-3230.26,0,0,0,0,0,,0.298794,0.298794,0,0,0,0,0,,895339,895339,0,0,,-1024.29,-160.2,14.1628,1036.84,-2.98645,0.01366,,-1024.29,-160.2,14.1628,1036.84,-2.98645,0.01366,,0,0,0,0,0,0,,0,0,0,0,0,0,,-3230.68,-3230.68,-0,-0,-0,-0,-0
0,-0.05,0,,-1030.65,-126.297,17.1812,1038.5,-3.01966,0.016545,,-1030.65,-126.297,17.1812,1038.5,-3.01966,0.016545,,0,0,0,0,0,0,,0,0,0,0,0,0,,-3216.52,-3216.52,0,0,0,0,0,,0.556914,0.556914,0,0,0,0,0,,366439,366439,0,0,,-1033.08,-117.701,30.7758,1040.22,-3.02815,0.0295901,,-1033.08,-117.701,30.7758,1040.22,-3.02815,0.0295901,,0,0,0,0,0,0,,0,0,0,0,0,0,,-3220.21,-3220.21,-0,-0,-0,-0,-0
0,7.63278e-016,0,,-1036.25,-41.2448,23.5594,1037.34,-3.10181,0.0227133,,-1036.25,-41.2448,23.5594,1037.34,-3.10181,0.0227133,,0,0,0,0,0,0,,0,0,0,0,0,0,,-3212.9,-3212.9,0,0,0,0,0,,0.372478,0.372478,0,0,0,0,0,,1.48959e+006,1.48959e+006,0,0,,-1037.77,-40.6963,37.9002,1039.26,-3.1024,0.0364766,,-1037.77,-40.6963,37.9002,1039.26,-3.1024,0.0364766,,0,0,0,0,0,0,,0,0,0,0,0,0,,-3215.89,-3215.89,-0,-0,-0,-0,-0
0,0.05,0,,-1036.89,29.8659,5.46813,1037.34,3.1128,0.00527134,,-1036.89,29.8659,5.46813,1037.34,3.1128,0.00527134,,0,0,0,0,0,0,,0,0,0,0,0,0,,-3215.39,-3215.39,0,0,0,0,0,,0.437121,0.437121,0,0,0,0,0,,1.28043e+006,1.28043e+006,0,0,,-1037.47,34.9738,-8.53673,1038.1,3.10789,-0.00822353,,-1037.47,34.9738,-8.53673,1038.1,3.10789,-0.00822353,,0,0,0,0,0,0,,0,0,0,0,0,0,,-3220.9,-3220.9,-0,-0,-0,-0,-0
0,0.1,0,,-1034.75,77.7662,9.11608,1037.71,3.06658,0.00878495,,-1034.75,77.7662,9.11608,1037.71,3.06658,0.00878495,,0,0,0,0,0,0,,0,0,0,0,0,0,,-3224.13,-3224.13,0,0,0,0,0,,0.486938,0.486938,0,0,0,0,0,,717050,717050,0,0,,-1035.37,91.2706,17.6927,1039.53,3.05367,0.0170207,,-1035.37,91.2706,17.6927,1039.53,3.05367,0.0170207,,0,0,0,0,0,0,,0,0,0,0,0,0,,-3231.02,-3231.02,-0,-0,-0,-0,-0
0,0.15,0,,-1024.65,156.662,-5.48411,1036.57,2.98987,-0.00529066,,-1024.65,156.662,-5.48411,1036.57,2.98987,-0.00529066,,0,0,0,0,0,0,,0,0,0,0,0,0,,-3229.29,-3229.29,0,0,0,0,0,,0.304192,0.304192,0,0,0,0,0,,1.49582e+006,1.49582e+006,0,0,,-1024.23,164.536,-19.0907,1037.53,2.98231,-0.0184011,,-1024.23,164.536,-19.0907,1037.53,2.98231,-0.0184011,,0,0,0,0,0,0,,0,0,0,0,0,0,,-3226.38,-3226.38,-0,-0,-0,-0,-0
0,0.2,0,,-1020.84,195.389,-24.0951,1039.65,2.95248,-0.0231783,,-1020.84,195.389,-24.0951,1039.65,2.95248,-0.0231783,,0,0,0,0,0,0,,0,0,0,0,0,0,,-3245.41,-3245.41,0,0,0,0,0,,0.425406,0.425406,0,0,0,0,0,,675625,675625,0,0,,-1018.73,209.228,-17.9552,1040.15,2.93903,-0.0172631,,-1018.73,209.228,-17.9552,1040.15,2.93903,-0.0172631,,0,0,0,0,0,0,,0,0,0,0,0,0,,-3241.14,-3241.14,-0,-0,-0,-0,-0
0,0.25,0,,-1007.24,260.961,-16.6505,1040.63,2.88808,-0.0160011,,-1007.24,260.961,-16.6505,1040.63,2.88808,-0.0160011,,0,0,0,0,0,0,,0,0,0,0,0,0,,-3268.8,-3268.8,0,0,0,0,0,,1.05704,1.05704,0,0,0,0,0,,1.13825e+006,1.13825e+006,0,0,,-1003.01,269.242,-12.7499,1038.6,2.87934,-0.0122764,,-1003.01,269.242,-12.7499,1038.6,2.87934,-0.0122764,,0,0,0,0,0,0,,0,0,0,0,0,0,,-3265.13,-3265.13,-0,-0,-0,-0,-0
0,0.3,0,,-991.762,304.983,-11.9692,1037.67,2.84325,-0.011535,,-991.762,304.983,-11.9692,1037.67,2.84325,-0.011535,,0,0,0,0,0,0,,0,0,0,0,0,0,,-3271.18,-3271.18,0,0,0,0,0,,1.98606,1.98606,0,0,0,0,0,,299394,299394,0,0,,-994.112,309.166,-7.36207,1041.1,2.84008,-0.00707147,,-994.112,309.166,-7.36207,1041.1,2.84008,-0.00707147,,0,0,0,0,0,0,,0,0,0,0,0,0,,-3284.43,-3284.43,-0,-0,-0,-0,-0
0,0.35,0,,-970.092,366.141,13.4383,1036.98,2.78069,0.0129594,,-970.092,366.141,13.4383,1036.98,2.78069,0.0129594,,0,0,0,0,0,0,,0,0,0,0,0,0,,-3289.81,-3289.81,0,0,0,0,0,,0.435729,0.435729,0,0,0,0,0,,604984,604984,0,0,,-966.365,370.955,-3.49317,1035.12,2.77507,-0.00337465,,-966.365,370.955,-3.49317,1035.12,2.77507,-0.00337465,,0,0,0,0,0,0,,0,0,0,0,0,0,,-3287.68,-3287.68,-0,-0,-0,-0,-0
0,0.4,0,,-937.908,451.211,8.0587,1040.83,2.69319,0.00774265,,-937.908,451.211,8.0587,1040.83,2.69319,0.00774265,,0,0,0,0,0,0,,0,0,0,0,0,0,,-3322.21,-3322.21,0,0,0,0,0,,1.54914,1.54914,0,0,0,0,0,,842085,842085,0,0,,-929.537,463.32,-4.01535,1038.61,2.67919,-0.00386607,,-929.537,463.32,-4.01535,1038.61,2.67919,-0.00386607,,0,0,0,0,0,0,,0,0,0,0,0,0,,-3316.16,-3316.16,-0,-0,-0,-0,-0
0,0.45,0,,-913.874,485.881,6.11437,1035.03,2.65293,0.00590748,,-913.874,485.881,6.11437,1035.03,2.65293,0.00590748,,0,0,0,0,0,0,,0,0,0,0,0,0,,-3329.91,-3329.91,0,0,0,0,0,,0.753185,0.753185,0,0,0,0,0,,679864,679864,0,0,,-905.051,502.815,0.986828,1035.35,2.63449,0.000953139,,-905.051,502.815,0.986828,1035.35,2.63449,0.000953139,,0,0,0,0,0,0,,0,0,0,0,0,0,,-3333.59,-3333.59,-0,-0,-0,-0,-0
0,0.5,0,,-869.942,559.848,30.9283,1034.98,2.56977,0.0298874,,-869.942,559.848,30.9283,1034.98,2.56977,0.0298874,,0,0,0,0,0,0,,0,0,0,0,0,0,,-3358.21,-3358.21,0,0,0,0,0,,0.43297,0.43297,0,0,0,0,0,,974670,974670,0,0,,-864.969,570.419,31.7921,1036.61,2.55859,0.0306741,,-864.969,570.419,31.7921,1036.61,2.55859,0.0306741,,0,0,0,0,0,0,,0,0,0,0,0,0,,-3361.77,-3361.77,-0,-0,-0,-0,-0
0,0.55,0,,-839.134,615.755,12.3792,1040.89,2.50854,0.0118932,,-839.134,615.755,12.3792,1040.89,2.50854,0.0118932,,0,0,0,0,0,0,,0,0,0,0,0,0,,-3407.38,-3407.38,0,0,0,0,0,,0.565754,0.565754,0,0,0,0,0,,528332,528332,0,0,,-826.105,628.473,11.6236,1038.06,2.49124,0.0111977,,-826.105,628.473,11.6236,1038.06,2.49124,0.0111977,,0,0,0,0,0,0,,0,0,0,0,0,0,,-3396.43,-3396.43,-0,-0,-0,-0,-0
0,0.6,0,,-803.293,655.064,2.49101,1036.53,2.45749,0.00240322,,-803.293,655.064,2.49101,1036.53,2.45749,0.00240322,,0,0,0,0,0,0,,0,0,0,0,0,0,,-3434.02,-3434.02,0,0,0,0,0,,1.34572,1.34572,0,0,0,0,0,,429925,429925,0,0,,-798.489,657.431,1.95796,1034.31,2.45278,0.00189301,,-798.489,657.431,1.95796,1034.31,2.45278,0.00189301,,0,0,0,0,0,0,,0,0,0,0,0,0,,-3418.73,-3418.73,-0,-0,-0,-0,-0
0,0.65,0,,-772.918,685.983,18.3068,1033.59,2.41571,0.0177128,,-772.918,685.983,18.3068,1033.59,2.41571,0.0177128,,0,0,0,0,0,0,,0,0,0,0,0,0,,-3453.77,-3453.77,0,0,0,0,0,,1.21075,1.21075,0,0,0,0,0,,534419,534419,0,0,,-764.092,696.488,16.544,1034.02,2.40245,0.0160003,,-764.092,696.488,16.544,1034.02,2.40245,0.0160003,,0,0,0,0,0,0,,0,0,0,0,0,0,,-3456.14,-3456.14,-0,-0,-0,-0,-0
0,0.7,0,,-724.123,742.092,13.8909,1036.94,2.34394,0.0133964,,-724.123,742.092,13.8909,1036.94,2.34394,0.0133964,,0,0,0,0,0,0,,0,0,0,0,0,0,,-3503.45,-3503.45,0,0,0,0,0,,1.23699,1.23699,0,0,0,0,0,,2.34669e+006,2.34669e+006,0,0,,-705.424,761.637,-11.2463,1038.19,2.3179,-0.0108328,,-705.424,761.637,-11.2463,1038.19,2.3179,-0.0108328,,0,0,0,0,0,0,,0,0,0,0,0,0,,-3514.69,-3514.69,-0,-0,-0,-0,-0
0,0.75,0,,-655.878,800.934,10.7583,1035.27,2.25695,0.0103919,,-655.878,800.934,10.7583,1035.27,2.25695,0.0103919,,0,0,0,0,0,0,,0,0,0,0,0,0,,-3533.2,-3533.2,0,0,0,0,0,,0.438821,0.438821,0,0,0,0,0,,1.25639e+006,1.25639e+006,0,0,,-635.317,820.134,14.592,1037.53,2.22989,0.0140646,,-635.317,820.134,14.592,1037.53,2.22989,0.0140646,,0,0,0,0,0,0,,0,0,0,0,0,0,,-3541.95,-3541.95,-0,-0,-0,-0,-0
0,0.8,0,,-596.685,845.138,-17.3015,1034.69,2.18555,-0.0167222,,-596.685,845.138,-17.3015,1034.69,2.18555,-0.0167222,,0,0,0,0,0,0,,0,0,0,0,0,0,,-3583.16,-3583.16,0,0,0,0,0,,0.512626,0.512626,0,0,0,0,0,,1.20513e+006,1.20513e+006,0,0,,-587.207,852.022,-4.80161,1034.78,2.17423,-0.00464023,,-587.207,852.022,-4.80161,1034.78,2.17423,-0.00464023,,0,0,0,0,0,0,,0,0,0,0,0,0,,-3576.4,-3576.4,-0,-0,-0,-0,-0
0,0.85,0,,-515.046,893.143,3.96397,1031.01,2.09388,0.00384474,,-515.046,893.143,3.96397,1031.01,2.09388,0.00384474,,0,0,0,0,0,0,,0,0,0,0,0,0,,-3618.67,-3618.67,0,0,0,0,0,,0.326714,0.326714,0,0,0,0,0,,1.15506e+006,1.15506e+006,0,0,,-500.422,902.367,19.3788,1032.02,2.07714,0.0187786,,-500.422,902.367,19.3788,1032.02,2.07714,0.0187786,,0,0,0,0,0,0,,0,0,0,0,0,0,,-3630.21,-3630.21,-0,-0,-0,-0,-0
0,0.9,0,,-486.569,908.636,17.7089,1030.86,2.06243,0.0171796,,-486.569,908.636,17.7089,1030.86,2.06243,0.0171796,,0,0,0,0,0,0,,0,0,0,0,0,0,,-3662.52,-3662.52,0,0,0,0,0,,0.772181,0.772181,0,0,0,0,0,,451183,451183,0,0,,-475.437,916.712,8.81098,1032.7,2.04924,0.00853205,,-475.437,916.712,8.81098,1032.7,2.04924,0.00853205,,0,0,0,0,0,0,,0,0,0,0,0,0,,-3669.83,-3669.83,-0,-0,-0,-0,-0
0,0.95,0,,-422.429,939.517,-6.57179,1030.14,1.99334,-0.00637958,,-422.429,939.517,-6.57179,1030.14,1.99334,-0.00637958,,0,0,0,0,0,0,,0,0,0,0,0,0,,-3720.57,-3720.57,0,0,0,0,0,,0.691293,0.691293,0,0,0,0,0,,502982,502982,0,0,,-412.848,944.096,-11.8268,1030.49,1.98303,-0.0114772,,-412.848,944.096,-11.8268,1030.49,1.98303,-0.0114772,,0,0,0,0,0,0,,0,0,0,0,0,0,,-3728.18,-3728.18,-0,-0,-0,-0,-0
0,1,0,,-347.623,970.538,-34.1452,1031.48,1.91474,-0.0331092,,-347.623,970.538,-34.1452,1031.48,1.91474,-0.0331092,,0,0,0,0,0,0,,0,0,0,0,0,0,,-3777.37,-3777.37,0,0,0,0,0,,0.1517,0.1517,0,0,0,0,0,,2.18298e+006,2.18298e+006,0,0,,-324.411,974.899,-31.9589,1027.96,1.89203,-0.0310947,,-324.411,974.899,-31.9589,1027.96,1.89203,-0.0310947,,0,0,0,0,0,0,,0,0,0,0,0,0,,-3775.85,-3775.85,-0,-0,-0,-0,-0
0,1.05,0,,-275.707,992.972,-28.92,1030.94,1.84163,-0.0280556,,-275.707,992.972,-28.92,1030.94,1.84163,-0.0280556,,0,0,0,0,0,0,,0,0,0,0,0,0,,-3829.52,-3829.52,0,0,0,0,0,,0.406117,0.406117,0,0,0,0,0,,1.02856e+006,1.02856e+006,0,0,,-253.609,999.618,-23.5283,1031.56,1.81926,-0.0228105,,-253.609,999.618,-23.5283,1031.56,1.81926,-0.0228105,,0,0,0,0,0,0,,0,0,0,0,0,0,,-3833.07,-3833.07,-0,-0,-0,-0,-0
0,1.1,0,,-207.701,1010.92,-9.56856,1032.08,1.77343,-0.00927129,,-207.701,1010.92,-9.56856,1032.08,1.77343,-0.00927129,,0,0,0,0,0,0,,0,0,0,0,0,0,,-3883.25,-3883.25,0,0,0,0,0,,1.0097,1.0097,0,0,0,0,0,,983670,983670,0,0,,-196.828,1009.11,5.57078,1028.14,1.76343,0.00541835,,-196.828,1009.11,5.57078,1028.14,1.76343,0.00541835,,0,0,0,0,0,0,,0,0,0,0,0,0,,-3873.61,-3873.61,-0,-0,-0,-0,-0
0,1.15,0,,-172.105,1021.66,13.9341,1036.15,1.73768,0.0134484,,-172.105,1021.66,13.9341,1036.15,1.73768,0.0134484,,0,0,0,0,0,0,,0,0,0,0,0,0,,-3947.69,-3947.69,0,0,0,0,0,,0.737599,0.737599,0,0,0,0,0,,356257,356257,0,0,,-173.156,1021.67,30.1383,1036.67,1.73868,0.0290762,,-173.156,1021.67,30.1383,1036.67,1.73868,0.0290762,,0,0,0,0,0,0,,0,0,0,0,0,0,,-3953.33,-3953.33,-0,-0,-0,-0,-0
0,1.2,0,,-122.111,1028.06,7.77076,1035.32,1.68902,0.00750573,,-122.111,1028.06,7.77076,1035.32,1.68902,0.00750573,,0,0,0,0,0,0,,0,0,0,0,0,0,,-3999.59,-3999.59,0,0,0,0,0,,1.12476,1.12476,0,0,0,0,0,,602522,602522,0,0,,-133.419,1024.69,-4.69702,1033.35,1.70027,-0.00454546,,-133.419,1024.69,-4.69702,1033.35,1.70027,-0.00454546,,0,0,0,0,0,0,,0,0,0,0,0,0,,-3991.08,-3991.08,-0,-0,-0,-0,-0
0,1.25,0,,-112.733,1029.36,1.34003,1035.52,1.67988,0.00129407,,-112.733,1029.36,1.34003,1035.52,1.67988,0.00129407,,0,0,0,0,0,0,,0,0,0,0,0,0,,-4054.46,-4054.46,0,0,0,0,0,,1.22419,1.22419,0,0,0,0,0,,254924,254924,0,0,,-100.977,1034.33,5.3328,1039.26,1.66811,0.00513136,,-100.977,1034.33,5.3328,1039.26,1.66811,0.00513136,,0,0,0,0,0,0,,0,0,0,0,0,0,,-4060.39,-4060.39,-0,-0,-0,-0,-0
0,1.3,0,,-63.1253,1035.89,16.7497,1037.95,1.63166,0.0161379,,-63.1253,1035.89,16.7497,1037.95,1.63166,0.0161379,,0,0,0,0,0,0,,0,0,0,0,0,0,,-4113.37,-4113.37,0,0,0,0,0,,0.166851,0.166851,0,0,0,0,0,,683687,683687,0,0,,-83.8003,1032.93,27.4384,1036.69,1.65175,0.0264704,,-83.8003,1032.93,27.4384,1036.69,1.65175,0.0264704,,0,0,0,0,0,0,,0,0,0,0,0,0,,-4113.84,-4113.84,-0,-0,-0,-0,-0
0,1.35,0,,-38.3189,1036,-3.07307,1036.72,1.60777,-0.00296424,,-38.3189,1036,-3.07307,1036.72,1.60777,-0.00296424,,0,0,0,0,0,0,,0,0,0,0,0,0,,-4153.93,-4153.93,0,0,0,0,0,,0.395618,0.395618,0,0,0,0,0,,723322,723322,0,0,,-34.6719,1035.39,-5.46633,1035.98,1.60427,-0.0052765,,-34.6719,1035.39,-5.46633,1035.98,1.60427,-0.0052765,,0,0,0,0,0,0,,0,0,0,0,0,0,,-4154.31,-4154.31,-0,-0,-0,-0,-0
0,1.4,0,,22.0589,1036.58,-2.61763,1036.81,1.54952,-0.00252469,,22.0589,1036.58,-2.61763,1036.81,1.54952,-0.00252469,,0,0,0,0,0,0,,0,0,0,0,0,0,,-4209.45,-4209.45,0,0,0,0,0,,1.42946,1.42946,0,0,0,0,0,,479080,479080,0,0,,19.5302,1035.11,0.56333,1035.3,1.55193,0.000544124,,19.5302,1035.11,0.56333,1035.3,1.55193,0.000544124,,0,0,0,0,0,0,,0,0,0,0,0,0,,-4206.46,-4206.46,-0,-0,-0,-0,-0
0,1.45,0,,16.1438,1036.51,5.45867,1036.65,1.55522,0.0052657,,16.1438,1036.51,5.45867,1036.65,1.55522,0.0052657,,0,0,0,0,0,0,,0,0,0,0,0,0,,-4265.11,-4265.11,0,0,0,0,0,,0.441372,0.441372,0,0,0,0,0,,629323,629323,0,0,,13.893,1036.2,2.24393,1036.29,1.55739,0.00216535,,13.893,1036.2,2.24393,1036.29,1.55739,0.00216535,,0,0,0,0,0,0,,0,0,0,0,0,0,,-4268.91,-4268.91,-0,-0,-0,-0,-0
