B_x,B_y,B_z,,<M>_x,<M>_y,<M>_z,<M>_norm,<M>_theta,<M>_phi,,<ML>_x,<ML>_y,<ML>_z,<ML>_norm,<ML>_theta,<ML>_phi,,<MR>_x,<MR>_y,<MR>_z,<MR>_norm,<MR>_theta,<MR>_phi,,<Mm>_x,<Mm>_y,<Mm>_z,<Mm>_norm,<Mm>_theta,<Mm>_phi,,<U>,<UL>,<UR>,<Um>,<UmL>,<UmR>,<ULR>,,c,cL,cR,cm,cmL,cmR,cLR,,x,xL,xR,xm,,M_x,M_y,M_z,M_norm,M_theta,M_phi,,ML_x,ML_y,ML_z,ML_norm,ML_theta,ML_phi,,MR_x,MR_y,MR_z,MR_norm,MR_theta,MR_phi,,Mm_x,Mm_y,Mm_z,Mm_norm,Mm_theta,Mm_phi,,U,UL,UR,Um,UmL,UmR,ULR,,width = 11,height = 10,depth = 10,molPosL = 5,molPosR = 5,t_eq = 10000000,simCount = 0,freq = 1,kT = 0.2,sL = 1,sR = 1,sm = 1,FL = 0,FR = 0,Fm = 0,JL = 1,JR = 1,Jm = 0,JmL = 1,JmR = -1,JLR = 0,"AL = <0.5, 0.5, 0.5>","AR = <0.5, 0.5, 0.5>","Am = <0, 0, 0>",bL = 0,bR = 0,bm = 0,bmL = 0,bmR = 0,bLR = 0,,msd_version = 3.2
0,1.5,0,,20.4568,966.513,-13.8244,966.828,1.54963,-0.0142992,,-1.19314,474.452,-8.60909,474.532,1.57331,-0.0181433,,20.9799,471.874,-8.81998,472.422,1.52636,-0.0186708,,0.669971,20.1865,3.60471,20.5167,1.53762,0.176613,,-4350.85,-2161.94,-2151.89,-30.2797,-36.2762,29.5356,0,,0,0,0,0,0,0,0,,0,0,0,0,,20.4568,966.513,-13.8244,966.828,1.54963,-0.0142992,,-1.19314,474.452,-8.60909,474.532,1.57331,-0.0181433,,20.9799,471.874,-8.81998,472.422,1.52636,-0.0186708,,0.669971,20.1865,3.60471,20.5167,1.53762,0.176613,,-4350.85,-2161.94,-2151.89,-30.2797,-36.2762,29.5356,0
0,1.45,0,,4.84239,970.046,-2.49836,970.062,1.5658,-0.00257546,,13.2103,474.894,-9.66395,475.176,1.54299,-0.020339,,-12.7225,474.379,4.6058,474.572,1.59761,0.00970532,,4.35454,20.7734,2.55979,21.3787,1.36417,0.120024,,-4317.05,-2137.15,-2138.75,-30.1214,-37.0225,26.001,0,,0,0,0,0,0,0,0,,0,0,0,0,,4.84239,970.046,-2.49836,970.062,1.5658,-0.00257546,,13.2103,474.894,-9.66395,475.176,1.54299,-0.020339,,-12.7225,474.379,4.6058,474.572,1.59761,0.00970532,,4.35454,20.7734,2.55979,21.3787,1.36417,0.120024,,-4317.05,-2137.15,-2138.75,-30.1214,-37.0225,26.001,0
0,1.4,0,,5.51263,969.116,-13.0816,969.22,1.56511,-0.0134974,,2.49382,475.614,10.0148,475.726,1.56555,0.0210532,,2.18082,471.462,-20.6805,471.92,1.56617,-0.043836,,0.837988,22.0404,-2.41588,22.1882,1.53279,-0.109098,,-4261.25,-2113.07,-2102.96,-30.8565,-34.2327,19.875,0,,0,0,0,0,0,0,0,,0,0,0,0,,5.51263,969.116,-13.0816,969.22,1.56511,-0.0134974,,2.49382,475.614,10.0148,475.726,1.56555,0.0210532,,2.18082,471.462,-20.6805,471.92,1.56617,-0.043836,,0.837988,22.0404,-2.41588,22.1882,1.53279,-0.109098,,-4261.25,-2113.07,-2102.96,-30.8565,-34.2327,19.875,0
0,1.35,0,,5.70228,970.557,-12.7932,970.658,1.56492,-0.0131804,,3.65991,475.763,6.07671,475.816,1.5631,0.0127715,,3.42061,471.77,-20.0383,472.208,1.56355,-0.042448,,-1.37825,23.0233,1.16831,23.0941,1.63059,0.0506107,,-4214.3,-2093.54,-2078.77,-31.0814,-35.7268,24.8157,0,,0,0,0,0,0,0,0,,0,0,0,0,,5.70228,970.557,-12.7932,970.658,1.56492,-0.0131804,,3.65991,475.763,6.07671,475.816,1.5631,0.0127715,,3.42061,471.77,-20.0383,472.208,1.56355,-0.042448,,-1.37825,23.0233,1.16831,23.0941,1.63059,0.0506107,,-4214.3,-2093.54,-2078.77,-31.0814,-35.7268,24.8157,0
0,1.3,0,,-4.80434,963.927,-0.2888,963.939,1.57578,-0.000299604,,-1.7946,474.784,0.63185,474.788,1.57458,0.0013308,,-1.59234,471.8,-2.02888,471.807,1.57417,-0.00430025,,-1.41741,17.3421,1.10823,17.4352,1.65235,0.0636059,,-4155.27,-2057.59,-2059.34,-22.5447,-33.0717,17.2834,0,,0,0,0,0,0,0,0,,0,0,0,0,,-4.80434,963.927,-0.2888,963.939,1.57578,-0.000299604,,-1.7946,474.784,0.63185,474.788,1.57458,0.0013308,,-1.59234,471.8,-2.02888,471.807,1.57417,-0.00430025,,-1.41741,17.3421,1.10823,17.4352,1.65235,0.0636059,,-4155.27,-2057.59,-2059.34,-22.5447,-33.0717,17.2834,0
0,1.25,0,,10.5249,961.054,3.36529,961.118,1.55985,0.00350144,,18.0888,472.198,9.38504,472.638,1.53251,0.019858,,-21.3977,469.67,1.39569,470.159,1.61632,0.00296855,,13.8338,19.1863,-7.41545,24.7887,0.946097,-0.303798,,-4103.74,-2033.34,-2025.97,-23.9829,-35.1456,14.6973,0,,0,0,0,0,0,0,0,,0,0,0,0,,10.5249,961.054,3.36529,961.118,1.55985,0.00350144,,18.0888,472.198,9.38504,472.638,1.53251,0.019858,,-21.3977,469.67,1.39569,470.159,1.61632,0.00296855,,13.8338,19.1863,-7.41545,24.7887,0.946097,-0.303798,,-4103.74,-2033.34,-2025.97,-23.9829,-35.1456,14.6973,0
0,1.2,0,,-6.85872,964.524,-18.6067,964.728,1.57791,-0.0192882,,-3.28552,473.108,-7.60271,473.181,1.57774,-0.0160679,,2.45373,471.811,-10.0243,471.924,1.5656,-0.0212429,,-6.02693,19.6049,-0.979699,20.5337,1.86905,-0.0477298,,-4056.81,-2010.89,-2008.92,-23.5258,-32.4377,18.9576,0,,0,0,0,0,0,0,0,,0,0,0,0,,-6.85872,964.524,-18.6067,964.728,1.57791,-0.0192882,,-3.28552,473.108,-7.60271,473.181,1.57774,-0.0160679,,2.45373,471.811,-10.0243,471.924,1.5656,-0.0212429,,-6.02693,19.6049,-0.979699,20.5337,1.86905,-0.0477298,,-4056.81,-2010.89,-2008.92,-23.5258,-32.4377,18.9576,0
0,1.15,0,,-12.5324,962.667,10.7676,962.809,1.58381,0.0111838,,-6.66025,471.427,-1.59573,471.477,1.58492,-0.00338454,,-1.49017,471.778,5.54746,471.813,1.57395,0.011758,,-4.38197,19.4616,6.81587,21.0811,1.79226,0.329233,,-4002.49,-1981.51,-1983.64,-22.3808,-32.5223,17.5667,0,,0,0,0,0,0,0,0,,0,0,0,0,,-12.5324,962.667,10.7676,962.809,1.58381,0.0111838,,-6.66025,471.427,-1.59573,471.477,1.58492,-0.00338454,,-1.49017,471.778,5.54746,471.813,1.57395,0.011758,,-4.38197,19.4616,6.81587,21.0811,1.79226,0.329233,,-4002.49,-1981.51,-1983.64,-22.3808,-32.5223,17.5667,0
0,1.1,0,,16.5455,961.756,22.1538,962.154,1.55359,0.0230272,,16.1713,473,5.22862,473.305,1.53662,0.0110473,,-0.559653,467.016,18.2619,467.373,1.57199,0.0390834,,0.933861,21.7414,-1.3367,21.8024,1.52787,-0.0613483,,-3961.08,-1962.95,-1954.04,-23.9155,-34.4334,14.2592,0,,0,0,0,0,0,0,0,,0,0,0,0,,16.5455,961.756,22.1538,962.154,1.55359,0.0230272,,16.1713,473,5.22862,473.305,1.53662,0.0110473,,-0.559653,467.016,18.2619,467.373,1.57199,0.0390834,,0.933861,21.7414,-1.3367,21.8024,1.52787,-0.0613483,,-3961.08,-1962.95,-1954.04,-23.9155,-34.4334,14.2592,0
0,1.05,0,,-11.6268,957.844,6.09955,957.934,1.58293,0.00636744,,12.9327,472.344,-1.68195,472.524,1.54342,-0.00355952,,-25.5921,467.917,9.17735,468.707,1.62544,0.0195814,,1.03256,17.5826,-1.39585,17.6682,1.51214,-0.0790862,,-3889.82,-1930,-1926.62,-18.4618,-31.7476,17.0109,0,,0,0,0,0,0,0,0,,0,0,0,0,,-11.6268,957.844,6.09955,957.934,1.58293,0.00636744,,12.9327,472.344,-1.68195,472.524,1.54342,-0.00355952,,-25.5921,467.917,9.17735,468.707,1.62544,0.0195814,,1.03256,17.5826,-1.39585,17.6682,1.51214,-0.0790862,,-3889.82,-1930,-1926.62,-18.4618,-31.7476,17.0109,0
0,1,0,,3.87962,958.959,57.0594,960.662,1.56675,0.0594309,,-7.90268,472.389,19.5953,472.862,1.58752,0.0414516,,21.4518,465.256,25.6057,466.454,1.52472,0.0549219,,-9.66946,21.3129,11.8585,26.2367,1.99671,0.468984,,-3848.16,-1920.05,-1893.3,-21.3129,-34.9561,21.4553,0,,0,0,0,0,0,0,0,,0,0,0,0,,3.87962,958.959,57.0594,960.662,1.56675,0.0594309,,-7.90268,472.389,19.5953,472.862,1.58752,0.0414516,,21.4518,465.256,25.6057,466.454,1.52472,0.0549219,,-9.66946,21.3129,11.8585,26.2367,1.99671,0.468984,,-3848.16,-1920.05,-1893.3,-21.3129,-34.9561,21.4553,0
0,0.95,0,,-2.42801,953.52,-4.19357,953.533,1.57334,-0.00439795,,-11.3541,471.274,4.50035,471.432,1.59488,0.00954627,,5.32944,469.868,-15.5888,470.157,1.55945,-0.0331627,,3.59668,12.3785,6.89487,14.6185,1.28802,0.491164,,-3794.39,-1884.54,-1879.12,-11.7595,-29.0884,10.1188,0,,0,0,0,0,0,0,0,,0,0,0,0,,-2.42801,953.52,-4.19357,953.533,1.57334,-0.00439795,,-11.3541,471.274,4.50035,471.432,1.59488,0.00954627,,5.32944,469.868,-15.5888,470.157,1.55945,-0.0331627,,3.59668,12.3785,6.89487,14.6185,1.28802,0.491164,,-3794.39,-1884.54,-1879.12,-11.7595,-29.0884,10.1188,0
0,0.9,0,,-11.0624,959.534,-2.55943,959.601,1.58232,-0.00266719,,-15.7174,472.164,4.97784,472.452,1.60407,0.0105364,,3.72783,469.045,-9.77171,469.162,1.56285,-0.0208295,,0.927189,18.3249,2.23443,18.4839,1.52024,0.121182,,-3758.03,-1864.63,-1860.24,-16.4924,-29.5924,12.9246,0,,0,0,0,0,0,0,0,,0,0,0,0,,-11.0624,959.534,-2.55943,959.601,1.58232,-0.00266719,,-15.7174,472.164,4.97784,472.452,1.60407,0.0105364,,3.72783,469.045,-9.77171,469.162,1.56285,-0.0208295,,0.927189,18.3249,2.23443,18.4839,1.52024,0.121182,,-3758.03,-1864.63,-1860.24,-16.4924,-29.5924,12.9246,0
0,0.85,0,,-25.6976,951.559,0.814649,951.906,1.5978,0.000855808,,-6.54207,470.952,15.4872,471.252,1.58469,0.0328699,,-21.7059,465.335,-10.0436,465.949,1.61741,-0.0215567,,2.55036,15.2726,-4.62901,16.1612,1.40533,-0.290496,,-3691.77,-1832.49,-1830.96,-12.9817,-29.176,13.8376,0,,0,0,0,0,0,0,0,,0,0,0,0,,-25.6976,951.559,0.814649,951.906,1.5978,0.000855808,,-6.54207,470.952,15.4872,471.252,1.58469,0.0328699,,-21.7059,465.335,-10.0436,465.949,1.61741,-0.0215567,,2.55036,15.2726,-4.62901,16.1612,1.40533,-0.290496,,-3691.77,-1832.49,-1830.96,-12.9817,-29.176,13.8376,0
0,0.8,0,,-1.23198,952.187,-1.94665,952.19,1.57209,-0.00204439,,6.68249,468.51,-5.82108,468.594,1.55653,-0.0124228,,-10.6516,465.478,7.32343,465.657,1.59368,0.0157277,,2.7371,18.1997,-3.449,18.7248,1.42152,-0.185252,,-3648.05,-1804.41,-1806.89,-14.5598,-30.9903,8.80419,0,,0,0,0,0,0,0,0,,0,0,0,0,,-1.23198,952.187,-1.94665,952.19,1.57209,-0.00204439,,6.68249,468.51,-5.82108,468.594,1.55653,-0.0124228,,-10.6516,465.478,7.32343,465.657,1.59368,0.0157277,,2.7371,18.1997,-3.449,18.7248,1.42152,-0.185252,,-3648.05,-1804.41,-1806.89,-14.5598,-30.9903,8.80419,0
0,0.75,0,,-5.56521,944.778,11.852,944.868,1.57669,0.0125438,,-11.5615,468.55,-3.65013,468.707,1.59547,-0.00778774,,19.0546,463.432,18.7909,464.204,1.5297,0.0404909,,-13.0584,12.7956,-3.28883,18.5759,2.36636,-0.177986,,-3602.77,-1787.21,-1779.48,-9.59672,-32.7584,6.2732,0,,0,0,0,0,0,0,0,,0,0,0,0,,-5.56521,944.778,11.852,944.868,1.57669,0.0125438,,-11.5615,468.55,-3.65013,468.707,1.59547,-0.00778774,,19.0546,463.432,18.7909,464.204,1.5297,0.0404909,,-13.0584,12.7956,-3.28883,18.5759,2.36636,-0.177986,,-3602.77,-1787.21,-1779.48,-9.59672,-32.7584,6.2732,0
0,0.7,0,,32.1188,943.165,15.1506,943.834,1.53676,0.0160528,,23.67,468.68,3.56218,469.29,1.52034,0.00759065,,-3.05573,464.082,9.57579,464.19,1.57738,0.0206305,,11.5046,10.4041,2.01259,15.6413,0.735209,0.129029,,-3546.97,-1762.69,-1751.79,-7.28285,-25.9945,0.78015,0,,0,0,0,0,0,0,0,,0,0,0,0,,32.1188,943.165,15.1506,943.834,1.53676,0.0160528,,23.67,468.68,3.56218,469.29,1.52034,0.00759065,,-3.05573,464.082,9.57579,464.19,1.57738,0.0206305,,11.5046,10.4041,2.01259,15.6413,0.735209,0.129029,,-3546.97,-1762.69,-1751.79,-7.28285,-25.9945,0.78015,0
0,0.65,0,,14.7258,941.947,-18.4464,942.243,1.55516,-0.0195783,,-4.67433,465.168,-28.3095,466.052,1.58084,-0.0607807,,27.0219,464.754,13.1024,465.723,1.51272,0.0281372,,-7.62175,12.0254,-3.23928,14.6012,2.1357,-0.223711,,-3490.47,-1727.1,-1730.86,-7.81654,-26.6284,1.93312,0,,0,0,0,0,0,0,0,,0,0,0,0,,14.7258,941.947,-18.4464,942.243,1.55516,-0.0195783,,-4.67433,465.168,-28.3095,466.052,1.58084,-0.0607807,,27.0219,464.754,13.1024,465.723,1.51272,0.0281372,,-7.62175,12.0254,-3.23928,14.6012,2.1357,-0.223711,,-3490.47,-1727.1,-1730.86,-7.81654,-26.6284,1.93312,0
0,0.6,0,,10.0512,940.089,19.4402,940.344,1.5601,0.020675,,-34.9009,465.157,3.46081,466.478,1.64569,0.0074191,,50.9749,455.925,18.1362,459.125,1.45945,0.039512,,-6.02276,19.0062,-2.15686,20.054,1.87767,-0.107761,,-3434.81,-1711.2,-1684.45,-11.4037,-31.5786,3.82946,0,,0,0,0,0,0,0,0,,0,0,0,0,,10.0512,940.089,19.4402,940.344,1.5601,0.020675,,-34.9009,465.157,3.46081,466.478,1.64569,0.0074191,,50.9749,455.925,18.1362,459.125,1.45945,0.039512,,-6.02276,19.0062,-2.15686,20.054,1.87767,-0.107761,,-3434.81,-1711.2,-1684.45,-11.4037,-31.5786,3.82946,0
0,0.55,0,,-3.61147,928.908,-30.4823,929.415,1.57468,-0.0328031,,-7.7495,462.565,-32.2062,463.749,1.58755,-0.0695034,,10.9692,455.775,-5.73841,455.943,1.54673,-0.0125861,,-6.83113,10.5682,7.46236,14.63,2.14463,0.535267,,-3385.23,-1679.15,-1667.74,-5.81251,-29.0976,-3.42603,0,,0,0,0,0,0,0,0,,0,0,0,0,,-3.61147,928.908,-30.4823,929.415,1.57468,-0.0328031,,-7.7495,462.565,-32.2062,463.749,1.58755,-0.0695034,,10.9692,455.775,-5.73841,455.943,1.54673,-0.0125861,,-6.83113,10.5682,7.46236,14.63,2.14463,0.535267,,-3385.23,-1679.15,-1667.74,-5.81251,-29.0976,-3.42603,0
0,0.5,0,,21.5196,933.047,-30.5133,933.794,1.54774,-0.0326825,,15.0427,465.396,11.9317,465.792,1.53849,0.0256189,,-10.2209,459.01,-55.1143,462.42,1.59306,-0.119471,,16.6977,8.64221,12.6693,22.6719,0.477603,0.592953,,-3355.2,-1660.73,-1658.28,-4.3211,-27.5403,-4.32999,0,,0,0,0,0,0,0,0,,0,0,0,0,,21.5196,933.047,-30.5133,933.794,1.54774,-0.0326825,,15.0427,465.396,11.9317,465.792,1.53849,0.0256189,,-10.2209,459.01,-55.1143,462.42,1.59306,-0.119471,,16.6977,8.64221,12.6693,22.6719,0.477603,0.592953,,-3355.2,-1660.73,-1658.28,-4.3211,-27.5403,-4.32999,0
0,0.45,0,,1.14348,920.695,-23.3206,920.991,1.56955,-0.0253239,,23.6904,458.722,10.4909,459.454,1.5192,0.0228354,,-29.2459,454.076,-33.605,456.257,1.63511,-0.0737204,,6.69904,7.89643,-0.206498,10.3573,0.867253,-0.0199388,,-3287.01,-1623.09,-1623.37,-3.55339,-26.5066,-10.4892,0,,0,0,0,0,0,0,0,,0,0,0,0,,1.14348,920.695,-23.3206,920.991,1.56955,-0.0253239,,23.6904,458.722,10.4909,459.454,1.5192,0.0228354,,-29.2459,454.076,-33.605,456.257,1.63511,-0.0737204,,6.69904,7.89643,-0.206498,10.3573,0.867253,-0.0199388,,-3287.01,-1623.09,-1623.37,-3.55339,-26.5066,-10.4892,0
0,0.4,0,,12.3087,922.107,19.0889,922.387,1.55745,0.0206966,,11.6211,460.31,-6.76658,460.507,1.54556,-0.0146943,,14.4686,453.79,32.059,455.151,1.53892,0.0704943,,-13.7811,8.00669,-6.20357,17.1029,2.61527,-0.371186,,-3250.36,-1610.28,-1601.49,-3.20267,-26.7544,-8.63075,0,,0,0,0,0,0,0,0,,0,0,0,0,,12.3087,922.107,19.0889,922.387,1.55745,0.0206966,,11.6211,460.31,-6.76658,460.507,1.54556,-0.0146943,,14.4686,453.79,32.059,455.151,1.53892,0.0704943,,-13.7811,8.00669,-6.20357,17.1029,2.61527,-0.371186,,-3250.36,-1610.28,-1601.49,-3.20267,-26.7544,-8.63075,0
0,0.35,0,,-13.4895,914.453,-35.5771,915.244,1.58555,-0.0388814,,-17.0316,462.14,25.7566,463.171,1.60763,0.055638,,-2.87332,441.347,-87.4192,449.931,1.57731,-0.195538,,6.41537,10.9652,26.0855,29.0146,1.04143,1.11759,,-3205.8,-1590.39,-1566.11,-3.83782,-31.0746,-14.3945,0,,0,0,0,0,0,0,0,,0,0,0,0,,-13.4895,914.453,-35.5771,915.244,1.58555,-0.0388814,,-17.0316,462.14,25.7566,463.171,1.60763,0.055638,,-2.87332,441.347,-87.4192,449.931,1.57731,-0.195538,,6.41537,10.9652,26.0855,29.0146,1.04143,1.11759,,-3205.8,-1590.39,-1566.11,-3.83782,-31.0746,-14.3945,0
0,0.3,0,,-21.8057,923.499,15.3993,923.885,1.5944,0.0166687,,-34.1583,462.02,34.1764,464.54,1.64459,0.0736371,,29.6207,450.879,-13.8878,452.065,1.5052,-0.0307256,,-17.2681,10.6001,-4.88939,20.8436,2.59105,-0.236782,,-3159.5,-1571.52,-1545.23,-3.18002,-30.8053,-8.75487,0,,0,0,0,0,0,0,0,,0,0,0,0,,-21.8057,923.499,15.3993,923.885,1.5944,0.0166687,,-34.1583,462.02,34.1764,464.54,1.64459,0.0736371,,29.6207,450.879,-13.8878,452.065,1.5052,-0.0307256,,-17.2681,10.6001,-4.88939,20.8436,2.59105,-0.236782,,-3159.5,-1571.52,-1545.23,-3.18002,-30.8053,-8.75487,0
0,0.25,0,,-21.6501,909.867,-8.56039,910.165,1.59459,-0.00940545,,-12.4643,458.673,-34.6261,460.147,1.59796,-0.0753212,,-17.3616,448.618,46.7521,451.381,1.60948,0.103762,,8.17581,2.57555,-20.6864,22.3921,0.30518,-1.17796,,-3101.39,-1539.54,-1519.41,-0.643888,-22.4833,-19.3084,0,,0,0,0,0,0,0,0,,0,0,0,0,,-21.6501,909.867,-8.56039,910.165,1.59459,-0.00940545,,-12.4643,458.673,-34.6261,460.147,1.59796,-0.0753212,,-17.3616,448.618,46.7521,451.381,1.60948,0.103762,,8.17581,2.57555,-20.6864,22.3921,0.30518,-1.17796,,-3101.39,-1539.54,-1519.41,-0.643888,-22.4833,-19.3084,0
0,0.2,0,,-27.8597,894.504,78.4711,898.371,1.60193,0.0874597,,-45.834,453.32,21.4936,456.138,1.67156,0.0471382,,21.429,436.819,49.1269,440.095,1.52178,0.111861,,-3.4547,4.36483,7.85068,9.62392,2.24032,0.954018,,-3049.85,-1508.02,-1494.14,-0.872967,-25.7343,-21.0791,0,,0,0,0,0,0,0,0,,0,0,0,0,,-27.8597,894.504,78.4711,898.371,1.60193,0.0874597,,-45.834,453.32,21.4936,456.138,1.67156,0.0471382,,21.429,436.819,49.1269,440.095,1.52178,0.111861,,-3.4547,4.36483,7.85068,9.62392,2.24032,0.954018,,-3049.85,-1508.02,-1494.14,-0.872967,-25.7343,-21.0791,0
0,0.15,0,,37.7771,855.075,-59.4863,857.973,1.52665,-0.0693892,,-31.5362,446.094,90.2563,456.224,1.64137,0.199147,,82.0209,410.22,-172.662,452.571,1.37345,-0.391433,,-12.7076,-1.23961,22.9193,26.2357,-3.04435,1.06253,,-3005.78,-1477.76,-1475.49,0.185941,-25.7676,-26.9437,0,,0,0,0,0,0,0,0,,0,0,0,0,,37.7771,855.075,-59.4863,857.973,1.52665,-0.0693892,,-31.5362,446.094,90.2563,456.224,1.64137,0.199147,,82.0209,410.22,-172.662,452.571,1.37345,-0.391433,,-12.7076,-1.23961,22.9193,26.2357,-3.04435,1.06253,,-3005.78,-1477.76,-1475.49,0.185941,-25.7676,-26.9437,0
0,0.1,0,,42.7776,809.305,-32.0657,811.069,1.51799,-0.0395454,,-163.321,426.961,32.2225,458.266,1.93614,0.0703721,,229.234,375.485,-59.9132,443.99,1.02269,-0.135356,,-23.1353,6.85857,-4.37504,24.524,2.85339,-0.179359,,-2966.85,-1458.15,-1451.18,-0.685857,-27.7067,-29.1277,0,,0,0,0,0,0,0,0,,0,0,0,0,,42.7776,809.305,-32.0657,811.069,1.51799,-0.0395454,,-163.321,426.961,32.2225,458.266,1.93614,0.0703721,,229.234,375.485,-59.9132,443.99,1.02269,-0.135356,,-23.1353,6.85857,-4.37504,24.524,2.85339,-0.179359,,-2966.85,-1458.15,-1451.18,-0.685857,-27.7067,-29.1277,0
0,0.05,0,,80.9485,710.186,60.2356,717.318,1.4573,0.0840723,,-200.01,403.116,-50.6482,452.849,2.03137,-0.112078,,299.421,300.801,130.041,443.897,0.787697,0.297313,,-18.4625,6.26925,-19.1567,27.334,2.81424,-0.776572,,-2902,-1424.27,-1417.87,-0.313463,-31.5065,-28.0318,0,,0,0,0,0,0,0,0,,0,0,0,0,,80.9485,710.186,60.2356,717.318,1.4573,0.0840723,,-200.01,403.116,-50.6482,452.849,2.03137,-0.112078,,299.421,300.801,130.041,443.897,0.787697,0.297313,,-18.4625,6.26925,-19.1567,27.334,2.81424,-0.776572,,-2902,-1424.27,-1417.87,-0.313463,-31.5065,-28.0318,0
0,-7.63278e-016,0,,99.57,79.599,-98.8119,161.288,0.674392,-0.659397,,-232.06,54.3634,-386.855,454.383,2.91148,-1.01862,,348.279,27.8614,304.982,463.777,0.0798273,0.717637,,-16.6494,-2.62586,-16.9388,23.896,-2.98517,-0.787871,,-2906.59,-1414.12,-1421.3,-2.00426e-015,-34.8275,-36.3454,0,,0,0,0,0,0,0,0,,0,0,0,0,,99.57,79.599,-98.8119,161.288,0.674392,-0.659397,,-232.06,54.3634,-386.855,454.383,2.91148,-1.01862,,348.279,27.8614,304.982,463.777,0.0798273,0.717637,,-16.6494,-2.62586,-16.9388,23.896,-2.98517,-0.787871,,-2906.59,-1414.12,-1421.3,-2.00426e-015,-34.8275,-36.3454,0
0,-0.05,0,,168.017,-698.056,91.6176,723.814,-1.3346,0.126917,,-71.1464,-423.225,-164.337,459.552,-1.73734,-0.3657,,242.938,-260.339,272.579,448.436,-0.819961,0.653343,,-3.77425,-14.4921,-16.6244,22.3749,-1.82557,-0.837532,,-2931.49,-1440.11,-1429.4,-0.724605,-31.4648,-29.7852,0,,0,0,0,0,0,0,0,,0,0,0,0,,168.017,-698.056,91.6176,723.814,-1.3346,0.126917,,-71.1464,-423.225,-164.337,459.552,-1.73734,-0.3657,,242.938,-260.339,272.579,448.436,-0.819961,0.653343,,-3.77425,-14.4921,-16.6244,22.3749,-1.82557,-0.837532,,-2931.49,-1440.11,-1429.4,-0.724605,-31.4648,-29.7852,0
0,-0.1,0,,16.506,-844.08,51.657,845.82,-1.55124,0.0611113,,-103.051,-437.545,-73.2722,455.449,-1.8021,-0.161581,,141.7,-403.318,135.952,448.583,-1.23293,0.307911,,-22.1432,-3.21735,-11.0224,24.9432,-2.9973,-0.457713,,-2953.27,-1455.19,-1438.73,-0.321735,-32.6946,-26.3414,0,,0,0,0,0,0,0,0,,0,0,0,0,,16.506,-844.08,51.657,845.82,-1.55124,0.0611113,,-103.051,-437.545,-73.2722,455.449,-1.8021,-0.161581,,141.7,-403.318,135.952,448.583,-1.23293,0.307911,,-22.1432,-3.21735,-11.0224,24.9432,-2.9973,-0.457713,,-2953.27,-1455.19,-1438.73,-0.321735,-32.6946,-26.3414,0
0,-0.15,0,,-10.9068,-864.141,-4.98581,864.225,-1.58342,-0.00576914,,-40.0496,-433.367,-117.676,450.842,-1.66295,-0.264073,,38.4755,-425.742,124.554,445.253,-1.48067,0.28352,,-9.33267,-5.03268,-11.8634,15.9112,-2.64704,-0.841433,,-3002.33,-1473.85,-1471.78,-0.754903,-29.877,-26.0561,0,,0,0,0,0,0,0,0,,0,0,0,0,,-10.9068,-864.141,-4.98581,864.225,-1.58342,-0.00576914,,-40.0496,-433.367,-117.676,450.842,-1.66295,-0.264073,,38.4755,-425.742,124.554,445.253,-1.48067,0.28352,,-9.33267,-5.03268,-11.8634,15.9112,-2.64704,-0.841433,,-3002.33,-1473.85,-1471.78,-0.754903,-29.877,-26.0561,0
0,-0.2,0,,27.1631,-899.897,-28.7801,900.767,-1.54062,-0.0319561,,10.3568,-449.743,-27.5397,450.705,-1.54777,-0.0611418,,0.0735822,-448.112,4.34796,448.133,-1.57063,0.00970252,,16.7327,-2.04112,-5.58832,17.7589,-0.121384,-0.320116,,-3026.82,-1503.83,-1488.32,-0.408225,-19.1198,-15.1463,0,,0,0,0,0,0,0,0,,0,0,0,0,,27.1631,-899.897,-28.7801,900.767,-1.54062,-0.0319561,,10.3568,-449.743,-27.5397,450.705,-1.54777,-0.0611418,,0.0735822,-448.112,4.34796,448.133,-1.57063,0.00970252,,16.7327,-2.04112,-5.58832,17.7589,-0.121384,-0.320116,,-3026.82,-1503.83,-1488.32,-0.408225,-19.1198,-15.1463,0
0,-0.25,0,,-5.02692,-893.015,4.62621,893.041,-1.57643,0.00518031,,-61.7047,-450.409,50.1759,457.377,-1.70695,0.109925,,77.1895,-437.728,-76.2927,450.982,-1.39625,-0.169988,,-20.5118,-4.87778,30.743,37.2781,-2.90812,0.96966,,-3103.11,-1526.09,-1525.89,-1.21945,-29.0962,-20.8062,0,,0,0,0,0,0,0,0,,0,0,0,0,,-5.02692,-893.015,4.62621,893.041,-1.57643,0.00518031,,-61.7047,-450.409,50.1759,457.377,-1.70695,0.109925,,77.1895,-437.728,-76.2927,450.982,-1.39625,-0.169988,,-20.5118,-4.87778,30.743,37.2781,-2.90812,0.96966,,-3103.11,-1526.09,-1525.89,-1.21945,-29.0962,-20.8062,0
0,-0.3,0,,10.9378,-916.306,-27.5324,916.785,-1.55886,-0.030036,,29.8337,-456.877,-26.0386,458.59,-1.50559,-0.0568103,,-46.4277,-450.816,13.2643,453.394,-1.67342,0.0292598,,27.5318,-8.61333,-14.7581,32.4036,-0.303204,-0.472875,,-3170.8,-1561.85,-1558.8,-2.584,-31.0591,-16.5056,0,,0,0,0,0,0,0,0,,0,0,0,0,,10.9378,-916.306,-27.5324,916.785,-1.55886,-0.030036,,29.8337,-456.877,-26.0386,458.59,-1.50559,-0.0568103,,-46.4277,-450.816,13.2643,453.394,-1.67342,0.0292598,,27.5318,-8.61333,-14.7581,32.4036,-0.303204,-0.472875,,-3170.8,-1561.85,-1558.8,-2.584,-31.0591,-16.5056,0
0,-0.35,0,,-23.4348,-927.944,10.7857,928.303,-1.59605,0.011619,,15.7184,-460.351,37.1445,462.114,-1.53667,0.0804662,,-48.1513,-455.364,-41.8656,459.813,-1.67615,-0.0911756,,8.9981,-12.2292,15.5069,21.7021,-0.936454,0.795955,,-3201.92,-1583.95,-1579.51,-4.28023,-24.7464,-9.43356,0,,0,0,0,0,0,0,0,,0,0,0,0,,-23.4348,-927.944,10.7857,928.303,-1.59605,0.011619,,15.7184,-460.351,37.1445,462.114,-1.53667,0.0804662,,-48.1513,-455.364,-41.8656,459.813,-1.67615,-0.0911756,,8.9981,-12.2292,15.5069,21.7021,-0.936454,0.795955,,-3201.92,-1583.95,-1579.51,-4.28023,-24.7464,-9.43356,0
0,-0.4,0,,-14.6983,-922.747,-29.9047,923.349,-1.58672,-0.0323929,,17.5497,-460.724,26.8179,461.837,-1.53272,0.0581006,,-35.8287,-453.225,-65.4495,459.326,-1.64969,-0.142977,,3.58065,-8.7989,8.7269,12.8996,-1.18432,0.743031,,-3253.65,-1611.44,-1599.09,-3.51956,-29.7398,-9.86485,0,,0,0,0,0,0,0,0,,0,0,0,0,,-14.6983,-922.747,-29.9047,923.349,-1.58672,-0.0323929,,17.5497,-460.724,26.8179,461.837,-1.53272,0.0581006,,-35.8287,-453.225,-65.4495,459.326,-1.64969,-0.142977,,3.58065,-8.7989,8.7269,12.8996,-1.18432,0.743031,,-3253.65,-1611.44,-1599.09,-3.51956,-29.7398,-9.86485,0
0,-0.45,0,,-48.8515,-936.489,8.84639,937.804,-1.62291,0.00943323,,-29.1865,-462.912,6.10174,463.871,-1.63376,0.0131543,,-18.6162,-457.414,10.2997,457.909,-1.61147,0.0224948,,-1.04885,-16.1635,-7.55504,17.8728,-1.6356,-0.436434,,-3296.99,-1633.27,-1623.95,-7.27358,-30.0889,-2.41484,0,,0,0,0,0,0,0,0,,0,0,0,0,,-48.8515,-936.489,8.84639,937.804,-1.62291,0.00943323,,-29.1865,-462.912,6.10174,463.871,-1.63376,0.0131543,,-18.6162,-457.414,10.2997,457.909,-1.61147,0.0224948,,-1.04885,-16.1635,-7.55504,17.8728,-1.6356,-0.436434,,-3296.99,-1633.27,-1623.95,-7.27358,-30.0889,-2.41484,0
0,-0.5,0,,0.371984,-934.428,-3.49302,934.434,-1.5704,-0.00373812,,-10.0383,-466.053,15.228,466.409,-1.59233,0.0326552,,20.2122,-461.813,-17.9219,462.603,-1.52706,-0.0387512,,-9.80184,-6.56192,-0.799098,11.8226,-2.55166,-0.0676424,,-3339.18,-1657.86,-1652.36,-3.28096,-24.553,-1.11982,0,,0,0,0,0,0,0,0,,0,0,0,0,,0.371984,-934.428,-3.49302,934.434,-1.5704,-0.00373812,,-10.0383,-466.053,15.228,466.409,-1.59233,0.0326552,,20.2122,-461.813,-17.9219,462.603,-1.52706,-0.0387512,,-9.80184,-6.56192,-0.799098,11.8226,-2.55166,-0.0676424,,-3339.18,-1657.86,-1652.36,-3.28096,-24.553,-1.11982,0
0,-0.55,0,,5.78152,-933.685,-14.9123,933.822,-1.5646,-0.0159698,,-15.4386,-462.504,-17.9602,463.11,-1.60416,-0.0387914,,37.9474,-459.449,-10.9292,461.143,-1.48839,-0.0237025,,-16.7273,-11.731,13.9771,24.7543,-2.52999,0.599987,,-3389.45,-1676.64,-1671.48,-6.45206,-28.0648,-6.81221,0,,0,0,0,0,0,0,0,,0,0,0,0,,5.78152,-933.685,-14.9123,933.822,-1.5646,-0.0159698,,-15.4386,-462.504,-17.9602,463.11,-1.60416,-0.0387914,,37.9474,-459.449,-10.9292,461.143,-1.48839,-0.0237025,,-16.7273,-11.731,13.9771,24.7543,-2.52999,0.599987,,-3389.45,-1676.64,-1671.48,-6.45206,-28.0648,-6.81221,0
0,-0.6,0,,14.3026,-939.47,4.32184,939.589,-1.55557,0.00459972,,-10.3781,-466.788,2.29273,466.909,-1.59303,0.00491046,,15.4444,-461.993,1.32253,462.253,-1.53738,0.00286105,,9.23629,-10.6888,0.706576,14.1442,-0.858166,0.049976,,-3447.18,-1712.59,-1698.75,-6.41326,-26.5096,-2.92406,0,,0,0,0,0,0,0,0,,0,0,0,0,,14.3026,-939.47,4.32184,939.589,-1.55557,0.00459972,,-10.3781,-466.788,2.29273,466.909,-1.59303,0.00491046,,15.4444,-461.993,1.32253,462.253,-1.53738,0.00286105,,9.23629,-10.6888,0.706576,14.1442,-0.858166,0.049976,,-3447.18,-1712.59,-1698.75,-6.41326,-26.5096,-2.92406,0
0,-0.65,0,,-10.7118,-940.974,-0.921853,941.035,-1.58218,-0.000979616,,24.6917,-467.476,14.799,468.361,-1.51803,0.0316026,,-37.8187,-460.616,-25.8246,462.887,-1.65272,-0.0558194,,2.41513,-12.8819,10.1038,16.5488,-1.38546,0.656751,,-3491.41,-1731.48,-1723.82,-8.37323,-27.6774,-0.0578366,0,,0,0,0,0,0,0,0,,0,0,0,0,,-10.7118,-940.974,-0.921853,941.035,-1.58218,-0.000979616,,24.6917,-467.476,14.799,468.361,-1.51803,0.0316026,,-37.8187,-460.616,-25.8246,462.887,-1.65272,-0.0558194,,2.41513,-12.8819,10.1038,16.5488,-1.38546,0.656751,,-3491.41,-1731.48,-1723.82,-8.37323,-27.6774,-0.0578366,0
0,-0.7,0,,16.2031,-954.923,-15.3665,955.184,-1.55383,-0.0160881,,4.08564,-467.683,-23.7598,468.304,-1.56206,-0.0507575,,21.6124,-466.894,21.7701,467.901,-1.52454,0.046544,,-9.49498,-20.3461,-13.3768,26.1354,-2.00743,-0.537312,,-3549.91,-1759.09,-1757.96,-14.2423,-32.3493,13.721,0,,0,0,0,0,0,0,0,,0,0,0,0,,16.2031,-954.923,-15.3665,955.184,-1.55383,-0.0160881,,4.08564,-467.683,-23.7598,468.304,-1.56206,-0.0507575,,21.6124,-466.894,21.7701,467.901,-1.52454,0.046544,,-9.49498,-20.3461,-13.3768,26.1354,-2.00743,-0.537312,,-3549.91,-1759.09,-1757.96,-14.2423,-32.3493,13.721,0
0,-0.75,0,,14.1211,-947.441,7.72859,947.578,-1.55589,0.00815624,,-11.5899,-470.469,1.21216,470.613,-1.59543,0.00257571,,23.8257,-461.384,3.42239,462.011,-1.5192,0.00740767,,1.88533,-15.5886,3.09403,16.0041,-1.45044,0.194552,,-3593.78,-1789.67,-1770.21,-11.6914,-30.2119,8.00179,0,,0,0,0,0,0,0,0,,0,0,0,0,,14.1211,-947.441,7.72859,947.578,-1.55589,0.00815624,,-11.5899,-470.469,1.21216,470.613,-1.59543,0.00257571,,23.8257,-461.384,3.42239,462.011,-1.5192,0.00740767,,1.88533,-15.5886,3.09403,16.0041,-1.45044,0.194552,,-3593.78,-1789.67,-1770.21,-11.6914,-30.2119,8.00179,0
0,-0.8,0,,26.6832,-951.084,10.9266,951.521,-1.54275,0.0114835,,1.60773,-469.166,4.30418,469.188,-1.56737,0.00917379,,25.0738,-464.121,3.17689,464.809,-1.51682,0.00683489,,0.00165682,-17.797,3.44552,18.1274,-1.5707,0.191236,,-3639.4,-1806.3,-1797.73,-14.2376,-31.018,9.89404,0,,0,0,0,0,0,0,0,,0,0,0,0,,26.6832,-951.084,10.9266,951.521,-1.54275,0.0114835,,1.60773,-469.166,4.30418,469.188,-1.56737,0.00917379,,25.0738,-464.121,3.17689,464.809,-1.51682,0.00683489,,0.00165682,-17.797,3.44552,18.1274,-1.5707,0.191236,,-3639.4,-1806.3,-1797.73,-14.2376,-31.018,9.89404,0
0,-0.85,0,,8.62548,-947.991,25.047,948.361,-1.5617,0.0264139,,13.5434,-469.322,16.5788,469.81,-1.54195,0.0352956,,-10.7009,-461.495,21.5524,462.122,-1.59398,0.0466548,,5.78305,-17.1739,-13.0841,22.3513,-1.24599,-0.625355,,-3691.08,-1826.69,-1822.55,-14.5978,-32.3602,5.11188,0,,0,0,0,0,0,0,0,,0,0,0,0,,8.62548,-947.991,25.047,948.361,-1.5617,0.0264139,,13.5434,-469.322,16.5788,469.81,-1.54195,0.0352956,,-10.7009,-461.495,21.5524,462.122,-1.59398,0.0466548,,5.78305,-17.1739,-13.0841,22.3513,-1.24599,-0.625355,,-3691.08,-1826.69,-1822.55,-14.5978,-32.3602,5.11188,0
0,-0.9,0,,15.3329,-957.641,-11.3661,957.832,-1.55479,-0.0118668,,21.57,-470.807,-24.5396,471.94,-1.52501,-0.0520208,,-2.52804,-470.416,4.86723,470.448,-1.57617,0.0103461,,-3.70901,-16.4177,8.30629,18.7694,-1.79298,0.458434,,-3766.47,-1868.35,-1866.29,-14.7759,-31.8527,14.7924,0,,0,0,0,0,0,0,0,,0,0,0,0,,15.3329,-957.641,-11.3661,957.832,-1.55479,-0.0118668,,21.57,-470.807,-24.5396,471.94,-1.52501,-0.0520208,,-2.52804,-470.416,4.86723,470.448,-1.57617,0.0103461,,-3.70901,-16.4177,8.30629,18.7694,-1.79298,0.458434,,-3766.47,-1868.35,-1866.29,-14.7759,-31.8527,14.7924,0
0,-0.95,0,,-18.121,-958.507,12.6825,958.762,-1.5897,0.0132284,,3.52164,-471.528,15.0897,471.782,-1.56333,0.03199,,-17.5092,-470.388,-0.350037,470.714,-1.608,-0.00074363,,-4.13347,-16.5911,-2.05721,17.2216,-1.81496,-0.119741,,-3802.37,-1883.64,-1887.36,-15.7615,-30.9359,15.3246,0,,0,0,0,0,0,0,0,,0,0,0,0,,-18.121,-958.507,12.6825,958.762,-1.5897,0.0132284,,3.52164,-471.528,15.0897,471.782,-1.56333,0.03199,,-17.5092,-470.388,-0.350037,470.714,-1.608,-0.00074363,,-4.13347,-16.5911,-2.05721,17.2216,-1.81496,-0.119741,,-3802.37,-1883.64,-1887.36,-15.7615,-30.9359,15.3246,0
0,-1,0,,18.7059,-964.098,18.6878,964.461,-1.5514,0.0193777,,-1.51556,-473.003,25.173,473.675,-1.574,0.0531692,,15.8266,-469.528,-3.09865,469.805,-1.5371,-0.00659566,,4.39485,-21.5676,-3.38657,22.2698,-1.36978,-0.152662,,-3846.61,-1917.16,-1898.64,-21.5676,-32.2701,23.032,0,,0,0,0,0,0,0,0,,0,0,0,0,,18.7059,-964.098,18.6878,964.461,-1.5514,0.0193777,,-1.51556,-473.003,25.173,473.675,-1.574,0.0531692,,15.8266,-469.528,-3.09865,469.805,-1.5371,-0.00659566,,4.39485,-21.5676,-3.38657,22.2698,-1.36978,-0.152662,,-3846.61,-1917.16,-1898.64,-21.5676,-32.2701,23.032,0
0,-1.05,0,,3.56631,-958.818,-18.7435,959.008,-1.56708,-0.0195459,,24.45,-472.421,-13.9287,473.258,-1.51909,-0.0294358,,-20.4393,-468.083,-8.96542,468.615,-1.61443,-0.0191329,,-0.444365,-18.3141,4.15065,18.7838,-1.59506,0.222808,,-3900.98,-1937.9,-1926.84,-19.2298,-32.1554,15.1407,0,,0,0,0,0,0,0,0,,0,0,0,0,,3.56631,-958.818,-18.7435,959.008,-1.56708,-0.0195459,,24.45,-472.421,-13.9287,473.258,-1.51909,-0.0294358,,-20.4393,-468.083,-8.96542,468.615,-1.61443,-0.0191329,,-0.444365,-18.3141,4.15065,18.7838,-1.59506,0.222808,,-3900.98,-1937.9,-1926.84,-19.2298,-32.1554,15.1407,0
0,-1.1,0,,9.10127,-956.269,-16.4466,956.453,-1.56128,-0.0171963,,16.529,-472.342,-4.71368,472.655,-1.53582,-0.00997294,,-12.511,-465.176,-18.3042,465.704,-1.59768,-0.0393145,,5.08318,-18.75,6.57124,20.5081,-1.30606,0.326175,,-3935.44,-1955.71,-1943.81,-20.625,-32.0788,16.7852,0,,0,0,0,0,0,0,0,,0,0,0,0,,9.10127,-956.269,-16.4466,956.453,-1.56128,-0.0171963,,16.529,-472.342,-4.71368,472.655,-1.53582,-0.00997294,,-12.511,-465.176,-18.3042,465.704,-1.59768,-0.0393145,,5.08318,-18.75,6.57124,20.5081,-1.30606,0.326175,,-3935.44,-1955.71,-1943.81,-20.625,-32.0788,16.7852,0
0,-1.15,0,,-19.5686,-965.865,-31.7037,966.584,-1.59105,-0.0328056,,-3.14682,-473.753,-10.3761,473.877,-1.57744,-0.0218979,,-22.7193,-470.87,-10.7165,471.539,-1.61901,-0.0227286,,6.29749,-21.2429,-10.6111,24.5665,-1.2826,-0.446634,,-4019.91,-1993.05,-1986.28,-24.4294,-34.0353,17.8792,0,,0,0,0,0,0,0,0,,0,0,0,0,,-19.5686,-965.865,-31.7037,966.584,-1.59105,-0.0328056,,-3.14682,-473.753,-10.3761,473.877,-1.57744,-0.0218979,,-22.7193,-470.87,-10.7165,471.539,-1.61901,-0.0227286,,6.29749,-21.2429,-10.6111,24.5665,-1.2826,-0.446634,,-4019.91,-1993.05,-1986.28,-24.4294,-34.0353,17.8792,0
0,-1.2,0,,-19.0155,-961.185,12.5706,961.456,-1.59058,0.013075,,-13.4912,-472.084,18.0886,472.623,-1.59937,0.0382822,,0.268239,-467.448,-15.4507,467.704,-1.57022,-0.0330413,,-5.7925,-21.6533,9.93271,24.5168,-1.83219,0.41713,,-4048.34,-2006.89,-1997.49,-25.9839,-33.8159,15.8332,0,,0,0,0,0,0,0,0,,0,0,0,0,,-19.0155,-961.185,12.5706,961.456,-1.59058,0.013075,,-13.4912,-472.084,18.0886,472.623,-1.59937,0.0382822,,0.268239,-467.448,-15.4507,467.704,-1.57022,-0.0330413,,-5.7925,-21.6533,9.93271,24.5168,-1.83219,0.41713,,-4048.34,-2006.89,-1997.49,-25.9839,-33.8159,15.8332,0
0,-1.25,0,,-16.6023,-966.417,-10.4436,966.616,-1.58797,-0.0108045,,-8.26428,-473.453,-5.34607,473.555,-1.58825,-0.0112895,,-11.9196,-471.686,0.410659,471.837,-1.59606,0.000870342,,3.58162,-21.2783,-5.50816,22.2695,-1.40404,-0.249934,,-4113.24,-2038.33,-2034.39,-26.5978,-34.6543,20.7395,0,,0,0,0,0,0,0,0,,0,0,0,0,,-16.6023,-966.417,-10.4436,966.616,-1.58797,-0.0108045,,-8.26428,-473.453,-5.34607,473.555,-1.58825,-0.0112895,,-11.9196,-471.686,0.410659,471.837,-1.59606,0.000870342,,3.58162,-21.2783,-5.50816,22.2695,-1.40404,-0.249934,,-4113.24,-2038.33,-2034.39,-26.5978,-34.6543,20.7395,0
0,-1.3,0,,42.2091,-965.655,5.19308,966.591,-1.52711,0.0053726,,26.8261,-473.944,13.3627,474.891,-1.51425,0.0281421,,10.8151,-470.678,-13.0225,470.983,-1.54782,-0.0276531,,4.56786,-21.0323,4.85284,22.063,-1.35693,0.221768,,-4154.58,-2063.24,-2051.55,-27.342,-36.1719,23.7246,0,,0,0,0,0,0,0,0,,0,0,0,0,,42.2091,-965.655,5.19308,966.591,-1.52711,0.0053726,,26.8261,-473.944,13.3627,474.891,-1.51425,0.0281421,,10.8151,-470.678,-13.0225,470.983,-1.54782,-0.0276531,,4.56786,-21.0323,4.85284,22.063,-1.35693,0.221768,,-4154.58,-2063.24,-2051.55,-27.342,-36.1719,23.7246,0
0,-1.35,0,,8.40041,-967.939,34.8138,968.601,-1.56212,0.0359501,,2.40272,-475.011,23.9617,475.621,-1.56574,0.0504012,,4.95892,-471.083,5.69437,471.144,-1.56027,0.0120866,,1.03877,-21.8446,5.1577,22.4693,-1.52328,0.23161,,-4201.68,-2086.98,-2074.56,-29.4903,-35.6512,25.0044,0,,0,0,0,0,0,0,0,,0,0,0,0,,8.40041,-967.939,34.8138,968.601,-1.56212,0.0359501,,2.40272,-475.011,23.9617,475.621,-1.56574,0.0504012,,4.95892,-471.083,5.69437,471.144,-1.56027,0.0120866,,1.03877,-21.8446,5.1577,22.4693,-1.52328,0.23161,,-4201.68,-2086.98,-2074.56,-29.4903,-35.6512,25.0044,0
0,-1.4,0,,-4.2999,-965.175,-12.8844,965.271,-1.57525,-0.0133483,,0.583933,-472.295,-11.1391,472.427,-1.56956,-0.0235807,,-1.71527,-472.817,5.40081,472.851,-1.57442,0.0114221,,-3.16856,-20.0632,-7.14602,21.5322,-1.72743,-0.338292,,-4253.32,-2103.45,-2107.61,-28.0884,-33.6616,19.4934,0,,0,0,0,0,0,0,0,,0,0,0,0,,-4.2999,-965.175,-12.8844,965.271,-1.57525,-0.0133483,,0.583933,-472.295,-11.1391,472.427,-1.56956,-0.0235807,,-1.71527,-472.817,5.40081,472.851,-1.57442,0.0114221,,-3.16856,-20.0632,-7.14602,21.5322,-1.72743,-0.338292,,-4253.32,-2103.45,-2107.61,-28.0884,-33.6616,19.4934,0
0,-1.45,0,,-2.57702,-966.816,22.3809,967.078,-1.57346,0.0231449,,-0.769344,-472.744,9.60932,472.842,-1.57242,0.0203239,,-1.33229,-473.374,6.84335,473.425,-1.57361,0.0144555,,-0.475386,-20.6984,5.92824,21.5359,-1.59376,0.278873,,-4299.17,-2126.85,-2130.45,-30.0127,-33.6984,21.8361,0,,0,0,0,0,0,0,0,,0,0,0,0,,-2.57702,-966.816,22.3809,967.078,-1.57346,0.0231449,,-0.769344,-472.744,9.60932,472.842,-1.57242,0.0203239,,-1.33229,-473.374,6.84335,473.425,-1.57361,0.0144555,,-0.475386,-20.6984,5.92824,21.5359,-1.59376,0.278873,,-4299.17,-2126.85,-2130.45,-30.0127,-33.6984,21.8361,0
0,-1.5,0,,3.58686,-972.448,-11.0801,972.517,-1.56711,-0.0113934,,16.1993,-474.532,-6.58031,474.854,-1.53667,-0.013858,,-12.1116,-473.965,-5.2691,474.149,-1.59634,-0.011113,,-0.500894,-23.9508,0.769351,23.9684,-1.59171,0.0321041,,-4363.55,-2158.32,-2158.02,-35.9262,-37.8544,26.5692,0,,0,0,0,0,0,0,0,,0,0,0,0,,3.58686,-972.448,-11.0801,972.517,-1.56711,-0.0113934,,16.1993,-474.532,-6.58031,474.854,-1.53667,-0.013858,,-12.1116,-473.965,-5.2691,474.149,-1.59634,-0.011113,,-0.500894,-23.9508,0.769351,23.9684,-1.59171,0.0321041,,-4363.55,-2158.32,-2158.02,-35.9262,-37.8544,26.5692,0
0,-1.45,0,,5.5613,-972.43,25.5393,972.781,-1.56508,0.0262569,,2.52034,-477.444,19.0449,477.83,-1.56552,0.0398676,,0.96244,-474.192,2.47302,474.199,-1.56877,0.00521517,,2.07852,-20.7944,4.02139,21.2814,-1.47117,0.190106,,-4324.4,-2146.59,-2136.61,-30.1518,-36.6947,25.651,0,,0,0,0,0,0,0,0,,0,0,0,0,,5.5613,-972.43,25.5393,972.781,-1.56508,0.0262569,,2.52034,-477.444,19.0449,477.83,-1.56552,0.0398676,,0.96244,-474.192,2.47302,474.199,-1.56877,0.00521517,,2.07852,-20.7944,4.02139,21.2814,-1.47117,0.190106,,-4324.4,-2146.59,-2136.61,-30.1518,-36.6947,25.651,0
0,-1.4,0,,-5.22391,-967.355,10.3685,967.425,-1.5762,0.0107179,,-8.89067,-474.056,7.49495,474.198,-1.58955,0.0158062,,4.10824,-471.71,12.2239,471.887,-1.56209,0.0259072,,-0.441485,-21.589,-9.35029,23.531,-1.59124,-0.408639,,-4253.48,-2105.02,-2106.23,-30.2246,-36.7133,24.7098,0,,0,0,0,0,0,0,0,,0,0,0,0,,-5.22391,-967.355,10.3685,967.425,-1.5762,0.0107179,,-8.89067,-474.056,7.49495,474.198,-1.58955,0.0158062,,4.10824,-471.71,12.2239,471.887,-1.56209,0.0259072,,-0.441485,-21.589,-9.35029,23.531,-1.59124,-0.408639,,-4253.48,-2105.02,-2106.23,-30.2246,-36.7133,24.7098,0
0,-1.35,0,,-4.35921,-970.763,-0.912936,970.773,-1.57529,-0.000940422,,5.23262,-475.987,-5.06582,476.043,-1.5598,-0.0106417,,-5.99921,-474.497,-1.14636,474.536,-1.58344,-0.00241575,,-3.59262,-20.2788,5.29924,21.2654,-1.74614,0.251849,,-4220.82,-2092.15,-2089.79,-27.3764,-34.3397,22.8442,0,,0,0,0,0,0,0,0,,0,0,0,0,,-4.35921,-970.763,-0.912936,970.773,-1.57529,-0.000940422,,5.23262,-475.987,-5.06582,476.043,-1.5598,-0.0106417,,-5.99921,-474.497,-1.14636,474.536,-1.58344,-0.00241575,,-3.59262,-20.2788,5.29924,21.2654,-1.74614,0.251849,,-4220.82,-2092.15,-2089.79,-27.3764,-34.3397,22.8442,0
0,-1.3,0,,11.0391,-961.688,-29.4537,962.202,-1.55932,-0.0306155,,6.8868,-473.677,-14.294,473.943,-1.55626,-0.0301644,,-0.759709,-472.051,-15.4504,472.304,-1.57241,-0.0327186,,4.91201,-15.9597,0.290726,16.7011,-1.27222,0.0174085,,-4148.67,-2056.87,-2060.64,-20.7477,-29.6711,19.2639,0,,0,0,0,0,0,0,0,,0,0,0,0,,11.0391,-961.688,-29.4537,962.202,-1.55932,-0.0306155,,6.8868,-473.677,-14.294,473.943,-1.55626,-0.0301644,,-0.759709,-472.051,-15.4504,472.304,-1.57241,-0.0327186,,4.91201,-15.9597,0.290726,16.7011,-1.27222,0.0174085,,-4148.67,-2056.87,-2060.64,-20.7477,-29.6711,19.2639,0
0,-1.25,0,,1.39403,-967.79,10.5849,967.849,-1.56936,0.0109367,,9.42139,-473.767,13.0676,474.041,-1.55091,0.02757,,-8.15358,-471.056,-0.372003,471.127,-1.5881,-0.000789603,,0.126223,-22.9668,-2.11072,23.0639,-1.5653,-0.0916442,,-4116.84,-2038.45,-2033.73,-28.7085,-33.0553,17.1064,0,,0,0,0,0,0,0,0,,0,0,0,0,,1.39403,-967.79,10.5849,967.849,-1.56936,0.0109367,,9.42139,-473.767,13.0676,474.041,-1.55091,0.02757,,-8.15358,-471.056,-0.372003,471.127,-1.5881,-0.000789603,,0.126223,-22.9668,-2.11072,23.0639,-1.5653,-0.0916442,,-4116.84,-2038.45,-2033.73,-28.7085,-33.0553,17.1064,0
0,-1.2,0,,10.2733,-956.216,12.1004,956.348,-1.56005,0.0126531,,-6.5516,-473.895,17.5434,474.265,-1.58462,0.0369991,,23.1557,-464.201,4.06715,464.796,-1.52095,0.0087505,,-6.33076,-18.1201,-9.51014,21.421,-1.90692,-0.460018,,-4037.22,-2009.93,-1984.31,-21.7441,-34.4682,13.2322,0,,0,0,0,0,0,0,0,,0,0,0,0,,10.2733,-956.216,12.1004,956.348,-1.56005,0.0126531,,-6.5516,-473.895,17.5434,474.265,-1.58462,0.0369991,,23.1557,-464.201,4.06715,464.796,-1.52095,0.0087505,,-6.33076,-18.1201,-9.51014,21.421,-1.90692,-0.460018,,-4037.22,-2009.93,-1984.31,-21.7441,-34.4682,13.2322,0
0,-1.15,0,,11.4519,-965.271,-5.65934,965.355,-1.55893,-0.00586247,,13.6487,-472.084,-0.74957,472.282,-1.54189,-0.00158712,,-4.2904,-470.303,-12.2665,470.482,-1.57992,-0.0260752,,2.09361,-22.8836,7.35675,24.1281,-1.47956,0.309838,,-4004.84,-1987.61,-1978.82,-26.3161,-34.7656,22.6727,0,,0,0,0,0,0,0,0,,0,0,0,0,,11.4519,-965.271,-5.65934,965.355,-1.55893,-0.00586247,,13.6487,-472.084,-0.74957,472.282,-1.54189,-0.00158712,,-4.2904,-470.303,-12.2665,470.482,-1.57992,-0.0260752,,2.09361,-22.8836,7.35675,24.1281,-1.47956,0.309838,,-4004.84,-1987.61,-1978.82,-26.3161,-34.7656,22.6727,0
0,-1.1,0,,-1.13206,-962.648,-0.0452765,962.649,-1.57197,-4.70333e-005,,6.01541,-471.089,-1.74435,471.131,-1.55803,-0.00370249,,-4.39463,-471.794,6.77454,471.863,-1.58011,0.0143575,,-2.75284,-19.7651,-5.07546,20.5912,-1.70918,-0.249054,,-3961.95,-1958.85,-1967.18,-21.7416,-33.4369,19.2523,0,,0,0,0,0,0,0,0,,0,0,0,0,,-1.13206,-962.648,-0.0452765,962.649,-1.57197,-4.70333e-005,,6.01541,-471.089,-1.74435,471.131,-1.55803,-0.00370249,,-4.39463,-471.794,6.77454,471.863,-1.58011,0.0143575,,-2.75284,-19.7651,-5.07546,20.5912,-1.70918,-0.249054,,-3961.95,-1958.85,-1967.18,-21.7416,-33.4369,19.2523,0
0,-1.05,0,,10.0995,-960.884,9.36709,960.983,-1.56029,0.00974756,,19.7248,-470.485,9.01105,470.985,-1.5289,0.0191335,,-10.9736,-469.433,-2.99884,469.571,-1.59417,-0.00638638,,1.34834,-20.9655,3.35489,21.275,-1.50657,0.158352,,-3904.26,-1935.08,-1933.45,-22.0138,-34.0182,20.3073,0,,0,0,0,0,0,0,0,,0,0,0,0,,10.0995,-960.884,9.36709,960.983,-1.56029,0.00974756,,19.7248,-470.485,9.01105,470.985,-1.5289,0.0191335,,-10.9736,-469.433,-2.99884,469.571,-1.59417,-0.00638638,,1.34834,-20.9655,3.35489,21.275,-1.50657,0.158352,,-3904.26,-1935.08,-1933.45,-22.0138,-34.0182,20.3073,0
0,-1,0,,-0.200173,-954.67,-2.93302,954.674,-1.57101,-0.00307228,,-7.44072,-471.041,-4.27738,471.119,-1.58659,-0.0090793,,7.79979,-467.357,-10.5096,467.54,-1.55411,-0.0224803,,-0.559244,-16.2712,11.8539,20.139,-1.60515,0.629332,,-3840.15,-1904.91,-1901.52,-16.2712,-30.8384,13.3849,0,,0,0,0,0,0,0,0,,0,0,0,0,,-0.200173,-954.67,-2.93302,954.674,-1.57101,-0.00307228,,-7.44072,-471.041,-4.27738,471.119,-1.58659,-0.0090793,,7.79979,-467.357,-10.5096,467.54,-1.55411,-0.0224803,,-0.559244,-16.2712,11.8539,20.139,-1.60515,0.629332,,-3840.15,-1904.91,-1901.52,-16.2712,-30.8384,13.3849,0
0,-0.95,0,,0.714088,-956.367,-20.0425,956.578,-1.57005,-0.0209538,,4.97148,-470.915,-8.04219,471.01,-1.56024,-0.0170752,,-6.29069,-466.888,-7.49809,466.99,-1.58427,-0.0160569,,2.03329,-18.5652,-4.50221,19.2112,-1.46171,-0.236553,,-3804.51,-1889.58,-1879.31,-17.6369,-31.9488,13.9671,0,,0,0,0,0,0,0,0,,0,0,0,0,,0.714088,-956.367,-20.0425,956.578,-1.57005,-0.0209538,,4.97148,-470.915,-8.04219,471.01,-1.56024,-0.0170752,,-6.29069,-466.888,-7.49809,466.99,-1.58427,-0.0160569,,2.03329,-18.5652,-4.50221,19.2112,-1.46171,-0.236553,,-3804.51,-1889.58,-1879.31,-17.6369,-31.9488,13.9671,0
0,-0.9,0,,-16.2486,-956.572,-19.4443,956.907,-1.58778,-0.0203213,,-6.58746,-471.204,-25.2771,471.927,-1.58478,-0.0535871,,-7.98774,-468.528,18.009,468.942,-1.58784,0.038413,,-1.67344,-16.8405,-12.1762,20.8486,-1.66984,-0.623686,,-3760.68,-1866.68,-1862.71,-15.1564,-30.0971,13.9732,0,,0,0,0,0,0,0,0,,0,0,0,0,,-16.2486,-956.572,-19.4443,956.907,-1.58778,-0.0203213,,-6.58746,-471.204,-25.2771,471.927,-1.58478,-0.0535871,,-7.98774,-468.528,18.009,468.942,-1.58784,0.038413,,-1.67344,-16.8405,-12.1762,20.8486,-1.66984,-0.623686,,-3760.68,-1866.68,-1862.71,-15.1564,-30.0971,13.9732,0
0,-0.85,0,,-28.8722,-956.132,11.5318,956.637,-1.60098,0.0120548,,-20.4111,-470.461,-9.53185,471,-1.61415,-0.0202389,,-4.36088,-466.91,13.1159,467.115,-1.58014,0.0280821,,-4.10018,-18.7604,7.94782,20.783,-1.78597,0.392414,,-3693.17,-1832.21,-1828.35,-15.9463,-31.434,14.7749,0,,0,0,0,0,0,0,0,,0,0,0,0,,-28.8722,-956.132,11.5318,956.637,-1.60098,0.0120548,,-20.4111,-470.461,-9.53185,471,-1.61415,-0.0202389,,-4.36088,-466.91,13.1159,467.115,-1.58014,0.0280821,,-4.10018,-18.7604,7.94782,20.783,-1.78597,0.392414,,-3693.17,-1832.21,-1828.35,-15.9463,-31.434,14.7749,0
0,-0.8,0,,22.2211,-947.786,-15.8745,948.179,-1.54736,-0.0167429,,19.1879,-469.892,-5.1323,470.312,-1.52998,-0.0109128,,-5.57461,-463.113,-17.4666,463.476,-1.58283,-0.0376951,,8.60785,-14.7813,6.72439,18.3793,-1.04346,0.374564,,-3645.65,-1811.52,-1798.34,-11.825,-32.1475,8.1872,0,,0,0,0,0,0,0,0,,0,0,0,0,,22.2211,-947.786,-15.8745,948.179,-1.54736,-0.0167429,,19.1879,-469.892,-5.1323,470.312,-1.52998,-0.0109128,,-5.57461,-463.113,-17.4666,463.476,-1.58283,-0.0376951,,8.60785,-14.7813,6.72439,18.3793,-1.04346,0.374564,,-3645.65,-1811.52,-1798.34,-11.825,-32.1475,8.1872,0
0,-0.75,0,,38.6601,-947.568,-3.51583,948.362,-1.53002,-0.00370727,,17.8707,-470.656,-17.3908,471.317,-1.53284,-0.0369066,,30.1067,-464.09,17.5379,465.396,-1.50601,0.0376928,,-9.31725,-12.8216,-3.663,16.2672,-2.19921,-0.227125,,-3607.16,-1788.95,-1783.98,-9.61617,-31.5113,6.89741,0,,0,0,0,0,0,0,0,,0,0,0,0,,38.6601,-947.568,-3.51583,948.362,-1.53002,-0.00370727,,17.8707,-470.656,-17.3908,471.317,-1.53284,-0.0369066,,30.1067,-464.09,17.5379,465.396,-1.50601,0.0376928,,-9.31725,-12.8216,-3.663,16.2672,-2.19921,-0.227125,,-3607.16,-1788.95,-1783.98,-9.61617,-31.5113,6.89741,0
0,-0.7,0,,5.01849,-949.056,-13.9549,949.172,-1.56551,-0.0147027,,15.0599,-469.044,-6.70397,469.333,-1.5387,-0.0142845,,-24.4118,-465.6,6.08799,466.279,-1.62318,0.0130569,,14.3703,-14.4127,-13.3389,24.3343,-0.786869,-0.580154,,-3549.5,-1765.01,-1755.04,-10.0889,-29.9731,10.6166,0,,0,0,0,0,0,0,0,,0,0,0,0,,5.01849,-949.056,-13.9549,949.172,-1.56551,-0.0147027,,15.0599,-469.044,-6.70397,469.333,-1.5387,-0.0142845,,-24.4118,-465.6,6.08799,466.279,-1.62318,0.0130569,,14.3703,-14.4127,-13.3389,24.3343,-0.786869,-0.580154,,-3549.5,-1765.01,-1755.04,-10.0889,-29.9731,10.6166,0
0,-0.65,0,,0.528154,-937.856,10.68,937.917,-1.57023,0.0113872,,18.1874,-464.036,1.04025,464.394,-1.53162,0.00224001,,-23.1917,-462.187,4.94039,462.795,-1.62093,0.0106753,,5.53244,-11.6327,4.69937,13.7117,-1.12686,0.349817,,-3499.89,-1742.76,-1724.69,-7.56126,-27.6964,2.81549,0,,0,0,0,0,0,0,0,,0,0,0,0,,0.528154,-937.856,10.68,937.917,-1.57023,0.0113872,,18.1874,-464.036,1.04025,464.394,-1.53162,0.00224001,,-23.1917,-462.187,4.94039,462.795,-1.62093,0.0106753,,5.53244,-11.6327,4.69937,13.7117,-1.12686,0.349817,,-3499.89,-1742.76,-1724.69,-7.56126,-27.6964,2.81549,0
0,-0.6,0,,-25.1527,-941.593,-53.1168,943.425,-1.5975,-0.0563319,,-20.633,-464.966,-46.3745,467.728,-1.61514,-0.0993115,,2.73324,-464.921,13.8216,465.135,-1.56492,0.0297197,,-7.25295,-11.7056,-20.5639,24.7488,-2.12551,-0.980737,,-3451.43,-1709.44,-1706.64,-7.02336,-28.1266,-0.205774,0,,0,0,0,0,0,0,0,,0,0,0,0,,-25.1527,-941.593,-53.1168,943.425,-1.5975,-0.0563319,,-20.633,-464.966,-46.3745,467.728,-1.61514,-0.0993115,,2.73324,-464.921,13.8216,465.135,-1.56492,0.0297197,,-7.25295,-11.7056,-20.5639,24.7488,-2.12551,-0.980737,,-3451.43,-1709.44,-1706.64,-7.02336,-28.1266,-0.205774,0
0,-0.55,0,,11.7081,-940.959,25.6217,941.38,-1.55835,0.0272205,,12.2368,-464.843,4.49708,465.026,-1.54448,0.00967075,,5.16396,-463.284,12.8946,463.492,-1.55965,0.0278241,,-5.69268,-12.8315,8.23004,16.2723,-1.98836,0.530275,,-3389.52,-1682.52,-1675.71,-7.05731,-25.0179,0.787327,0,,0,0,0,0,0,0,0,,0,0,0,0,,11.7081,-940.959,25.6217,941.38,-1.55835,0.0272205,,12.2368,-464.843,4.49708,465.026,-1.54448,0.00967075,,5.16396,-463.284,12.8946,463.492,-1.55965,0.0278241,,-5.69268,-12.8315,8.23004,16.2723,-1.98836,0.530275,,-3389.52,-1682.52,-1675.71,-7.05731,-25.0179,0.787327,0
0,-0.5,0,,6.3529,-932.65,-0.388885,932.672,-1.56398,-0.000416958,,8.73791,-464.578,-5.65558,464.694,-1.55199,-0.0121708,,-9.57076,-458.71,-11.4311,458.953,-1.59166,-0.0249095,,7.18575,-9.36179,16.6978,20.4474,-0.916151,0.955537,,-3336.35,-1653.61,-1646.96,-4.6809,-28.5577,-2.54315,0,,0,0,0,0,0,0,0,,0,0,0,0,,6.3529,-932.65,-0.388885,932.672,-1.56398,-0.000416958,,8.73791,-464.578,-5.65558,464.694,-1.55199,-0.0121708,,-9.57076,-458.71,-11.4311,458.953,-1.59166,-0.0249095,,7.18575,-9.36179,16.6978,20.4474,-0.916151,0.955537,,-3336.35,-1653.61,-1646.96,-4.6809,-28.5577,-2.54315,0
0,-0.45,0,,-13.8665,-922.922,-19.0369,923.223,-1.58582,-0.0206215,,21.5776,-459.934,-21.2261,460.929,-1.52392,-0.0460669,,-43.6708,-454.923,15.8437,457.289,-1.6665,0.034654,,8.22669,-8.06523,-13.6546,17.8654,-0.775488,-0.869957,,-3285.73,-1626.1,-1623.4,-3.62935,-24.6888,-7.90881,0,,0,0,0,0,0,0,0,,0,0,0,0,,-13.8665,-922.922,-19.0369,923.223,-1.58582,-0.0206215,,21.5776,-459.934,-21.2261,460.929,-1.52392,-0.0460669,,-43.6708,-454.923,15.8437,457.289,-1.6665,0.034654,,8.22669,-8.06523,-13.6546,17.8654,-0.775488,-0.869957,,-3285.73,-1626.1,-1623.4,-3.62935,-24.6888,-7.90881,0
0,-0.4,0,,17.681,-932.633,10.2616,932.857,-1.55184,0.0110004,,4.65051,-464.459,-2.85562,464.491,-1.56078,-0.00614789,,13.4459,-457.607,10.6454,457.928,-1.54142,0.023249,,-0.415453,-10.5679,2.47179,10.861,-1.61009,0.229595,,-3247.03,-1608.97,-1602.31,-4.22714,-27.8058,-3.71678,0,,0,0,0,0,0,0,0,,0,0,0,0,,17.681,-932.633,10.2616,932.857,-1.55184,0.0110004,,4.65051,-464.459,-2.85562,464.491,-1.56078,-0.00614789,,13.4459,-457.607,10.6454,457.928,-1.54142,0.023249,,-0.415453,-10.5679,2.47179,10.861,-1.61009,0.229595,,-3247.03,-1608.97,-1602.31,-4.22714,-27.8058,-3.71678,0
0,-0.35,0,,-2.9931,-924.548,25.302,924.899,-1.57403,0.02736,,4.68425,-460.604,24.4507,461.277,-1.56063,0.0530316,,3.02138,-455.13,0.200054,455.14,-1.56416,0.000439545,,-10.6987,-8.8139,0.651242,13.877,-2.45249,0.0469467,,-3205.4,-1586.79,-1581.06,-3.08487,-25.8062,-8.65914,0,,0,0,0,0,0,0,0,,0,0,0,0,,-2.9931,-924.548,25.302,924.899,-1.57403,0.02736,,4.68425,-460.604,24.4507,461.277,-1.56063,0.0530316,,3.02138,-455.13,0.200054,455.14,-1.56416,0.000439545,,-10.6987,-8.8139,0.651242,13.877,-2.45249,0.0469467,,-3205.4,-1586.79,-1581.06,-3.08487,-25.8062,-8.65914,0
0,-0.3,0,,10.6202,-915.013,-23.3695,915.373,-1.55919,-0.0255328,,4.81882,-463.005,33.5207,464.242,-1.56039,0.0722681,,-6.08775,-442.765,-83.576,450.624,-1.58454,-0.186547,,11.8891,-9.24339,26.6858,30.6418,-0.660849,1.05702,,-3133.74,-1561.79,-1533.52,-2.77302,-26.4347,-9.22694,0,,0,0,0,0,0,0,0,,0,0,0,0,,10.6202,-915.013,-23.3695,915.373,-1.55919,-0.0255328,,4.81882,-463.005,33.5207,464.242,-1.56039,0.0722681,,-6.08775,-442.765,-83.576,450.624,-1.58454,-0.186547,,11.8891,-9.24339,26.6858,30.6418,-0.660849,1.05702,,-3133.74,-1561.79,-1533.52,-2.77302,-26.4347,-9.22694,0
0,-0.25,0,,-16.2855,-913.565,23.0208,914,-1.58862,0.0251896,,22.5808,-460.848,11.9219,461.555,-1.52184,0.0258327,,-53.0819,-445.612,16.4269,449.063,-1.68936,0.0365884,,14.2156,-7.10412,-5.32791,16.7612,-0.463441,-0.323483,,-3103.39,-1539.87,-1519.8,-1.77603,-28.5357,-13.4065,0,,0,0,0,0,0,0,0,,0,0,0,0,,-16.2855,-913.565,23.0208,914,-1.58862,0.0251896,,22.5808,-460.848,11.9219,461.555,-1.52184,0.0258327,,-53.0819,-445.612,16.4269,449.063,-1.68936,0.0365884,,14.2156,-7.10412,-5.32791,16.7612,-0.463441,-0.323483,,-3103.39,-1539.87,-1519.8,-1.77603,-28.5357,-13.4065,0
0,-0.2,0,,-3.67145,-900.914,13.7855,901.027,-1.57487,0.0153003,,4.41966,-454.46,-46.3546,456.839,-1.56107,-0.101643,,1.58978,-434.995,80.8623,442.45,-1.56714,0.183793,,-9.68089,-11.4587,-20.7222,25.5819,-2.27229,-0.944213,,-3048.71,-1504.48,-1498.78,-2.29175,-26.9797,-16.1717,0,,0,0,0,0,0,0,0,,0,0,0,0,,-3.67145,-900.914,13.7855,901.027,-1.57487,0.0153003,,4.41966,-454.46,-46.3546,456.839,-1.56107,-0.101643,,1.58978,-434.995,80.8623,442.45,-1.56714,0.183793,,-9.68089,-11.4587,-20.7222,25.5819,-2.27229,-0.944213,,-3048.71,-1504.48,-1498.78,-2.29175,-26.9797,-16.1717,0
0,-0.15,0,,4.03162,-870.073,-12.5982,870.174,-1.56616,-0.0144783,,-40.69,-437.705,-113.413,453.987,-1.66349,-0.252489,,58.5754,-431.168,124.054,452.467,-1.43577,0.27773,,-13.8538,-1.20039,-23.2398,27.0824,-3.05516,-1.03159,,-3001.06,-1470.35,-1477.04,-0.180059,-27.2338,-26.2639,0,,0,0,0,0,0,0,0,,0,0,0,0,,4.03162,-870.073,-12.5982,870.174,-1.56616,-0.0144783,,-40.69,-437.705,-113.413,453.987,-1.66349,-0.252489,,58.5754,-431.168,124.054,452.467,-1.43577,0.27773,,-13.8538,-1.20039,-23.2398,27.0824,-3.05516,-1.03159,,-3001.06,-1470.35,-1477.04,-0.180059,-27.2338,-26.2639,0
0,-0.1,0,,-1.81645,-834.503,59.7727,836.643,-1.57297,0.0715044,,100.708,-434.065,-106.064,458.043,-1.34282,-0.233679,,-123.948,-398.289,177.811,453.447,-1.8725,0.402948,,21.4237,-2.1496,-11.9745,24.6371,-0.100002,-0.507547,,-2972.24,-1456.23,-1457.37,-0.21496,-30.0561,-28.3703,0,,0,0,0,0,0,0,0,,0,0,0,0,,-1.81645,-834.503,59.7727,836.643,-1.57297,0.0715044,,100.708,-434.065,-106.064,458.043,-1.34282,-0.233679,,-123.948,-398.289,177.811,453.447,-1.8725,0.402948,,21.4237,-2.1496,-11.9745,24.6371,-0.100002,-0.507547,,-2972.24,-1456.23,-1457.37,-0.21496,-30.0561,-28.3703,0
0,-0.05,0,,-60.9651,-700.768,34.9438,704.282,-1.65758,0.0496365,,89.7839,-385.394,-231.492,458.452,-1.34191,-0.529315,,-155.165,-311.511,288.116,451.803,-2.03293,0.691513,,4.41581,-3.86284,-21.6807,22.4605,-0.718702,-1.30652,,-2921.16,-1437.8,-1425.49,-0.193142,-28.5043,-29.1738,0,,0,0,0,0,0,0,0,,0,0,0,0,,-60.9651,-700.768,34.9438,704.282,-1.65758,0.0496365,,89.7839,-385.394,-231.492,458.452,-1.34191,-0.529315,,-155.165,-311.511,288.116,451.803,-2.03293,0.691513,,4.41581,-3.86284,-21.6807,22.4605,-0.718702,-1.30652,,-2921.16,-1437.8,-1425.49,-0.193142,-28.5043,-29.1738,0
0,7.63278e-016,0,,127.88,-50.7656,55.1996,148.248,-0.377898,0.381535,,254.76,-149.866,-346.628,455.536,-0.531745,-0.864734,,-139.141,107.337,420.746,455.97,2.48452,1.17515,,12.2621,-8.23652,-18.9191,24.0027,-0.591483,-0.907888,,-2892.54,-1410.92,-1406.71,6.28676e-015,-37.0256,-37.8863,0,,0,0,0,0,0,0,0,,0,0,0,0,,127.88,-50.7656,55.1996,148.248,-0.377898,0.381535,,254.76,-149.866,-346.628,455.536,-0.531745,-0.864734,,-139.141,107.337,420.746,455.97,2.48452,1.17515,,12.2621,-8.23652,-18.9191,24.0027,-0.591483,-0.907888,,-2892.54,-1410.92,-1406.71,6.28676e-015,-37.0256,-37.8863,0
0,0.05,0,,11.3972,657.48,28.6663,658.204,1.55346,0.0435661,,63.428,349.935,-283.647,454.899,1.39149,-0.67326,,-58.0805,294.873,334,449.31,1.76527,0.838082,,6.04969,12.6723,-21.6873,25.8365,1.12539,-0.996189,,-2920.77,-1432.02,-1420.13,-0.633613,-34.6408,-33.3481,0,,0,0,0,0,0,0,0,,0,0,0,0,,11.3972,657.48,28.6663,658.204,1.55346,0.0435661,,63.428,349.935,-283.647,454.899,1.39149,-0.67326,,-58.0805,294.873,334,449.31,1.76527,0.838082,,6.04969,12.6723,-21.6873,25.8365,1.12539,-0.996189,,-2920.77,-1432.02,-1420.13,-0.633613,-34.6408,-33.3481,0
0,0.1,0,,-22.9229,846.64,-20.4608,847.198,1.59786,-0.0241535,,61.402,428.014,-139.174,454.242,1.42831,-0.311396,,-95.6942,425.687,135.707,456.928,1.79192,0.301547,,11.3693,-7.06104,-16.9932,21.6307,-0.555764,-0.903675,,-2973.75,-1462.66,-1458.59,0.706104,-25.7048,-27.4989,0,,0,0,0,0,0,0,0,,0,0,0,0,,-22.9229,846.64,-20.4608,847.198,1.59786,-0.0241535,,61.402,428.014,-139.174,454.242,1.42831,-0.311396,,-95.6942,425.687,135.707,456.928,1.79192,0.301547,,11.3693,-7.06104,-16.9932,21.6307,-0.555764,-0.903675,,-2973.75,-1462.66,-1458.59,0.706104,-25.7048,-27.4989,0
0,0.15,0,,-46.699,880.206,-8.0548,881.481,1.6238,-0.00913793,,-27.9032,443.4,-106.518,456.868,1.63364,-0.235315,,-14.12,425.964,117.598,442.125,1.60393,0.269225,,-4.67575,10.8413,-19.1344,22.4838,1.97798,-1.01794,,-3003.49,-1482.65,-1468.37,-1.62619,-29.568,-21.2744,0,,0,0,0,0,0,0,0,,0,0,0,0,,-46.699,880.206,-8.0548,881.481,1.6238,-0.00913793,,-27.9032,443.4,-106.518,456.868,1.63364,-0.235315,,-14.12,425.964,117.598,442.125,1.60393,0.269225,,-4.67575,10.8413,-19.1344,22.4838,1.97798,-1.01794,,-3003.49,-1482.65,-1468.37,-1.62619,-29.568,-21.2744,0
0,0.2,0,,-103.306,902.252,57.5506,909.969,1.6848,0.0632868,,-76.5813,448.713,49.9023,457.928,1.73984,0.109191,,-16.7919,444.943,-0.38702,445.26,1.60852,-0.0008692,,-9.93256,8.59598,8.03523,15.3984,2.42821,0.548985,,-3049.84,-1512.74,-1493.2,-1.7192,-29.3277,-12.8491,0,,0,0,0,0,0,0,0,,0,0,0,0,,-103.306,902.252,57.5506,909.969,1.6848,0.0632868,,-76.5813,448.713,49.9023,457.928,1.73984,0.109191,,-16.7919,444.943,-0.38702,445.26,1.60852,-0.0008692,,-9.93256,8.59598,8.03523,15.3984,2.42821,0.548985,,-3049.84,-1512.74,-1493.2,-1.7192,-29.3277,-12.8491,0
0,0.25,0,,26.7369,892.562,-50.2143,894.373,1.54085,-0.0561742,,1.80246,444.084,-107.311,456.87,1.56674,-0.237098,,17.1669,446.398,72.7319,452.61,1.53236,0.161394,,7.7675,2.07997,-15.6354,17.582,0.261641,-1.09578,,-3099.51,-1530,-1525.35,-0.519994,-25.082,-18.5563,0,,0,0,0,0,0,0,0,,0,0,0,0,,26.7369,892.562,-50.2143,894.373,1.54085,-0.0561742,,1.80246,444.084,-107.311,456.87,1.56674,-0.237098,,17.1669,446.398,72.7319,452.61,1.53236,0.161394,,7.7675,2.07997,-15.6354,17.582,0.261641,-1.09578,,-3099.51,-1530,-1525.35,-0.519994,-25.082,-18.5563,0
0,0.3,0,,38.2394,918.752,20.0898,919.767,1.5292,0.021844,,41.3377,453.358,30.2567,456.243,1.47987,0.0663658,,-11.7542,456.055,-22.2231,456.748,1.59656,-0.0486742,,8.65594,9.33922,12.0561,17.5356,0.82335,0.758073,,-3147.39,-1549.26,-1559.43,-2.80177,-24.3398,-11.5618,0,,0,0,0,0,0,0,0,,0,0,0,0,,38.2394,918.752,20.0898,919.767,1.5292,0.021844,,41.3377,453.358,30.2567,456.243,1.47987,0.0663658,,-11.7542,456.055,-22.2231,456.748,1.59656,-0.0486742,,8.65594,9.33922,12.0561,17.5356,0.82335,0.758073,,-3147.39,-1549.26,-1559.43,-2.80177,-24.3398,-11.5618,0
0,0.35,0,,-38.8873,925.08,-55.9123,927.583,1.61281,-0.060314,,-38.2114,458.305,-43.7023,461.967,1.65398,-0.0947421,,22.941,458.526,-22.8199,459.667,1.52081,-0.0496649,,-23.617,8.24801,10.6099,27.1728,2.80559,0.40113,,-3197.13,-1579.77,-1584.35,-2.8868,-24.2472,-5.8679,0,,0,0,0,0,0,0,0,,0,0,0,0,,-38.8873,925.08,-55.9123,927.583,1.61281,-0.060314,,-38.2114,458.305,-43.7023,461.967,1.65398,-0.0947421,,22.941,458.526,-22.8199,459.667,1.52081,-0.0496649,,-23.617,8.24801,10.6099,27.1728,2.80559,0.40113,,-3197.13,-1579.77,-1584.35,-2.8868,-24.2472,-5.8679,0
0,0.4,0,,48.7402,923.291,6.40778,924.598,1.51806,0.0069304,,36.3049,459.529,21.2414,461.45,1.49196,0.046048,,-3.00934,456.492,-11.1094,456.637,1.57739,-0.024331,,15.4447,7.26922,-3.72422,17.4714,0.439903,-0.21481,,-3247,-1604.15,-1608.63,-2.90769,-24.367,-6.94254,0,,0,0,0,0,0,0,0,,0,0,0,0,,48.7402,923.291,6.40778,924.598,1.51806,0.0069304,,36.3049,459.529,21.2414,461.45,1.49196,0.046048,,-3.00934,456.492,-11.1094,456.637,1.57739,-0.024331,,15.4447,7.26922,-3.72422,17.4714,0.439903,-0.21481,,-3247,-1604.15,-1608.63,-2.90769,-24.367,-6.94254,0
0,0.45,0,,13.6089,936.249,-23.1132,936.634,1.55626,-0.0246794,,15.7297,461.369,2.92212,461.646,1.53672,0.00632982,,-15.0516,461.229,-29.0008,462.385,1.60342,-0.0627611,,12.9308,13.6515,2.96539,19.0359,0.812504,0.156416,,-3289.85,-1630.87,-1625.37,-6.14319,-27.2708,-0.186979,0,,0,0,0,0,0,0,0,,0,0,0,0,,13.6089,936.249,-23.1132,936.634,1.55626,-0.0246794,,15.7297,461.369,2.92212,461.646,1.53672,0.00632982,,-15.0516,461.229,-29.0008,462.385,1.60342,-0.0627611,,12.9308,13.6515,2.96539,19.0359,0.812504,0.156416,,-3289.85,-1630.87,-1625.37,-6.14319,-27.2708,-0.186979,0
0,0.5,0,,-33.4898,934.995,21.8082,935.849,1.6066,0.0233053,,-26.2646,464.651,-13.4828,465.588,1.62726,-0.0289627,,15.3309,457.868,36.0437,459.541,1.53733,0.0785149,,-22.5561,12.476,-0.752665,25.7875,2.63637,-0.0291914,,-3343.03,-1660.1,-1645.4,-6.238,-26.8952,-4.3971,0,,0,0,0,0,0,0,0,,0,0,0,0,,-33.4898,934.995,21.8082,935.849,1.6066,0.0233053,,-26.2646,464.651,-13.4828,465.588,1.62726,-0.0289627,,15.3309,457.868,36.0437,459.541,1.53733,0.0785149,,-22.5561,12.476,-0.752665,25.7875,2.63637,-0.0291914,,-3343.03,-1660.1,-1645.4,-6.238,-26.8952,-4.3971,0
0,0.55,0,,-16.3485,941.407,-32.0086,942.092,1.58816,-0.0339826,,-12.1973,469.169,-0.374398,469.327,1.59679,-0.000797733,,-10.5173,458.709,-47.5249,461.285,1.59372,-0.10321,,6.36605,13.5286,15.8907,21.8189,1.13098,0.815836,,-3405.73,-1692.43,-1675.47,-7.44075,-29.0122,-1.37808,0,,0,0,0,0,0,0,0,,0,0,0,0,,-16.3485,941.407,-32.0086,942.092,1.58816,-0.0339826,,-12.1973,469.169,-0.374398,469.327,1.59679,-0.000797733,,-10.5173,458.709,-47.5249,461.285,1.59372,-0.10321,,6.36605,13.5286,15.8907,21.8189,1.13098,0.815836,,-3405.73,-1692.43,-1675.47,-7.44075,-29.0122,-1.37808,0
0,0.6,0,,-5.39008,937.894,-25.235,938.249,1.57654,-0.0268991,,9.87245,465.959,-15.4063,466.318,1.54961,-0.0330443,,-8.07124,462.845,8.01803,462.984,1.58823,0.017319,,-7.1913,9.09019,-17.8467,21.2803,2.24009,-0.994797,,-3438.83,-1708.42,-1700.52,-5.45412,-28.7683,4.33518,0,,0,0,0,0,0,0,0,,0,0,0,0,,-5.39008,937.894,-25.235,938.249,1.57654,-0.0268991,,9.87245,465.959,-15.4063,466.318,1.54961,-0.0330443,,-8.07124,462.845,8.01803,462.984,1.58823,0.017319,,-7.1913,9.09019,-17.8467,21.2803,2.24009,-0.994797,,-3438.83,-1708.42,-1700.52,-5.45412,-28.7683,4.33518,0
0,0.65,0,,-6.02253,948.061,23.2496,948.365,1.57715,0.0245179,,-15.2842,465.175,14.7414,465.66,1.60364,0.0316624,,10.5138,461.191,-1.23776,461.313,1.548,-0.00268312,,-1.25208,21.6946,9.7459,23.8161,1.62845,0.421593,,-3493.55,-1730.63,-1720.93,-14.1015,-32.0044,4.11302,0,,0,0,0,0,0,0,0,,0,0,0,0,,-6.02253,948.061,23.2496,948.365,1.57715,0.0245179,,-15.2842,465.175,14.7414,465.66,1.60364,0.0316624,,10.5138,461.191,-1.23776,461.313,1.548,-0.00268312,,-1.25208,21.6946,9.7459,23.8161,1.62845,0.421593,,-3493.55,-1730.63,-1720.93,-14.1015,-32.0044,4.11302,0
0,0.7,0,,8.57104,949.666,9.59406,949.753,1.56177,0.0101018,,-20.4276,470.655,-1.4786,471.1,1.61417,-0.00313862,,28.232,461.473,10.6085,462.457,1.50969,0.0229415,,0.766683,17.5391,0.464108,17.562,1.52711,0.02643,,-3539.08,-1762.1,-1741.3,-12.2774,-32.3672,8.96793,0,,0,0,0,0,0,0,0,,0,0,0,0,,8.57104,949.666,9.59406,949.753,1.56177,0.0101018,,-20.4276,470.655,-1.4786,471.1,1.61417,-0.00313862,,28.232,461.473,10.6085,462.457,1.50969,0.0229415,,0.766683,17.5391,0.464108,17.562,1.52711,0.02643,,-3539.08,-1762.1,-1741.3,-12.2774,-32.3672,8.96793,0
0,0.75,0,,-21.3684,946.959,-0.72104,947.2,1.59336,-0.000761233,,5.42137,468.285,2.07372,468.321,1.55922,0.004428,,-40.0777,462.187,-4.88331,463.947,1.65729,-0.0105258,,13.2879,16.4867,2.08855,21.2777,0.892422,0.0983149,,-3587.79,-1779.23,-1768.49,-12.365,-31.8543,4.14404,0,,0,0,0,0,0,0,0,,0,0,0,0,,-21.3684,946.959,-0.72104,947.2,1.59336,-0.000761233,,5.42137,468.285,2.07372,468.321,1.55922,0.004428,,-40.0777,462.187,-4.88331,463.947,1.65729,-0.0105258,,13.2879,16.4867,2.08855,21.2777,0.892422,0.0983149,,-3587.79,-1779.23,-1768.49,-12.365,-31.8543,4.14404,0
0,0.8,0,,26.6517,947.889,40.8355,949.142,1.54269,0.0430368,,19.9833,469.695,20.9635,470.587,1.52828,0.0445622,,4.94261,465.699,19.666,466.141,1.56018,0.0422016,,1.72574,12.4945,0.205959,12.6148,1.43354,0.0163275,,-3650.69,-1813.8,-1806.89,-9.9956,-29.2848,9.28159,0,,0,0,0,0,0,0,0,,0,0,0,0,,26.6517,947.889,40.8355,949.142,1.54269,0.0430368,,19.9833,469.695,20.9635,470.587,1.52828,0.0445622,,4.94261,465.699,19.666,466.141,1.56018,0.0422016,,1.72574,12.4945,0.205959,12.6148,1.43354,0.0163275,,-3650.69,-1813.8,-1806.89,-9.9956,-29.2848,9.28159,0
0,0.85,0,,16.4817,950.4,27.461,950.94,1.55346,0.0288817,,20.2426,470.433,6.27901,470.91,1.52779,0.0133342,,2.49674,463.107,33.8457,464.349,1.56541,0.0729532,,-6.25759,16.8599,-12.6637,21.9951,1.92619,-0.613525,,-3696.66,-1835.87,-1821.84,-14.3309,-31.5745,6.95044,0,,0,0,0,0,0,0,0,,0,0,0,0,,16.4817,950.4,27.461,950.94,1.55346,0.0288817,,20.2426,470.433,6.27901,470.91,1.52779,0.0133342,,2.49674,463.107,33.8457,464.349,1.56541,0.0729532,,-6.25759,16.8599,-12.6637,21.9951,1.92619,-0.613525,,-3696.66,-1835.87,-1821.84,-14.3309,-31.5745,6.95044,0
0,0.9,0,,2.62298,950.771,14.7207,950.889,1.56804,0.0154816,,-0.425756,467.194,9.67075,467.294,1.57171,0.0206967,,-0.905681,466.076,-11.7301,466.224,1.57274,-0.0251625,,3.95442,17.5011,16.78,24.5662,1.34858,0.751936,,-3741.42,-1852.16,-1853.78,-15.751,-29.8917,10.1743,0,,0,0,0,0,0,0,0,,0,0,0,0,,2.62298,950.771,14.7207,950.889,1.56804,0.0154816,,-0.425756,467.194,9.67075,467.294,1.57171,0.0206967,,-0.905681,466.076,-11.7301,466.224,1.57274,-0.0251625,,3.95442,17.5011,16.78,24.5662,1.34858,0.751936,,-3741.42,-1852.16,-1853.78,-15.751,-29.8917,10.1743,0
0,0.95,0,,-6.50232,965.871,-7.976,965.926,1.57753,-0.00825746,,4.63593,474.335,-11.8873,474.507,1.56102,-0.0250546,,-20.0218,467.868,11.1321,468.429,1.61356,0.0237671,,8.88353,23.6676,-7.2208,26.291,1.21172,-0.278225,,-3813.04,-1897.2,-1874.54,-22.4843,-33.8668,15.0537,0,,0,0,0,0,0,0,0,,0,0,0,0,,-6.50232,965.871,-7.976,965.926,1.57753,-0.00825746,,4.63593,474.335,-11.8873,474.507,1.56102,-0.0250546,,-20.0218,467.868,11.1321,468.429,1.61356,0.0237671,,8.88353,23.6676,-7.2208,26.291,1.21172,-0.278225,,-3813.04,-1897.2,-1874.54,-22.4843,-33.8668,15.0537,0
0,1,0,,-12.9532,962.646,-35.4648,963.386,1.58425,-0.036821,,-4.65076,474.543,-25.0478,475.226,1.5806,-0.0527316,,-7.78117,468.936,-14.9786,469.239,1.58739,-0.0319265,,-0.521244,19.1681,4.56159,19.7103,1.59798,0.233549,,-3867.75,-1923.41,-1908.17,-19.1681,-33.3923,16.3926,0,,0,0,0,0,0,0,0,,0,0,0,0,,-12.9532,962.646,-35.4648,963.386,1.58425,-0.036821,,-4.65076,474.543,-25.0478,475.226,1.5806,-0.0527316,,-7.78117,468.936,-14.9786,469.239,1.58739,-0.0319265,,-0.521244,19.1681,4.56159,19.7103,1.59798,0.233549,,-3867.75,-1923.41,-1908.17,-19.1681,-33.3923,16.3926,0
0,1.05,0,,17.565,956.829,-1.11083,956.991,1.55244,-0.00116075,,10.6806,472.157,1.04929,472.279,1.54818,0.00222177,,11.4517,465.22,1.74088,465.364,1.54619,0.0037409,,-4.56727,19.4521,-3.901,20.3583,1.80142,-0.192809,,-3884.84,-1935.37,-1912.45,-20.4247,-32.7944,16.2039,0,,0,0,0,0,0,0,0,,0,0,0,0,,17.565,956.829,-1.11083,956.991,1.55244,-0.00116075,,10.6806,472.157,1.04929,472.279,1.54818,0.00222177,,11.4517,465.22,1.74088,465.364,1.54619,0.0037409,,-4.56727,19.4521,-3.901,20.3583,1.80142,-0.192809,,-3884.84,-1935.37,-1912.45,-20.4247,-32.7944,16.2039,0
0,1.1,0,,24.0579,963.604,9.85672,963.954,1.54583,0.0102255,,-4.2345,473.824,15.4588,474.095,1.57973,0.0326127,,28.0635,470.013,2.21337,470.856,1.51116,0.00470076,,0.22883,19.7659,-7.81544,21.2562,1.55922,-0.376512,,-3959.66,-1965.01,-1956.39,-21.7425,-33.185,16.6576,0,,0,0,0,0,0,0,0,,0,0,0,0,,24.0579,963.604,9.85672,963.954,1.54583,0.0102255,,-4.2345,473.824,15.4588,474.095,1.57973,0.0326127,,28.0635,470.013,2.21337,470.856,1.51116,0.00470076,,0.22883,19.7659,-7.81544,21.2562,1.55922,-0.376512,,-3959.66,-1965.01,-1956.39,-21.7425,-33.185,16.6576,0
0,1.15,0,,17.6626,963.881,14.8916,964.158,1.55247,0.0154458,,9.00725,472.857,-11.9856,473.095,1.55175,-0.0253372,,9.11114,469.523,26.936,470.383,1.55139,0.0572953,,-0.45576,21.5007,-0.0587813,21.5056,1.59199,-0.00273331,,-3999.25,-1988.2,-1972.41,-24.7258,-34.3705,20.4562,0,,0,0,0,0,0,0,0,,0,0,0,0,,17.6626,963.881,14.8916,964.158,1.55247,0.0154458,,9.00725,472.857,-11.9856,473.095,1.55175,-0.0253372,,9.11114,469.523,26.936,470.383,1.55139,0.0572953,,-0.45576,21.5007,-0.0587813,21.5056,1.59199,-0.00273331,,-3999.25,-1988.2,-1972.41,-24.7258,-34.3705,20.4562,0
0,1.2,0,,-7.07466,962.556,1.23632,962.583,1.57815,0.00128438,,-0.181113,472.548,7.03632,472.601,1.57118,0.0148891,,-2.42613,471.379,-4.33522,471.405,1.57594,-0.00919651,,-4.46741,18.629,-1.46478,19.2131,1.80616,-0.0763127,,-4048.68,-2012.28,-2002.21,-22.3548,-32.9197,21.0803,0,,0,0,0,0,0,0,0,,0,0,0,0,,-7.07466,962.556,1.23632,962.583,1.57815,0.00128438,,-0.181113,472.548,7.03632,472.601,1.57118,0.0148891,,-2.42613,471.379,-4.33522,471.405,1.57594,-0.00919651,,-4.46741,18.629,-1.46478,19.2131,1.80616,-0.0763127,,-4048.68,-2012.28,-2002.21,-22.3548,-32.9197,21.0803,0
0,1.25,0,,11.03,964.051,6.40351,964.136,1.55936,0.00664175,,1.20637,473.614,-0.380597,473.616,1.56825,-0.000803598,,0.826663,470.781,4.05947,470.799,1.56904,0.00862263,,8.99697,19.6567,2.72463,21.7888,1.14155,0.125375,,-4099.35,-2034.14,-2029.21,-24.5708,-32.1439,20.7101,0,,0,0,0,0,0,0,0,,0,0,0,0,,11.03,964.051,6.40351,964.136,1.55936,0.00664175,,1.20637,473.614,-0.380597,473.616,1.56825,-0.000803598,,0.826663,470.781,4.05947,470.799,1.56904,0.00862263,,8.99697,19.6567,2.72463,21.7888,1.14155,0.125375,,-4099.35,-2034.14,-2029.21,-24.5708,-32.1439,20.7101,0
0,1.3,0,,-10.3721,964.966,3.60465,965.029,1.58154,0.00373529,,5.55721,473.082,3.31628,473.126,1.55905,0.00700936,,-1.95115,470.857,5.84386,470.897,1.57494,0.0124104,,-13.9781,21.0278,-5.55549,25.8538,2.15747,-0.21657,,-4146.88,-2055.75,-2048.7,-27.3361,-34.3257,19.2355,0,,0,0,0,0,0,0,0,,0,0,0,0,,-10.3721,964.966,3.60465,965.029,1.58154,0.00373529,,5.55721,473.082,3.31628,473.126,1.55905,0.00700936,,-1.95115,470.857,5.84386,470.897,1.57494,0.0124104,,-13.9781,21.0278,-5.55549,25.8538,2.15747,-0.21657,,-4146.88,-2055.75,-2048.7,-27.3361,-34.3257,19.2355,0
0,1.35,0,,-14.9285,965.87,-18.0043,966.153,1.58625,-0.0186361,,-22.4732,471.187,-21.8186,472.227,1.61846,-0.0462201,,7.22032,472.724,6.17823,472.82,1.55552,0.0130672,,0.324373,21.958,-2.36395,22.0872,1.55602,-0.107233,,-4204.65,-2077.22,-2085.17,-29.6433,-34.4058,21.7945,0,,0,0,0,0,0,0,0,,0,0,0,0,,-14.9285,965.87,-18.0043,966.153,1.58625,-0.0186361,,-22.4732,471.187,-21.8186,472.227,1.61846,-0.0462201,,7.22032,472.724,6.17823,472.82,1.55552,0.0130672,,0.324373,21.958,-2.36395,22.0872,1.55602,-0.107233,,-4204.65,-2077.22,-2085.17,-29.6433,-34.4058,21.7945,0
0,1.4,0,,20.1444,970.14,12.9609,970.436,1.55003,0.0133561,,-8.38271,475.793,3.86064,475.882,1.58841,0.00811268,,22.5878,472.426,5.71929,473,1.52302,0.0120918,,5.93924,21.9222,3.38093,22.9628,1.30622,0.147772,,-4260.47,-2114.76,-2103.74,-30.6911,-35.637,24.3556,0,,0,0,0,0,0,0,0,,0,0,0,0,,20.1444,970.14,12.9609,970.436,1.55003,0.0133561,,-8.38271,475.793,3.86064,475.882,1.58841,0.00811268,,22.5878,472.426,5.71929,473,1.52302,0.0120918,,5.93924,21.9222,3.38093,22.9628,1.30622,0.147772,,-4260.47,-2114.76,-2103.74,-30.6911,-35.637,24.3556,0
0,1.45,0,,30.9296,971.78,3.79337,972.279,1.53898,0.00390153,,19.8432,475.027,0.983734,475.442,1.52905,0.00206909,,10.0209,474.362,2.6743,474.476,1.54967,0.00563636,,1.0655,22.3902,0.135334,22.416,1.52324,0.00603742,,-4320.2,-2141.99,-2137.16,-32.4658,-34.9037,26.3133,0,,0,0,0,0,0,0,0,,0,0,0,0,,30.9296,971.78,3.79337,972.279,1.53898,0.00390153,,19.8432,475.027,0.983734,475.442,1.52905,0.00206909,,10.0209,474.362,2.6743,474.476,1.54967,0.00563636,,1.0655,22.3902,0.135334,22.416,1.52324,0.00603742,,-4320.2,-2141.99,-2137.16,-32.4658,-34.9037,26.3133,0
